vuelo_id,aerolinea_id,aeronave_id,ruta_id,numero_vuelo,fecha_salida_programada_utc,fecha_salida_real_utc,fecha_llegada_programada_utc,fecha_llegada_real_utc,estado_vuelo,motivo_cancelacion,terminal_salida,puerta_embarque,demora_salida_min,demora_llegada_min,fuente_sistema
V000001,AL01,AC001,RT001,AL011000,2026-01-01 04:00:00,,2026-01-01 05:20:00,,CANCELADO,MANTENIMIENTO,T2,,0,0,SIMULADOR_OPERACIONES
V000002,AL02,AC004,RT008,AL021001,2026-01-01 05:15:00,2026-01-01 05:15:00,2026-01-01 06:55:00,2026-01-01 06:55:00,REALIZADO,,T1,G2,0,0,SIMULADOR_OPERACIONES
V000003,AL03,AC007,RT015,AL031002,2026-01-01 06:30:00,2026-01-01 06:30:00,2026-01-01 09:45:00,2026-01-01 09:45:00,REALIZADO,,T1,G3,0,0,SIMULADOR_OPERACIONES
V000004,AL04,AC010,RT022,AL041003,2026-01-01 07:45:00,2026-01-01 07:45:00,2026-01-01 12:10:00,2026-01-01 12:10:00,REALIZADO,,T2,G4,0,0,SIMULADOR_OPERACIONES
V000005,AL05,AC013,RT007,AL051004,2026-01-01 08:00:00,2026-01-01 08:00:00,2026-01-01 09:40:00,2026-01-01 09:40:00,REALIZADO,,T1,G5,0,0,SIMULADOR_OPERACIONES
V000006,AL06,AC016,RT014,AL061005,2026-01-01 09:15:00,2026-01-01 09:23:00,2026-01-01 12:50:00,2026-01-01 12:56:00,REALIZADO,,T1,G6,8,6,SIMULADOR_OPERACIONES
V000007,AL01,AC002,RT021,AL011006,2026-01-01 10:30:00,2026-01-01 10:30:00,2026-01-01 14:55:00,2026-01-01 14:55:00,REALIZADO,,T2,G7,0,0,SIMULADOR_OPERACIONES
V000008,AL02,AC005,RT006,AL021007,2026-01-01 11:45:00,2026-01-01 13:22:00,2026-01-01 13:00:00,2026-01-01 14:37:00,DEMORADO,,T1,G8,97,97,SIMULADOR_OPERACIONES
V000009,AL03,AC008,RT013,AL031008,2026-01-01 12:00:00,2026-01-01 12:00:00,2026-01-01 15:35:00,2026-01-01 15:36:00,REALIZADO,,T1,G9,0,1,SIMULADOR_OPERACIONES
V000010,AL04,AC011,RT020,AL041009,2026-01-01 13:15:00,2026-01-01 13:15:00,2026-01-01 18:55:00,2026-01-01 18:57:00,REALIZADO,,T2,G10,0,2,SIMULADOR_OPERACIONES
V000011,AL05,AC014,RT005,AL051010,2026-01-01 14:30:00,2026-01-01 14:38:00,2026-01-01 15:45:00,2026-01-01 15:56:00,REALIZADO,,T1,G11,8,11,SIMULADOR_OPERACIONES
V000012,AL06,AC017,RT012,AL061011,2026-01-01 15:45:00,2026-01-01 15:45:00,2026-01-01 17:25:00,2026-01-01 17:29:00,REALIZADO,,T1,G12,0,4,SIMULADOR_OPERACIONES
V000013,AL01,AC003,RT019,AL011012,2026-01-01 16:00:00,2026-01-01 16:00:00,2026-01-01 21:40:00,2026-01-01 21:40:00,REALIZADO,,T2,G13,0,0,SIMULADOR_OPERACIONES
V000014,AL02,AC006,RT004,AL021013,2026-01-01 17:15:00,2026-01-01 17:15:00,2026-01-01 18:50:00,2026-01-01 18:50:00,REALIZADO,,T1,G14,0,0,SIMULADOR_OPERACIONES
V000015,AL03,AC009,RT011,AL031014,2026-01-02 18:30:00,2026-01-02 19:48:00,2026-01-02 20:10:00,2026-01-02 21:23:00,DEMORADO,,T1,G15,78,73,SIMULADOR_OPERACIONES
V000016,AL04,AC012,RT018,AL041015,2026-01-02 19:45:00,2026-01-02 19:53:00,2026-01-02 23:25:00,2026-01-02 23:29:00,REALIZADO,,T2,G16,8,4,SIMULADOR_OPERACIONES
V000017,AL05,AC015,RT003,AL051016,2026-01-02 20:00:00,2026-01-02 20:00:00,2026-01-02 21:35:00,2026-01-02 21:35:00,REALIZADO,,T1,G17,0,0,SIMULADOR_OPERACIONES
V000018,AL06,AC018,RT010,AL061017,2026-01-02 21:15:00,2026-01-02 21:15:00,2026-01-02 23:10:00,2026-01-02 23:10:00,REALIZADO,,T1,G18,0,0,SIMULADOR_OPERACIONES
V000019,AL01,AC001,RT017,AL011018,2026-01-02 04:30:00,2026-01-02 04:30:00,2026-01-02 08:10:00,2026-01-02 08:10:00,REALIZADO,,T2,G19,0,0,SIMULADOR_OPERACIONES
V000020,AL02,AC004,RT002,AL021019,2026-01-02 05:45:00,2026-01-02 05:45:00,2026-01-02 07:05:00,2026-01-02 07:05:00,REALIZADO,,T1,G20,0,0,SIMULADOR_OPERACIONES
V000021,AL03,AC007,RT009,AL031020,2026-01-02 06:00:00,2026-01-02 06:08:00,2026-01-02 07:55:00,2026-01-02 08:04:00,REALIZADO,,T1,G21,8,9,SIMULADOR_OPERACIONES
V000022,AL04,AC010,RT016,AL041021,2026-01-02 07:15:00,2026-01-02 08:14:00,2026-01-02 10:30:00,2026-01-02 11:31:00,DEMORADO,,T2,G22,59,61,SIMULADOR_OPERACIONES
V000023,AL05,AC013,RT002,AL051022,2026-01-02 08:30:00,2026-01-02 08:30:00,2026-01-02 09:50:00,2026-01-02 09:53:00,REALIZADO,,T1,G23,0,3,SIMULADOR_OPERACIONES
V000024,AL06,AC016,RT009,AL061023,2026-01-02 09:45:00,2026-01-02 09:45:00,2026-01-02 11:40:00,2026-01-02 11:44:00,REALIZADO,,T1,G24,0,4,SIMULADOR_OPERACIONES
V000025,AL01,AC002,RT016,AL011024,2026-01-02 10:00:00,2026-01-02 10:00:00,2026-01-02 13:15:00,2026-01-02 13:15:00,REALIZADO,,T2,G25,0,0,SIMULADOR_OPERACIONES
V000026,AL02,AC005,RT001,AL021025,2026-01-02 11:15:00,2026-01-02 11:23:00,2026-01-02 12:35:00,2026-01-02 12:37:00,REALIZADO,,T1,G26,8,2,SIMULADOR_OPERACIONES
V000027,AL03,AC008,RT008,AL031026,2026-01-02 12:30:00,2026-01-02 12:30:00,2026-01-02 14:10:00,2026-01-02 14:10:00,REALIZADO,,T1,G27,0,0,SIMULADOR_OPERACIONES
V000028,AL04,AC011,RT015,AL041027,2026-01-02 13:45:00,2026-01-02 13:45:00,2026-01-02 17:00:00,2026-01-02 17:00:00,REALIZADO,,T2,G28,0,0,SIMULADOR_OPERACIONES
V000029,AL05,AC014,RT022,AL051028,2026-01-03 14:00:00,2026-01-03 14:40:00,2026-01-03 18:25:00,2026-01-03 19:02:00,DEMORADO,,T1,G1,40,37,SIMULADOR_OPERACIONES
V000030,AL06,AC017,RT007,AL061029,2026-01-03 15:15:00,2026-01-03 15:15:00,2026-01-03 16:55:00,2026-01-03 16:55:00,REALIZADO,,T1,G2,0,0,SIMULADOR_OPERACIONES
V000031,AL01,AC003,RT014,AL011030,2026-01-03 16:30:00,2026-01-03 16:38:00,2026-01-03 20:05:00,2026-01-03 20:12:00,REALIZADO,,T2,G3,8,7,SIMULADOR_OPERACIONES
V000032,AL02,AC006,RT021,AL021031,2026-01-03 17:45:00,2026-01-03 17:45:00,2026-01-03 22:10:00,2026-01-03 22:10:00,REALIZADO,,T1,G4,0,0,SIMULADOR_OPERACIONES
V000033,AL03,AC009,RT006,AL031032,2026-01-03 18:00:00,2026-01-03 18:00:00,2026-01-03 19:15:00,2026-01-03 19:16:00,REALIZADO,,T1,G5,0,1,SIMULADOR_OPERACIONES
V000034,AL04,AC012,RT013,AL041033,2026-01-03 19:15:00,2026-01-03 19:15:00,2026-01-03 22:50:00,2026-01-03 22:52:00,REALIZADO,,T2,G6,0,2,SIMULADOR_OPERACIONES
V000035,AL05,AC015,RT020,AL051034,2026-01-03 20:30:00,2026-01-03 20:30:00,2026-01-04 02:10:00,2026-01-04 02:13:00,REALIZADO,,T1,G7,0,3,SIMULADOR_OPERACIONES
V000036,AL06,AC018,RT005,AL061035,2026-01-03 21:45:00,2026-01-03 22:06:00,2026-01-03 23:00:00,2026-01-03 23:25:00,DEMORADO,,T1,G8,21,25,SIMULADOR_OPERACIONES
V000037,AL01,AC001,RT012,AL011036,2026-01-03 04:00:00,2026-01-03 04:00:00,2026-01-03 05:40:00,2026-01-03 05:40:00,REALIZADO,,T2,G9,0,0,SIMULADOR_OPERACIONES
V000038,AL02,AC004,RT019,AL021037,2026-01-03 05:15:00,2026-01-03 05:15:00,2026-01-03 10:55:00,2026-01-03 10:55:00,REALIZADO,,T1,G10,0,0,SIMULADOR_OPERACIONES
V000039,AL03,AC007,RT004,AL031038,2026-01-03 06:30:00,2026-01-03 06:30:00,2026-01-03 08:05:00,2026-01-03 08:05:00,REALIZADO,,T1,G11,0,0,SIMULADOR_OPERACIONES
V000040,AL04,AC010,RT011,AL041039,2026-01-03 07:45:00,2026-01-03 07:45:00,2026-01-03 09:25:00,2026-01-03 09:25:00,REALIZADO,,T2,G12,0,0,SIMULADOR_OPERACIONES
V000041,AL05,AC013,RT018,AL051040,2026-01-03 08:00:00,2026-01-03 08:08:00,2026-01-03 11:40:00,2026-01-03 11:45:00,REALIZADO,,T1,G13,8,5,SIMULADOR_OPERACIONES
V000042,AL06,AC016,RT003,AL061041,2026-01-03 09:15:00,2026-01-03 09:15:00,2026-01-03 10:50:00,2026-01-03 10:50:00,REALIZADO,,T1,G14,0,0,SIMULADOR_OPERACIONES
V000043,AL01,AC002,RT010,AL011042,2026-01-04 10:30:00,2026-01-04 12:08:00,2026-01-04 12:25:00,2026-01-04 14:02:00,DEMORADO,,T2,G15,98,97,SIMULADOR_OPERACIONES
V000044,AL02,AC005,RT017,AL021043,2026-01-04 11:45:00,2026-01-04 11:45:00,2026-01-04 15:25:00,2026-01-04 15:25:00,REALIZADO,,T1,G16,0,0,SIMULADOR_OPERACIONES
V000045,AL03,AC008,RT003,AL031044,2026-01-04 12:00:00,2026-01-04 12:00:00,2026-01-04 13:35:00,2026-01-04 13:36:00,REALIZADO,,T1,G17,0,1,SIMULADOR_OPERACIONES
V000046,AL04,AC011,RT010,AL041045,2026-01-04 13:15:00,2026-01-04 13:23:00,2026-01-04 15:10:00,2026-01-04 15:20:00,REALIZADO,,T2,G18,8,10,SIMULADOR_OPERACIONES
V000047,AL05,AC014,RT017,AL051046,2026-01-04 14:30:00,2026-01-04 14:30:00,2026-01-04 18:10:00,2026-01-04 18:13:00,REALIZADO,,T1,G19,0,3,SIMULADOR_OPERACIONES
V000048,AL06,AC017,RT002,AL061047,2026-01-04 15:45:00,2026-01-04 15:45:00,2026-01-04 17:05:00,2026-01-04 17:09:00,REALIZADO,,T1,G20,0,4,SIMULADOR_OPERACIONES
V000049,AL01,AC003,RT009,AL011048,2026-01-04 16:00:00,2026-01-04 16:00:00,2026-01-04 17:55:00,2026-01-04 17:55:00,REALIZADO,,T2,G21,0,0,SIMULADOR_OPERACIONES
V000050,AL02,AC006,RT016,AL021049,2026-01-04 17:15:00,2026-01-04 18:34:00,2026-01-04 20:30:00,2026-01-04 21:43:00,DEMORADO,,T1,G22,79,73,SIMULADOR_OPERACIONES
V000051,AL03,AC009,RT001,AL031050,2026-01-04 18:30:00,2026-01-04 18:38:00,2026-01-04 19:50:00,2026-01-04 19:53:00,REALIZADO,,T1,G23,8,3,SIMULADOR_OPERACIONES
V000052,AL04,AC012,RT008,AL041051,2026-01-04 19:45:00,2026-01-04 19:45:00,2026-01-04 21:25:00,2026-01-04 21:25:00,REALIZADO,,T2,G24,0,0,SIMULADOR_OPERACIONES
V000053,AL05,AC015,RT015,AL051052,2026-01-04 20:00:00,2026-01-04 20:00:00,2026-01-04 23:15:00,2026-01-04 23:15:00,REALIZADO,,T1,G25,0,0,SIMULADOR_OPERACIONES
V000054,AL06,AC018,RT022,AL061053,2026-01-04 21:15:00,2026-01-04 21:15:00,2026-01-05 01:40:00,2026-01-05 01:40:00,REALIZADO,,T1,G26,0,0,SIMULADOR_OPERACIONES
V000055,AL01,AC001,RT007,AL011054,2026-01-04 04:30:00,2026-01-04 04:30:00,2026-01-04 06:10:00,2026-01-04 06:10:00,REALIZADO,,T2,G27,0,0,SIMULADOR_OPERACIONES
V000056,AL02,AC004,RT014,AL021055,2026-01-04 05:45:00,2026-01-04 05:53:00,2026-01-04 09:20:00,2026-01-04 09:28:00,REALIZADO,,T1,G28,8,8,SIMULADOR_OPERACIONES
V000057,AL03,AC007,RT021,AL031056,2026-01-05 06:00:00,2026-01-05 07:00:00,2026-01-05 10:25:00,2026-01-05 11:26:00,DEMORADO,,T1,G1,60,61,SIMULADOR_OPERACIONES
V000058,AL04,AC010,RT006,AL041057,2026-01-05 07:15:00,2026-01-05 07:15:00,2026-01-05 08:30:00,2026-01-05 08:32:00,REALIZADO,,T2,G2,0,2,SIMULADOR_OPERACIONES
V000059,AL05,AC013,RT013,AL051058,2026-01-05 08:30:00,2026-01-05 08:30:00,2026-01-05 12:05:00,2026-01-05 12:08:00,REALIZADO,,T1,G3,0,3,SIMULADOR_OPERACIONES
V000060,AL06,AC016,RT020,AL061059,2026-01-05 09:45:00,2026-01-05 09:45:00,2026-01-05 15:25:00,2026-01-05 15:29:00,REALIZADO,,T1,G4,0,4,SIMULADOR_OPERACIONES
V000061,AL01,AC002,RT005,AL011060,2026-01-05 10:00:00,2026-01-05 10:08:00,2026-01-05 11:15:00,2026-01-05 11:16:00,REALIZADO,,T2,G5,8,1,SIMULADOR_OPERACIONES
V000062,AL02,AC005,RT012,AL021061,2026-01-05 11:15:00,2026-01-05 11:15:00,2026-01-05 12:55:00,2026-01-05 12:55:00,REALIZADO,,T1,G6,0,0,SIMULADOR_OPERACIONES
V000063,AL03,AC008,RT019,AL031062,2026-01-05 12:30:00,2026-01-05 12:30:00,2026-01-05 18:10:00,2026-01-05 18:10:00,REALIZADO,,T1,G7,0,0,SIMULADOR_OPERACIONES
V000064,AL04,AC011,RT004,AL041063,2026-01-05 13:45:00,2026-01-05 14:26:00,2026-01-05 15:20:00,2026-01-05 15:57:00,DEMORADO,,T2,G8,41,37,SIMULADOR_OPERACIONES
V000065,AL05,AC014,RT011,AL051064,2026-01-05 14:00:00,2026-01-05 14:00:00,2026-01-05 15:40:00,2026-01-05 15:40:00,REALIZADO,,T1,G9,0,0,SIMULADOR_OPERACIONES
V000066,AL06,AC017,RT018,AL061065,2026-01-05 15:15:00,2026-01-05 15:23:00,2026-01-05 18:55:00,2026-01-05 19:01:00,REALIZADO,,T1,G10,8,6,SIMULADOR_OPERACIONES
V000067,AL01,AC003,RT004,AL011066,2026-01-05 16:30:00,2026-01-05 16:30:00,2026-01-05 18:05:00,2026-01-05 18:05:00,REALIZADO,,T2,G11,0,0,SIMULADOR_OPERACIONES
V000068,AL02,AC006,RT011,AL021067,2026-01-05 17:45:00,2026-01-05 17:45:00,2026-01-05 19:25:00,2026-01-05 19:25:00,REALIZADO,,T1,G12,0,0,SIMULADOR_OPERACIONES
V000069,AL03,AC009,RT018,AL031068,2026-01-05 18:00:00,2026-01-05 18:00:00,2026-01-05 21:40:00,2026-01-05 21:41:00,REALIZADO,,T1,G13,0,1,SIMULADOR_OPERACIONES
V000070,AL04,AC012,RT003,AL041069,2026-01-05 19:15:00,2026-01-05 19:15:00,2026-01-05 20:50:00,2026-01-05 20:52:00,REALIZADO,,T2,G14,0,2,SIMULADOR_OPERACIONES
V000071,AL05,AC015,RT010,AL051070,2026-01-06 20:30:00,2026-01-06 20:52:00,2026-01-06 22:25:00,2026-01-06 22:50:00,DEMORADO,,T1,G15,22,25,SIMULADOR_OPERACIONES
V000072,AL06,AC018,RT017,AL061071,2026-01-06 21:45:00,,2026-01-07 01:25:00,,CANCELADO,CLIMA,T1,,0,0,SIMULADOR_OPERACIONES
V000073,AL01,AC001,RT002,AL011072,2026-01-06 04:00:00,2026-01-06 04:00:00,2026-01-06 05:20:00,2026-01-06 05:20:00,REALIZADO,,T2,G17,0,0,SIMULADOR_OPERACIONES
V000074,AL02,AC004,RT009,AL021073,2026-01-06 05:15:00,2026-01-06 05:15:00,2026-01-06 07:10:00,2026-01-06 07:10:00,REALIZADO,,T1,G18,0,0,SIMULADOR_OPERACIONES
V000075,AL03,AC007,RT016,AL031074,2026-01-06 06:30:00,2026-01-06 06:30:00,2026-01-06 09:45:00,2026-01-06 09:45:00,REALIZADO,,T1,G19,0,0,SIMULADOR_OPERACIONES
V000076,AL04,AC010,RT001,AL041075,2026-01-06 07:45:00,2026-01-06 07:53:00,2026-01-06 09:05:00,2026-01-06 09:09:00,REALIZADO,,T2,G20,8,4,SIMULADOR_OPERACIONES
V000077,AL05,AC013,RT008,AL051076,2026-01-06 08:00:00,2026-01-06 08:00:00,2026-01-06 09:40:00,2026-01-06 09:40:00,REALIZADO,,T1,G21,0,0,SIMULADOR_OPERACIONES
V000078,AL06,AC016,RT015,AL061077,2026-01-06 09:15:00,2026-01-06 10:54:00,2026-01-06 12:30:00,2026-01-06 14:07:00,DEMORADO,,T1,G22,99,97,SIMULADOR_OPERACIONES
V000079,AL01,AC002,RT022,AL011078,2026-01-06 10:30:00,2026-01-06 10:30:00,2026-01-06 14:55:00,2026-01-06 14:55:00,REALIZADO,,T2,G23,0,0,SIMULADOR_OPERACIONES
V000080,AL02,AC005,RT007,AL021079,2026-01-06 11:45:00,2026-01-06 11:45:00,2026-01-06 13:25:00,2026-01-06 13:25:00,REALIZADO,,T1,G24,0,0,SIMULADOR_OPERACIONES
V000081,AL03,AC008,RT014,AL031080,2026-01-06 12:00:00,2026-01-06 12:08:00,2026-01-06 15:35:00,2026-01-06 15:44:00,REALIZADO,,T1,G25,8,9,SIMULADOR_OPERACIONES
V000082,AL04,AC011,RT021,AL041081,2026-01-06 13:15:00,2026-01-06 13:15:00,2026-01-06 17:40:00,2026-01-06 17:42:00,REALIZADO,,T2,G26,0,2,SIMULADOR_OPERACIONES
V000083,AL05,AC014,RT006,AL051082,2026-01-06 14:30:00,2026-01-06 14:30:00,2026-01-06 15:45:00,2026-01-06 15:48:00,REALIZADO,,T1,G27,0,3,SIMULADOR_OPERACIONES
V000084,AL06,AC017,RT013,AL061083,2026-01-06 15:45:00,2026-01-06 15:45:00,2026-01-06 19:20:00,2026-01-06 19:24:00,REALIZADO,,T1,G28,0,4,SIMULADOR_OPERACIONES
V000085,AL01,AC003,RT020,AL011084,2026-01-07 16:00:00,2026-01-07 17:20:00,2026-01-07 21:40:00,2026-01-07 22:53:00,DEMORADO,,T2,G1,80,73,SIMULADOR_OPERACIONES
V000086,AL02,AC006,RT005,AL021085,2026-01-07 17:15:00,2026-01-07 17:23:00,2026-01-07 18:30:00,2026-01-07 18:32:00,REALIZADO,,T1,G2,8,2,SIMULADOR_OPERACIONES
V000087,AL03,AC009,RT012,AL031086,2026-01-07 18:30:00,2026-01-07 18:30:00,2026-01-07 20:10:00,2026-01-07 20:10:00,REALIZADO,,T1,G3,0,0,SIMULADOR_OPERACIONES
V000088,AL04,AC012,RT019,AL041087,2026-01-07 19:45:00,2026-01-07 19:45:00,2026-01-08 01:25:00,2026-01-08 01:25:00,REALIZADO,,T2,G4,0,0,SIMULADOR_OPERACIONES
V000089,AL05,AC015,RT005,AL051088,2026-01-07 20:00:00,2026-01-07 20:00:00,2026-01-07 21:15:00,2026-01-07 21:15:00,REALIZADO,,T1,G5,0,0,SIMULADOR_OPERACIONES
V000090,AL06,AC018,RT012,AL061089,2026-01-07 21:15:00,2026-01-07 21:15:00,2026-01-07 22:55:00,2026-01-07 22:55:00,REALIZADO,,T1,G6,0,0,SIMULADOR_OPERACIONES
V000091,AL01,AC001,RT019,AL011090,2026-01-07 04:30:00,2026-01-07 04:38:00,2026-01-07 10:10:00,2026-01-07 10:17:00,REALIZADO,,T2,G7,8,7,SIMULADOR_OPERACIONES
V000092,AL02,AC004,RT004,AL021091,2026-01-07 05:45:00,2026-01-07 06:46:00,2026-01-07 07:20:00,2026-01-07 08:21:00,DEMORADO,,T1,G8,61,61,SIMULADOR_OPERACIONES
V000093,AL03,AC007,RT011,AL031092,2026-01-07 06:00:00,2026-01-07 06:00:00,2026-01-07 07:40:00,2026-01-07 07:41:00,REALIZADO,,T1,G9,0,1,SIMULADOR_OPERACIONES
V000094,AL04,AC010,RT018,AL041093,2026-01-07 07:15:00,2026-01-07 07:15:00,2026-01-07 10:55:00,2026-01-07 10:57:00,REALIZADO,,T2,G10,0,2,SIMULADOR_OPERACIONES
V000095,AL05,AC013,RT003,AL051094,2026-01-07 08:30:00,2026-01-07 08:30:00,2026-01-07 10:05:00,2026-01-07 10:08:00,REALIZADO,,T1,G11,0,3,SIMULADOR_OPERACIONES
V000096,AL06,AC016,RT010,AL061095,2026-01-07 09:45:00,2026-01-07 09:53:00,2026-01-07 11:40:00,2026-01-07 11:52:00,REALIZADO,,T1,G12,8,12,SIMULADOR_OPERACIONES
V000097,AL01,AC002,RT017,AL011096,2026-01-07 10:00:00,2026-01-07 10:00:00,2026-01-07 13:40:00,2026-01-07 13:40:00,REALIZADO,,T2,G13,0,0,SIMULADOR_OPERACIONES
V000098,AL02,AC005,RT002,AL021097,2026-01-07 11:15:00,2026-01-07 11:15:00,2026-01-07 12:35:00,2026-01-07 12:35:00,REALIZADO,,T1,G14,0,0,SIMULADOR_OPERACIONES
V000099,AL03,AC008,RT009,AL031098,2026-01-08 12:30:00,2026-01-08 13:12:00,2026-01-08 14:25:00,2026-01-08 15:02:00,DEMORADO,,T1,G15,42,37,SIMULADOR_OPERACIONES
V000100,AL04,AC011,RT016,AL041099,2026-01-08 13:45:00,2026-01-08 13:45:00,2026-01-08 17:00:00,2026-01-08 17:00:00,REALIZADO,,T2,G16,0,0,SIMULADOR_OPERACIONES
V000101,AL05,AC014,RT001,AL051100,2026-01-08 14:00:00,2026-01-08 14:08:00,2026-01-08 15:20:00,2026-01-08 15:25:00,REALIZADO,,T1,G17,8,5,SIMULADOR_OPERACIONES
V000102,AL06,AC017,RT008,AL061101,2026-01-08 15:15:00,2026-01-08 15:15:00,2026-01-08 16:55:00,2026-01-08 16:55:00,REALIZADO,,T1,G18,0,0,SIMULADOR_OPERACIONES
V000103,AL01,AC003,RT015,AL011102,2026-01-08 16:30:00,2026-01-08 16:30:00,2026-01-08 19:45:00,2026-01-08 19:45:00,REALIZADO,,T2,G19,0,0,SIMULADOR_OPERACIONES
V000104,AL02,AC006,RT022,AL021103,2026-01-08 17:45:00,2026-01-08 17:45:00,2026-01-08 22:10:00,2026-01-08 22:10:00,REALIZADO,,T1,G20,0,0,SIMULADOR_OPERACIONES
V000105,AL03,AC009,RT007,AL031104,2026-01-08 18:00:00,2026-01-08 18:00:00,2026-01-08 19:40:00,2026-01-08 19:41:00,REALIZADO,,T1,G21,0,1,SIMULADOR_OPERACIONES
V000106,AL04,AC012,RT014,AL041105,2026-01-08 19:15:00,2026-01-08 19:38:00,2026-01-08 22:50:00,2026-01-08 23:15:00,DEMORADO,,T2,G22,23,25,SIMULADOR_OPERACIONES
V000107,AL05,AC015,RT021,AL051106,2026-01-08 20:30:00,2026-01-08 20:30:00,2026-01-09 00:55:00,2026-01-09 00:58:00,REALIZADO,,T1,G23,0,3,SIMULADOR_OPERACIONES
V000108,AL06,AC018,RT006,AL061107,2026-01-08 21:45:00,2026-01-08 21:45:00,2026-01-08 23:00:00,2026-01-08 23:04:00,REALIZADO,,T1,G24,0,4,SIMULADOR_OPERACIONES
V000109,AL01,AC001,RT013,AL011108,2026-01-08 04:00:00,2026-01-08 04:00:00,2026-01-08 07:35:00,2026-01-08 07:35:00,REALIZADO,,T2,G25,0,0,SIMULADOR_OPERACIONES
V000110,AL02,AC004,RT020,AL021109,2026-01-08 05:15:00,2026-01-08 05:15:00,2026-01-08 10:55:00,2026-01-08 10:55:00,REALIZADO,,T1,G26,0,0,SIMULADOR_OPERACIONES
V000111,AL03,AC007,RT006,AL031110,2026-01-08 06:30:00,2026-01-08 06:38:00,2026-01-08 07:45:00,2026-01-08 07:48:00,REALIZADO,,T1,G27,8,3,SIMULADOR_OPERACIONES
V000112,AL04,AC010,RT013,AL041111,2026-01-08 07:45:00,2026-01-08 07:45:00,2026-01-08 11:20:00,2026-01-08 11:20:00,REALIZADO,,T2,G28,0,0,SIMULADOR_OPERACIONES
V000113,AL05,AC013,RT020,AL051112,2026-01-09 08:00:00,2026-01-09 09:40:00,2026-01-09 13:40:00,2026-01-09 15:17:00,DEMORADO,,T1,G1,100,97,SIMULADOR_OPERACIONES
V000114,AL06,AC016,RT005,AL061113,2026-01-09 09:15:00,2026-01-09 09:15:00,2026-01-09 10:30:00,2026-01-09 10:30:00,REALIZADO,,T1,G2,0,0,SIMULADOR_OPERACIONES
V000115,AL01,AC002,RT012,AL011114,2026-01-09 10:30:00,2026-01-09 10:30:00,2026-01-09 12:10:00,2026-01-09 12:10:00,REALIZADO,,T2,G3,0,0,SIMULADOR_OPERACIONES
V000116,AL02,AC005,RT019,AL021115,2026-01-09 11:45:00,2026-01-09 11:53:00,2026-01-09 17:25:00,2026-01-09 17:33:00,REALIZADO,,T1,G4,8,8,SIMULADOR_OPERACIONES
V000117,AL03,AC008,RT004,AL031116,2026-01-09 12:00:00,2026-01-09 12:00:00,2026-01-09 13:35:00,2026-01-09 13:36:00,REALIZADO,,T1,G5,0,1,SIMULADOR_OPERACIONES
V000118,AL04,AC011,RT011,AL041117,2026-01-09 13:15:00,2026-01-09 13:15:00,2026-01-09 14:55:00,2026-01-09 14:57:00,REALIZADO,,T2,G6,0,2,SIMULADOR_OPERACIONES
V000119,AL05,AC014,RT018,AL051118,2026-01-09 14:30:00,2026-01-09 14:30:00,2026-01-09 18:10:00,2026-01-09 18:13:00,REALIZADO,,T1,G7,0,3,SIMULADOR_OPERACIONES
V000120,AL06,AC017,RT003,AL061119,2026-01-09 15:45:00,2026-01-09 17:06:00,2026-01-09 17:20:00,2026-01-09 18:45:00,DEMORADO,,T1,G8,81,85,SIMULADOR_OPERACIONES
V000121,AL01,AC003,RT010,AL011120,2026-01-09 16:00:00,2026-01-09 16:08:00,2026-01-09 17:55:00,2026-01-09 17:56:00,REALIZADO,,T2,G9,8,1,SIMULADOR_OPERACIONES
V000122,AL02,AC006,RT017,AL021121,2026-01-09 17:15:00,2026-01-09 17:15:00,2026-01-09 20:55:00,2026-01-09 20:55:00,REALIZADO,,T1,G10,0,0,SIMULADOR_OPERACIONES
V000123,AL03,AC009,RT002,AL031122,2026-01-09 18:30:00,2026-01-09 18:30:00,2026-01-09 19:50:00,2026-01-09 19:50:00,REALIZADO,,T1,G11,0,0,SIMULADOR_OPERACIONES
V000124,AL04,AC012,RT009,AL041123,2026-01-09 19:45:00,2026-01-09 19:45:00,2026-01-09 21:40:00,2026-01-09 21:40:00,REALIZADO,,T2,G12,0,0,SIMULADOR_OPERACIONES
V000125,AL05,AC015,RT016,AL051124,2026-01-09 20:00:00,2026-01-09 20:00:00,2026-01-09 23:15:00,2026-01-09 23:15:00,REALIZADO,,T1,G13,0,0,SIMULADOR_OPERACIONES
V000126,AL06,AC018,RT001,AL061125,2026-01-09 21:15:00,2026-01-09 21:23:00,2026-01-09 22:35:00,2026-01-09 22:41:00,REALIZADO,,T1,G14,8,6,SIMULADOR_OPERACIONES
V000127,AL01,AC001,RT008,AL011126,2026-01-10 04:30:00,2026-01-10 05:32:00,2026-01-10 06:10:00,2026-01-10 07:11:00,DEMORADO,,T2,G15,62,61,SIMULADOR_OPERACIONES
V000128,AL02,AC004,RT015,AL021127,2026-01-10 05:45:00,2026-01-10 05:45:00,2026-01-10 09:00:00,2026-01-10 09:00:00,REALIZADO,,T1,G16,0,0,SIMULADOR_OPERACIONES
V000129,AL03,AC007,RT022,AL031128,2026-01-10 06:00:00,2026-01-10 06:00:00,2026-01-10 10:25:00,2026-01-10 10:26:00,REALIZADO,,T1,G17,0,1,SIMULADOR_OPERACIONES
V000130,AL04,AC010,RT007,AL041129,2026-01-10 07:15:00,2026-01-10 07:15:00,2026-01-10 08:55:00,2026-01-10 08:57:00,REALIZADO,,T2,G18,0,2,SIMULADOR_OPERACIONES
V000131,AL05,AC013,RT014,AL051130,2026-01-10 08:30:00,2026-01-10 08:38:00,2026-01-10 12:05:00,2026-01-10 12:16:00,REALIZADO,,T1,G19,8,11,SIMULADOR_OPERACIONES
V000132,AL06,AC016,RT021,AL061131,2026-01-10 09:45:00,2026-01-10 09:45:00,2026-01-10 14:10:00,2026-01-10 14:14:00,REALIZADO,,T1,G20,0,4,SIMULADOR_OPERACIONES
V000133,AL01,AC002,RT007,AL011132,2026-01-10 10:00:00,2026-01-10 10:00:00,2026-01-10 11:40:00,2026-01-10 11:40:00,REALIZADO,,T2,G21,0,0,SIMULADOR_OPERACIONES
V000134,AL02,AC005,RT014,AL021133,2026-01-10 11:15:00,2026-01-10 11:58:00,2026-01-10 14:50:00,2026-01-10 15:27:00,DEMORADO,,T1,G22,43,37,SIMULADOR_OPERACIONES
V000135,AL03,AC008,RT021,AL031134,2026-01-10 12:30:00,2026-01-10 12:30:00,2026-01-10 16:55:00,2026-01-10 16:55:00,REALIZADO,,T1,G23,0,0,SIMULADOR_OPERACIONES
V000136,AL04,AC011,RT006,AL041135,2026-01-10 13:45:00,2026-01-10 13:53:00,2026-01-10 15:00:00,2026-01-10 15:04:00,REALIZADO,,T2,G24,8,4,SIMULADOR_OPERACIONES
V000137,AL05,AC014,RT013,AL051136,2026-01-10 14:00:00,2026-01-10 14:00:00,2026-01-10 17:35:00,2026-01-10 17:35:00,REALIZADO,,T1,G25,0,0,SIMULADOR_OPERACIONES
V000138,AL06,AC017,RT020,AL061137,2026-01-10 15:15:00,2026-01-10 15:15:00,2026-01-10 20:55:00,2026-01-10 20:55:00,REALIZADO,,T1,G26,0,0,SIMULADOR_OPERACIONES
V000139,AL01,AC003,RT005,AL011138,2026-01-10 16:30:00,2026-01-10 16:30:00,2026-01-10 17:45:00,2026-01-10 17:45:00,REALIZADO,,T2,G27,0,0,SIMULADOR_OPERACIONES
V000140,AL02,AC006,RT012,AL021139,2026-01-10 17:45:00,2026-01-10 17:45:00,2026-01-10 19:25:00,2026-01-10 19:25:00,REALIZADO,,T1,G28,0,0,SIMULADOR_OPERACIONES
V000141,AL03,AC009,RT019,AL031140,2026-01-11 18:00:00,2026-01-11 18:24:00,2026-01-11 23:40:00,2026-01-12 00:05:00,DEMORADO,,T1,G1,24,25,SIMULADOR_OPERACIONES
V000142,AL04,AC012,RT004,AL041141,2026-01-11 19:15:00,2026-01-11 19:15:00,2026-01-11 20:50:00,2026-01-11 20:52:00,REALIZADO,,T2,G2,0,2,SIMULADOR_OPERACIONES
V000143,AL05,AC015,RT011,AL051142,2026-01-11 20:30:00,,2026-01-11 22:10:00,,CANCELADO,MANTENIMIENTO,T1,,0,0,SIMULADOR_OPERACIONES
V000144,AL06,AC018,RT018,AL061143,2026-01-11 21:45:00,2026-01-11 21:45:00,2026-01-12 01:25:00,2026-01-12 01:29:00,REALIZADO,,T1,G4,0,4,SIMULADOR_OPERACIONES
V000145,AL01,AC001,RT003,AL011144,2026-01-11 04:00:00,2026-01-11 04:00:00,2026-01-11 05:35:00,2026-01-11 05:35:00,REALIZADO,,T2,G5,0,0,SIMULADOR_OPERACIONES
V000146,AL02,AC004,RT010,AL021145,2026-01-11 05:15:00,2026-01-11 05:23:00,2026-01-11 07:10:00,2026-01-11 07:12:00,REALIZADO,,T1,G6,8,2,SIMULADOR_OPERACIONES
V000147,AL03,AC007,RT017,AL031146,2026-01-11 06:30:00,2026-01-11 06:30:00,2026-01-11 10:10:00,2026-01-11 10:10:00,REALIZADO,,T1,G7,0,0,SIMULADOR_OPERACIONES
V000148,AL04,AC010,RT002,AL041147,2026-01-11 07:45:00,2026-01-11 09:26:00,2026-01-11 09:05:00,2026-01-11 10:42:00,DEMORADO,,T2,G8,101,97,SIMULADOR_OPERACIONES
V000149,AL05,AC013,RT009,AL051148,2026-01-11 08:00:00,2026-01-11 08:00:00,2026-01-11 09:55:00,2026-01-11 09:55:00,REALIZADO,,T1,G9,0,0,SIMULADOR_OPERACIONES
V000150,AL06,AC016,RT016,AL061149,2026-01-11 09:15:00,2026-01-11 09:15:00,2026-01-11 12:30:00,2026-01-11 12:30:00,REALIZADO,,T1,G10,0,0,SIMULADOR_OPERACIONES
V000151,AL01,AC002,RT001,AL011150,2026-01-11 10:30:00,2026-01-11 10:38:00,2026-01-11 11:50:00,2026-01-11 11:57:00,REALIZADO,,T2,G11,8,7,SIMULADOR_OPERACIONES
V000152,AL02,AC005,RT008,AL021151,2026-01-11 11:45:00,2026-01-11 11:45:00,2026-01-11 13:25:00,2026-01-11 13:25:00,REALIZADO,,T1,G12,0,0,SIMULADOR_OPERACIONES
V000153,AL03,AC008,RT015,AL031152,2026-01-11 12:00:00,2026-01-11 12:00:00,2026-01-11 15:15:00,2026-01-11 15:16:00,REALIZADO,,T1,G13,0,1,SIMULADOR_OPERACIONES
V000154,AL04,AC011,RT022,AL041153,2026-01-11 13:15:00,2026-01-11 13:15:00,2026-01-11 17:40:00,2026-01-11 17:42:00,REALIZADO,,T2,G14,0,2,SIMULADOR_OPERACIONES
V000155,AL05,AC014,RT008,AL051154,2026-01-12 14:30:00,2026-01-12 15:52:00,2026-01-12 16:10:00,2026-01-12 17:35:00,DEMORADO,,T1,G15,82,85,SIMULADOR_OPERACIONES
V000156,AL06,AC017,RT015,AL061155,2026-01-12 15:45:00,2026-01-12 15:53:00,2026-01-12 19:00:00,2026-01-12 19:12:00,REALIZADO,,T1,G16,8,12,SIMULADOR_OPERACIONES
V000157,AL01,AC003,RT022,AL011156,2026-01-12 16:00:00,2026-01-12 16:00:00,2026-01-12 20:25:00,2026-01-12 20:25:00,REALIZADO,,T2,G17,0,0,SIMULADOR_OPERACIONES
V000158,AL02,AC006,RT007,AL021157,2026-01-12 17:15:00,2026-01-12 17:15:00,2026-01-12 18:55:00,2026-01-12 18:55:00,REALIZADO,,T1,G18,0,0,SIMULADOR_OPERACIONES
V000159,AL03,AC009,RT014,AL031158,2026-01-12 18:30:00,2026-01-12 18:30:00,2026-01-12 22:05:00,2026-01-12 22:05:00,REALIZADO,,T1,G19,0,0,SIMULADOR_OPERACIONES
V000160,AL04,AC012,RT021,AL041159,2026-01-12 19:45:00,2026-01-12 19:45:00,2026-01-13 00:10:00,2026-01-13 00:10:00,REALIZADO,,T2,G20,0,0,SIMULADOR_OPERACIONES
V000161,AL05,AC015,RT006,AL051160,2026-01-12 20:00:00,2026-01-12 20:08:00,2026-01-12 21:15:00,2026-01-12 21:20:00,REALIZADO,,T1,G21,8,5,SIMULADOR_OPERACIONES
V000162,AL06,AC018,RT013,AL061161,2026-01-12 21:15:00,2026-01-12 22:18:00,2026-01-13 00:50:00,2026-01-13 01:51:00,DEMORADO,,T1,G22,63,61,SIMULADOR_OPERACIONES
V000163,AL01,AC001,RT020,AL011162,2026-01-12 04:30:00,2026-01-12 04:30:00,2026-01-12 10:10:00,2026-01-12 10:10:00,REALIZADO,,T2,G23,0,0,SIMULADOR_OPERACIONES
V000164,AL02,AC004,RT005,AL021163,2026-01-12 05:45:00,2026-01-12 05:45:00,2026-01-12 07:00:00,2026-01-12 07:00:00,REALIZADO,,T1,G24,0,0,SIMULADOR_OPERACIONES
V000165,AL03,AC007,RT012,AL031164,2026-01-12 06:00:00,2026-01-12 06:00:00,2026-01-12 07:40:00,2026-01-12 07:41:00,REALIZADO,,T1,G25,0,1,SIMULADOR_OPERACIONES
V000166,AL04,AC010,RT019,AL041165,2026-01-12 07:15:00,2026-01-12 07:23:00,2026-01-12 12:55:00,2026-01-12 13:05:00,REALIZADO,,T2,G26,8,10,SIMULADOR_OPERACIONES
V000167,AL05,AC013,RT004,AL051166,2026-01-12 08:30:00,2026-01-12 08:30:00,2026-01-12 10:05:00,2026-01-12 10:08:00,REALIZADO,,T1,G27,0,3,SIMULADOR_OPERACIONES
V000168,AL06,AC016,RT011,AL061167,2026-01-12 09:45:00,2026-01-12 09:45:00,2026-01-12 11:25:00,2026-01-12 11:29:00,REALIZADO,,T1,G28,0,4,SIMULADOR_OPERACIONES
V000169,AL01,AC002,RT018,AL011168,2026-01-13 10:00:00,2026-01-13 10:44:00,2026-01-13 13:40:00,2026-01-13 14:17:00,DEMORADO,,T2,G1,44,37,SIMULADOR_OPERACIONES
V000170,AL02,AC005,RT003,AL021169,2026-01-13 11:15:00,2026-01-13 11:15:00,2026-01-13 12:50:00,2026-01-13 12:50:00,REALIZADO,,T1,G2,0,0,SIMULADOR_OPERACIONES
V000171,AL03,AC008,RT010,AL031170,2026-01-13 12:30:00,2026-01-13 12:38:00,2026-01-13 14:25:00,2026-01-13 14:28:00,REALIZADO,,T1,G3,8,3,SIMULADOR_OPERACIONES
V000172,AL04,AC011,RT017,AL041171,2026-01-13 13:45:00,2026-01-13 13:45:00,2026-01-13 17:25:00,2026-01-13 17:25:00,REALIZADO,,T2,G4,0,0,SIMULADOR_OPERACIONES
V000173,AL05,AC014,RT002,AL051172,2026-01-13 14:00:00,2026-01-13 14:00:00,2026-01-13 15:20:00,2026-01-13 15:20:00,REALIZADO,,T1,G5,0,0,SIMULADOR_OPERACIONES
V000174,AL06,AC017,RT009,AL061173,2026-01-13 15:15:00,2026-01-13 15:15:00,2026-01-13 17:10:00,2026-01-13 17:10:00,REALIZADO,,T1,G6,0,0,SIMULADOR_OPERACIONES
V000175,AL01,AC003,RT016,AL011174,2026-01-13 16:30:00,2026-01-13 16:30:00,2026-01-13 19:45:00,2026-01-13 19:45:00,REALIZADO,,T2,G7,0,0,SIMULADOR_OPERACIONES
V000176,AL02,AC006,RT001,AL021175,2026-01-13 17:45:00,2026-01-13 18:10:00,2026-01-13 19:05:00,2026-01-13 19:30:00,DEMORADO,,T1,G8,25,25,SIMULADOR_OPERACIONES
V000177,AL03,AC009,RT009,AL031176,2026-01-13 18:00:00,2026-01-13 18:00:00,2026-01-13 19:55:00,2026-01-13 19:56:00,REALIZADO,,T1,G9,0,1,SIMULADOR_OPERACIONES
V000178,AL04,AC012,RT016,AL041177,2026-01-13 19:15:00,2026-01-13 19:15:00,2026-01-13 22:30:00,2026-01-13 22:32:00,REALIZADO,,T2,G10,0,2,SIMULADOR_OPERACIONES
V000179,AL05,AC015,RT001,AL051178,2026-01-13 20:30:00,2026-01-13 20:30:00,2026-01-13 21:50:00,2026-01-13 21:53:00,REALIZADO,,T1,G11,0,3,SIMULADOR_OPERACIONES
V000180,AL06,AC018,RT008,AL061179,2026-01-13 21:45:00,2026-01-13 21:45:00,2026-01-13 23:25:00,2026-01-13 23:29:00,REALIZADO,,T1,G12,0,4,SIMULADOR_OPERACIONES
V000181,AL01,AC001,RT015,AL011180,2026-01-13 04:00:00,2026-01-13 04:08:00,2026-01-13 07:15:00,2026-01-13 07:16:00,REALIZADO,,T2,G13,8,1,SIMULADOR_OPERACIONES
V000182,AL02,AC004,RT022,AL021181,2026-01-13 05:15:00,2026-01-13 05:15:00,2026-01-13 09:40:00,2026-01-13 09:40:00,REALIZADO,,T1,G14,0,0,SIMULADOR_OPERACIONES
V000183,AL03,AC007,RT007,AL031182,2026-01-14 06:30:00,2026-01-14 08:12:00,2026-01-14 08:10:00,2026-01-14 09:47:00,DEMORADO,,T1,G15,102,97,SIMULADOR_OPERACIONES
V000184,AL04,AC010,RT014,AL041183,2026-01-14 07:45:00,2026-01-14 07:45:00,2026-01-14 11:20:00,2026-01-14 11:20:00,REALIZADO,,T2,G16,0,0,SIMULADOR_OPERACIONES
V000185,AL05,AC013,RT021,AL051184,2026-01-14 08:00:00,2026-01-14 08:00:00,2026-01-14 12:25:00,2026-01-14 12:25:00,REALIZADO,,T1,G17,0,0,SIMULADOR_OPERACIONES
V000186,AL06,AC016,RT006,AL061185,2026-01-14 09:15:00,2026-01-14 09:23:00,2026-01-14 10:30:00,2026-01-14 10:36:00,REALIZADO,,T1,G18,8,6,SIMULADOR_OPERACIONES
V000187,AL01,AC002,RT013,AL011186,2026-01-14 10:30:00,2026-01-14 10:30:00,2026-01-14 14:05:00,2026-01-14 14:05:00,REALIZADO,,T2,G19,0,0,SIMULADOR_OPERACIONES
V000188,AL02,AC005,RT020,AL021187,2026-01-14 11:45:00,2026-01-14 11:45:00,2026-01-14 17:25:00,2026-01-14 17:25:00,REALIZADO,,T1,G20,0,0,SIMULADOR_OPERACIONES
V000189,AL03,AC008,RT005,AL031188,2026-01-14 12:00:00,2026-01-14 12:00:00,2026-01-14 13:15:00,2026-01-14 13:16:00,REALIZADO,,T1,G21,0,1,SIMULADOR_OPERACIONES
V000190,AL04,AC011,RT012,AL041189,2026-01-14 13:15:00,2026-01-14 14:38:00,2026-01-14 14:55:00,2026-01-14 16:20:00,DEMORADO,,T2,G22,83,85,SIMULADOR_OPERACIONES
V000191,AL05,AC014,RT019,AL051190,2026-01-14 14:30:00,2026-01-14 14:38:00,2026-01-14 20:10:00,2026-01-14 20:21:00,REALIZADO,,T1,G23,8,11,SIMULADOR_OPERACIONES
V000192,AL06,AC017,RT004,AL061191,2026-01-14 15:45:00,2026-01-14 15:45:00,2026-01-14 17:20:00,2026-01-14 17:24:00,REALIZADO,,T1,G24,0,4,SIMULADOR_OPERACIONES
V000193,AL01,AC003,RT011,AL011192,2026-01-14 16:00:00,2026-01-14 16:00:00,2026-01-14 17:40:00,2026-01-14 17:40:00,REALIZADO,,T2,G25,0,0,SIMULADOR_OPERACIONES
V000194,AL02,AC006,RT018,AL021193,2026-01-14 17:15:00,2026-01-14 17:15:00,2026-01-14 20:55:00,2026-01-14 20:55:00,REALIZADO,,T1,G26,0,0,SIMULADOR_OPERACIONES
V000195,AL03,AC009,RT003,AL031194,2026-01-14 18:30:00,2026-01-14 18:30:00,2026-01-14 20:05:00,2026-01-14 20:05:00,REALIZADO,,T1,G27,0,0,SIMULADOR_OPERACIONES
V000196,AL04,AC012,RT010,AL041195,2026-01-14 19:45:00,2026-01-14 19:53:00,2026-01-14 21:40:00,2026-01-14 21:44:00,REALIZADO,,T2,G28,8,4,SIMULADOR_OPERACIONES
V000197,AL05,AC015,RT017,AL051196,2026-01-15 20:00:00,2026-01-15 21:04:00,2026-01-15 23:40:00,2026-01-16 00:41:00,DEMORADO,,T1,G1,64,61,SIMULADOR_OPERACIONES
V000198,AL06,AC018,RT002,AL061197,2026-01-15 21:15:00,2026-01-15 21:15:00,2026-01-15 22:35:00,2026-01-15 22:35:00,REALIZADO,,T1,G2,0,0,SIMULADOR_OPERACIONES
V000199,AL01,AC001,RT010,AL011198,2026-01-15 04:30:00,2026-01-15 04:30:00,2026-01-15 06:25:00,2026-01-15 06:25:00,REALIZADO,,T2,G3,0,0,SIMULADOR_OPERACIONES
V000200,AL02,AC004,RT017,AL021199,2026-01-15 05:45:00,2026-01-15 05:45:00,2026-01-15 09:25:00,2026-01-15 09:25:00,REALIZADO,,T1,G4,0,0,SIMULADOR_OPERACIONES
V000201,AL03,AC007,RT002,AL031200,2026-01-15 06:00:00,2026-01-15 06:08:00,2026-01-15 07:20:00,2026-01-15 07:29:00,REALIZADO,,T1,G5,8,9,SIMULADOR_OPERACIONES
V000202,AL04,AC010,RT009,AL041201,2026-01-15 07:15:00,2026-01-15 07:15:00,2026-01-15 09:10:00,2026-01-15 09:12:00,REALIZADO,,T2,G6,0,2,SIMULADOR_OPERACIONES
V000203,AL05,AC013,RT016,AL051202,2026-01-15 08:30:00,2026-01-15 08:30:00,2026-01-15 11:45:00,2026-01-15 11:48:00,REALIZADO,,T1,G7,0,3,SIMULADOR_OPERACIONES
V000204,AL06,AC016,RT001,AL061203,2026-01-15 09:45:00,2026-01-15 10:30:00,2026-01-15 11:05:00,2026-01-15 11:54:00,DEMORADO,,T1,G8,45,49,SIMULADOR_OPERACIONES
V000205,AL01,AC002,RT008,AL011204,2026-01-15 10:00:00,2026-01-15 10:00:00,2026-01-15 11:40:00,2026-01-15 11:40:00,REALIZADO,,T2,G9,0,0,SIMULADOR_OPERACIONES
V000206,AL02,AC005,RT015,AL021205,2026-01-15 11:15:00,2026-01-15 11:23:00,2026-01-15 14:30:00,2026-01-15 14:32:00,REALIZADO,,T1,G10,8,2,SIMULADOR_OPERACIONES
V000207,AL03,AC008,RT022,AL031206,2026-01-15 12:30:00,2026-01-15 12:30:00,2026-01-15 16:55:00,2026-01-15 16:55:00,REALIZADO,,T1,G11,0,0,SIMULADOR_OPERACIONES
V000208,AL04,AC011,RT007,AL041207,2026-01-15 13:45:00,2026-01-15 13:45:00,2026-01-15 15:25:00,2026-01-15 15:25:00,REALIZADO,,T2,G12,0,0,SIMULADOR_OPERACIONES
V000209,AL05,AC014,RT014,AL051208,2026-01-15 14:00:00,2026-01-15 14:00:00,2026-01-15 17:35:00,2026-01-15 17:35:00,REALIZADO,,T1,G13,0,0,SIMULADOR_OPERACIONES
V000210,AL06,AC017,RT021,AL061209,2026-01-15 15:15:00,2026-01-15 15:15:00,2026-01-15 19:40:00,2026-01-15 19:40:00,REALIZADO,,T1,G14,0,0,SIMULADOR_OPERACIONES
V000211,AL01,AC003,RT006,AL011210,2026-01-16 16:30:00,2026-01-16 16:56:00,2026-01-16 17:45:00,2026-01-16 18:10:00,DEMORADO,,T2,G15,26,25,SIMULADOR_OPERACIONES
V000212,AL02,AC006,RT013,AL021211,2026-01-16 17:45:00,2026-01-16 17:45:00,2026-01-16 21:20:00,2026-01-16 21:20:00,REALIZADO,,T1,G16,0,0,SIMULADOR_OPERACIONES
V000213,AL03,AC009,RT020,AL031212,2026-01-16 18:00:00,2026-01-16 18:00:00,2026-01-16 23:40:00,2026-01-16 23:41:00,REALIZADO,,T1,G17,0,1,SIMULADOR_OPERACIONES
V000214,AL04,AC012,RT005,AL041213,2026-01-16 19:15:00,,2026-01-16 20:30:00,,CANCELADO,CLIMA,T2,,0,0,SIMULADOR_OPERACIONES
V000215,AL05,AC015,RT012,AL051214,2026-01-16 20:30:00,2026-01-16 20:30:00,2026-01-16 22:10:00,2026-01-16 22:13:00,REALIZADO,,T1,G19,0,3,SIMULADOR_OPERACIONES
V000216,AL06,AC018,RT019,AL061215,2026-01-16 21:45:00,2026-01-16 21:53:00,2026-01-17 03:25:00,2026-01-17 03:37:00,REALIZADO,,T1,G20,8,12,SIMULADOR_OPERACIONES
V000217,AL01,AC001,RT004,AL011216,2026-01-16 04:00:00,2026-01-16 04:00:00,2026-01-16 05:35:00,2026-01-16 05:35:00,REALIZADO,,T2,G21,0,0,SIMULADOR_OPERACIONES
V000218,AL02,AC004,RT011,AL021217,2026-01-16 05:15:00,2026-01-16 06:58:00,2026-01-16 06:55:00,2026-01-16 08:32:00,DEMORADO,,T1,G22,103,97,SIMULADOR_OPERACIONES
V000219,AL03,AC007,RT018,AL031218,2026-01-16 06:30:00,2026-01-16 06:30:00,2026-01-16 10:10:00,2026-01-16 10:10:00,REALIZADO,,T1,G23,0,0,SIMULADOR_OPERACIONES
V000220,AL04,AC010,RT003,AL041219,2026-01-16 07:45:00,2026-01-16 07:45:00,2026-01-16 09:20:00,2026-01-16 09:20:00,REALIZADO,,T2,G24,0,0,SIMULADOR_OPERACIONES
V000221,AL05,AC013,RT011,AL051220,2026-01-16 08:00:00,2026-01-16 08:08:00,2026-01-16 09:40:00,2026-01-16 09:45:00,REALIZADO,,T1,G25,8,5,SIMULADOR_OPERACIONES
V000222,AL06,AC016,RT018,AL061221,2026-01-16 09:15:00,2026-01-16 09:15:00,2026-01-16 12:55:00,2026-01-16 12:55:00,REALIZADO,,T1,G26,0,0,SIMULADOR_OPERACIONES
V000223,AL01,AC002,RT003,AL011222,2026-01-16 10:30:00,2026-01-16 10:30:00,2026-01-16 12:05:00,2026-01-16 12:05:00,REALIZADO,,T2,G27,0,0,SIMULADOR_OPERACIONES
V000224,AL02,AC005,RT010,AL021223,2026-01-16 11:45:00,2026-01-16 11:45:00,2026-01-16 13:40:00,2026-01-16 13:40:00,REALIZADO,,T1,G28,0,0,SIMULADOR_OPERACIONES
V000225,AL03,AC008,RT017,AL031224,2026-01-17 12:00:00,2026-01-17 13:24:00,2026-01-17 15:40:00,2026-01-17 17:05:00,DEMORADO,,T1,G1,84,85,SIMULADOR_OPERACIONES
V000226,AL04,AC011,RT002,AL041225,2026-01-17 13:15:00,2026-01-17 13:23:00,2026-01-17 14:35:00,2026-01-17 14:45:00,REALIZADO,,T2,G2,8,10,SIMULADOR_OPERACIONES
V000227,AL05,AC014,RT009,AL051226,2026-01-17 14:30:00,2026-01-17 14:30:00,2026-01-17 16:25:00,2026-01-17 16:28:00,REALIZADO,,T1,G3,0,3,SIMULADOR_OPERACIONES
V000228,AL06,AC017,RT016,AL061227,2026-01-17 15:45:00,2026-01-17 15:45:00,2026-01-17 19:00:00,2026-01-17 19:04:00,REALIZADO,,T1,G4,0,4,SIMULADOR_OPERACIONES
V000229,AL01,AC003,RT001,AL011228,2026-01-17 16:00:00,2026-01-17 16:00:00,2026-01-17 17:20:00,2026-01-17 17:20:00,REALIZADO,,T2,G5,0,0,SIMULADOR_OPERACIONES
V000230,AL02,AC006,RT008,AL021229,2026-01-17 17:15:00,2026-01-17 17:15:00,2026-01-17 18:55:00,2026-01-17 18:55:00,REALIZADO,,T1,G6,0,0,SIMULADOR_OPERACIONES
V000231,AL03,AC009,RT015,AL031230,2026-01-17 18:30:00,2026-01-17 18:38:00,2026-01-17 21:45:00,2026-01-17 21:48:00,REALIZADO,,T1,G7,8,3,SIMULADOR_OPERACIONES
V000232,AL04,AC012,RT022,AL041231,2026-01-17 19:45:00,2026-01-17 20:50:00,2026-01-18 00:10:00,2026-01-18 01:11:00,DEMORADO,,T2,G8,65,61,SIMULADOR_OPERACIONES
V000233,AL05,AC015,RT007,AL051232,2026-01-17 20:00:00,2026-01-17 20:00:00,2026-01-17 21:40:00,2026-01-17 21:40:00,REALIZADO,,T1,G9,0,0,SIMULADOR_OPERACIONES
V000234,AL06,AC018,RT014,AL061233,2026-01-17 21:15:00,2026-01-17 21:15:00,2026-01-18 00:50:00,2026-01-18 00:50:00,REALIZADO,,T1,G10,0,0,SIMULADOR_OPERACIONES
V000235,AL01,AC001,RT021,AL011234,2026-01-17 04:30:00,2026-01-17 04:30:00,2026-01-17 08:55:00,2026-01-17 08:55:00,REALIZADO,,T2,G11,0,0,SIMULADOR_OPERACIONES
V000236,AL02,AC004,RT006,AL021235,2026-01-17 05:45:00,2026-01-17 05:53:00,2026-01-17 07:00:00,2026-01-17 07:08:00,REALIZADO,,T1,G12,8,8,SIMULADOR_OPERACIONES
V000237,AL03,AC007,RT013,AL031236,2026-01-17 06:00:00,2026-01-17 06:00:00,2026-01-17 09:35:00,2026-01-17 09:36:00,REALIZADO,,T1,G13,0,1,SIMULADOR_OPERACIONES
V000238,AL04,AC010,RT020,AL041237,2026-01-17 07:15:00,2026-01-17 07:15:00,2026-01-17 12:55:00,2026-01-17 12:57:00,REALIZADO,,T2,G14,0,2,SIMULADOR_OPERACIONES
V000239,AL05,AC013,RT005,AL051238,2026-01-18 08:30:00,2026-01-18 09:16:00,2026-01-18 09:45:00,2026-01-18 10:34:00,DEMORADO,,T1,G15,46,49,SIMULADOR_OPERACIONES
V000240,AL06,AC016,RT012,AL061239,2026-01-18 09:45:00,2026-01-18 09:45:00,2026-01-18 11:25:00,2026-01-18 11:29:00,REALIZADO,,T1,G16,0,4,SIMULADOR_OPERACIONES
V000241,AL01,AC002,RT019,AL011240,2026-01-18 10:00:00,2026-01-18 10:08:00,2026-01-18 15:40:00,2026-01-18 15:41:00,REALIZADO,,T2,G17,8,1,SIMULADOR_OPERACIONES
V000242,AL02,AC005,RT004,AL021241,2026-01-18 11:15:00,2026-01-18 11:15:00,2026-01-18 12:50:00,2026-01-18 12:50:00,REALIZADO,,T1,G18,0,0,SIMULADOR_OPERACIONES
V000243,AL03,AC008,RT012,AL031242,2026-01-18 12:30:00,2026-01-18 12:30:00,2026-01-18 14:10:00,2026-01-18 14:10:00,REALIZADO,,T1,G19,0,0,SIMULADOR_OPERACIONES
V000244,AL04,AC011,RT019,AL041243,2026-01-18 13:45:00,2026-01-18 13:45:00,2026-01-18 19:25:00,2026-01-18 19:25:00,REALIZADO,,T2,G20,0,0,SIMULADOR_OPERACIONES
V000245,AL05,AC014,RT004,AL051244,2026-01-18 14:00:00,2026-01-18 14:00:00,2026-01-18 15:35:00,2026-01-18 15:35:00,REALIZADO,,T1,G21,0,0,SIMULADOR_OPERACIONES
V000246,AL06,AC017,RT011,AL061245,2026-01-18 15:15:00,2026-01-18 15:42:00,2026-01-18 16:55:00,2026-01-18 17:20:00,DEMORADO,,T1,G22,27,25,SIMULADOR_OPERACIONES
V000247,AL01,AC003,RT018,AL011246,2026-01-18 16:30:00,2026-01-18 16:30:00,2026-01-18 20:10:00,2026-01-18 20:10:00,REALIZADO,,T2,G23,0,0,SIMULADOR_OPERACIONES
V000248,AL02,AC006,RT003,AL021247,2026-01-18 17:45:00,2026-01-18 17:45:00,2026-01-18 19:20:00,2026-01-18 19:20:00,REALIZADO,,T1,G24,0,0,SIMULADOR_OPERACIONES
V000249,AL03,AC009,RT010,AL031248,2026-01-18 18:00:00,2026-01-18 18:00:00,2026-01-18 19:55:00,2026-01-18 19:56:00,REALIZADO,,T1,G25,0,1,SIMULADOR_OPERACIONES
V000250,AL04,AC012,RT017,AL041249,2026-01-18 19:15:00,2026-01-18 19:15:00,2026-01-18 22:55:00,2026-01-18 22:57:00,REALIZADO,,T2,G26,0,2,SIMULADOR_OPERACIONES
V000251,AL05,AC015,RT002,AL051250,2026-01-18 20:30:00,2026-01-18 20:38:00,2026-01-18 21:50:00,2026-01-18 22:01:00,REALIZADO,,T1,G27,8,11,SIMULADOR_OPERACIONES
V000252,AL06,AC018,RT009,AL061251,2026-01-18 21:45:00,2026-01-18 21:45:00,2026-01-18 23:40:00,2026-01-18 23:44:00,REALIZADO,,T1,G28,0,4,SIMULADOR_OPERACIONES
V000253,AL01,AC001,RT016,AL011252,2026-01-19 04:00:00,2026-01-19 05:44:00,2026-01-19 07:15:00,2026-01-19 08:52:00,DEMORADO,,T2,G1,104,97,SIMULADOR_OPERACIONES
V000254,AL02,AC004,RT001,AL021253,2026-01-19 05:15:00,2026-01-19 05:15:00,2026-01-19 06:35:00,2026-01-19 06:35:00,REALIZADO,,T1,G2,0,0,SIMULADOR_OPERACIONES
V000255,AL03,AC007,RT008,AL031254,2026-01-19 06:30:00,2026-01-19 06:30:00,2026-01-19 08:10:00,2026-01-19 08:10:00,REALIZADO,,T1,G3,0,0,SIMULADOR_OPERACIONES
V000256,AL04,AC010,RT015,AL041255,2026-01-19 07:45:00,2026-01-19 07:53:00,2026-01-19 11:00:00,2026-01-19 11:04:00,REALIZADO,,T2,G4,8,4,SIMULADOR_OPERACIONES
V000257,AL05,AC013,RT022,AL051256,2026-01-19 08:00:00,2026-01-19 08:00:00,2026-01-19 12:25:00,2026-01-19 12:25:00,REALIZADO,,T1,G5,0,0,SIMULADOR_OPERACIONES
V000258,AL06,AC016,RT007,AL061257,2026-01-19 09:15:00,2026-01-19 09:15:00,2026-01-19 10:55:00,2026-01-19 10:55:00,REALIZADO,,T1,G6,0,0,SIMULADOR_OPERACIONES
V000259,AL01,AC002,RT014,AL011258,2026-01-19 10:30:00,2026-01-19 10:30:00,2026-01-19 14:05:00,2026-01-19 14:05:00,REALIZADO,,T2,G7,0,0,SIMULADOR_OPERACIONES
V000260,AL02,AC005,RT021,AL021259,2026-01-19 11:45:00,2026-01-19 13:10:00,2026-01-19 16:10:00,2026-01-19 17:35:00,DEMORADO,,T1,G8,85,85,SIMULADOR_OPERACIONES
V000261,AL03,AC008,RT006,AL031260,2026-01-19 12:00:00,2026-01-19 12:08:00,2026-01-19 13:15:00,2026-01-19 13:24:00,REALIZADO,,T1,G9,8,9,SIMULADOR_OPERACIONES
V000262,AL04,AC011,RT013,AL041261,2026-01-19 13:15:00,2026-01-19 13:15:00,2026-01-19 16:50:00,2026-01-19 16:52:00,REALIZADO,,T2,G10,0,2,SIMULADOR_OPERACIONES
V000263,AL05,AC014,RT020,AL051262,2026-01-19 14:30:00,2026-01-19 14:30:00,2026-01-19 20:10:00,2026-01-19 20:13:00,REALIZADO,,T1,G11,0,3,SIMULADOR_OPERACIONES
V000264,AL06,AC017,RT005,AL061263,2026-01-19 15:45:00,2026-01-19 15:45:00,2026-01-19 17:00:00,2026-01-19 17:04:00,REALIZADO,,T1,G12,0,4,SIMULADOR_OPERACIONES
V000265,AL01,AC003,RT013,AL011264,2026-01-19 16:00:00,2026-01-19 16:00:00,2026-01-19 19:35:00,2026-01-19 19:35:00,REALIZADO,,T2,G13,0,0,SIMULADOR_OPERACIONES
V000266,AL02,AC006,RT020,AL021265,2026-01-19 17:15:00,2026-01-19 17:23:00,2026-01-19 22:55:00,2026-01-19 22:57:00,REALIZADO,,T1,G14,8,2,SIMULADOR_OPERACIONES
V000267,AL03,AC009,RT005,AL031266,2026-01-20 18:30:00,2026-01-20 19:36:00,2026-01-20 19:45:00,2026-01-20 20:46:00,DEMORADO,,T1,G15,66,61,SIMULADOR_OPERACIONES
V000268,AL04,AC012,RT012,AL041267,2026-01-20 19:45:00,2026-01-20 19:45:00,2026-01-20 21:25:00,2026-01-20 21:25:00,REALIZADO,,T2,G16,0,0,SIMULADOR_OPERACIONES
V000269,AL05,AC015,RT019,AL051268,2026-01-20 20:00:00,2026-01-20 20:00:00,2026-01-21 01:40:00,2026-01-21 01:40:00,REALIZADO,,T1,G17,0,0,SIMULADOR_OPERACIONES
V000270,AL06,AC018,RT004,AL061269,2026-01-20 21:15:00,2026-01-20 21:15:00,2026-01-20 22:50:00,2026-01-20 22:50:00,REALIZADO,,T1,G18,0,0,SIMULADOR_OPERACIONES
V000271,AL01,AC001,RT011,AL011270,2026-01-20 04:30:00,2026-01-20 04:38:00,2026-01-20 06:10:00,2026-01-20 06:17:00,REALIZADO,,T2,G19,8,7,SIMULADOR_OPERACIONES
V000272,AL02,AC004,RT018,AL021271,2026-01-20 05:45:00,2026-01-20 05:45:00,2026-01-20 09:25:00,2026-01-20 09:25:00,REALIZADO,,T1,G20,0,0,SIMULADOR_OPERACIONES
V000273,AL03,AC007,RT003,AL031272,2026-01-20 06:00:00,2026-01-20 06:00:00,2026-01-20 07:35:00,2026-01-20 07:36:00,REALIZADO,,T1,G21,0,1,SIMULADOR_OPERACIONES
V000274,AL04,AC010,RT010,AL041273,2026-01-20 07:15:00,2026-01-20 08:02:00,2026-01-20 09:10:00,2026-01-20 09:59:00,DEMORADO,,T2,G22,47,49,SIMULADOR_OPERACIONES
V000275,AL05,AC013,RT017,AL051274,2026-01-20 08:30:00,2026-01-20 08:30:00,2026-01-20 12:10:00,2026-01-20 12:13:00,REALIZADO,,T1,G23,0,3,SIMULADOR_OPERACIONES
V000276,AL06,AC016,RT002,AL061275,2026-01-20 09:45:00,2026-01-20 09:53:00,2026-01-20 11:05:00,2026-01-20 11:17:00,REALIZADO,,T1,G24,8,12,SIMULADOR_OPERACIONES
V000277,AL01,AC002,RT009,AL011276,2026-01-20 10:00:00,2026-01-20 10:00:00,2026-01-20 11:55:00,2026-01-20 11:55:00,REALIZADO,,T2,G25,0,0,SIMULADOR_OPERACIONES
V000278,AL02,AC005,RT016,AL021277,2026-01-20 11:15:00,2026-01-20 11:15:00,2026-01-20 14:30:00,2026-01-20 14:30:00,REALIZADO,,T1,G26,0,0,SIMULADOR_OPERACIONES
V000279,AL03,AC008,RT001,AL031278,2026-01-20 12:30:00,2026-01-20 12:30:00,2026-01-20 13:50:00,2026-01-20 13:50:00,REALIZADO,,T1,G27,0,0,SIMULADOR_OPERACIONES
V000280,AL04,AC011,RT008,AL041279,2026-01-20 13:45:00,2026-01-20 13:45:00,2026-01-20 15:25:00,2026-01-20 15:25:00,REALIZADO,,T2,G28,0,0,SIMULADOR_OPERACIONES
V000281,AL05,AC014,RT015,AL051280,2026-01-21 14:00:00,2026-01-21 14:28:00,2026-01-21 17:15:00,2026-01-21 17:40:00,DEMORADO,,T1,G1,28,25,SIMULADOR_OPERACIONES
V000282,AL06,AC017,RT022,AL061281,2026-01-21 15:15:00,2026-01-21 15:15:00,2026-01-21 19:40:00,2026-01-21 19:40:00,REALIZADO,,T1,G2,0,0,SIMULADOR_OPERACIONES
V000283,AL01,AC003,RT007,AL011282,2026-01-21 16:30:00,2026-01-21 16:30:00,2026-01-21 18:10:00,2026-01-21 18:10:00,REALIZADO,,T2,G3,0,0,SIMULADOR_OPERACIONES
V000284,AL02,AC006,RT014,AL021283,2026-01-21 17:45:00,2026-01-21 17:45:00,2026-01-21 21:20:00,2026-01-21 21:20:00,REALIZADO,,T1,G4,0,0,SIMULADOR_OPERACIONES
V000285,AL03,AC009,RT021,AL031284,2026-01-21 18:00:00,,2026-01-21 22:25:00,,CANCELADO,MANTENIMIENTO,T1,,0,0,SIMULADOR_OPERACIONES
V000286,AL04,AC012,RT006,AL041285,2026-01-21 19:15:00,2026-01-21 19:23:00,2026-01-21 20:30:00,2026-01-21 20:40:00,REALIZADO,,T2,G6,8,10,SIMULADOR_OPERACIONES
V000287,AL05,AC015,RT014,AL051286,2026-01-21 20:30:00,2026-01-21 20:30:00,2026-01-22 00:05:00,2026-01-22 00:08:00,REALIZADO,,T1,G7,0,3,SIMULADOR_OPERACIONES
V000288,AL06,AC018,RT021,AL061287,2026-01-21 21:45:00,2026-01-21 23:30:00,2026-01-22 02:10:00,2026-01-22 03:59:00,DEMORADO,,T1,G8,105,109,SIMULADOR_OPERACIONES
V000289,AL01,AC001,RT006,AL011288,2026-01-21 04:00:00,2026-01-21 04:00:00,2026-01-21 05:15:00,2026-01-21 05:15:00,REALIZADO,,T2,G9,0,0,SIMULADOR_OPERACIONES
V000290,AL02,AC004,RT013,AL021289,2026-01-21 05:15:00,2026-01-21 05:15:00,2026-01-21 08:50:00,2026-01-21 08:50:00,REALIZADO,,T1,G10,0,0,SIMULADOR_OPERACIONES
V000291,AL03,AC007,RT020,AL031290,2026-01-21 06:30:00,2026-01-21 06:38:00,2026-01-21 12:10:00,2026-01-21 12:13:00,REALIZADO,,T1,G11,8,3,SIMULADOR_OPERACIONES
V000292,AL04,AC010,RT005,AL041291,2026-01-21 07:45:00,2026-01-21 07:45:00,2026-01-21 09:00:00,2026-01-21 09:00:00,REALIZADO,,T2,G12,0,0,SIMULADOR_OPERACIONES
V000293,AL05,AC013,RT012,AL051292,2026-01-21 08:00:00,2026-01-21 08:00:00,2026-01-21 09:40:00,2026-01-21 09:40:00,REALIZADO,,T1,G13,0,0,SIMULADOR_OPERACIONES
V000294,AL06,AC016,RT019,AL061293,2026-01-21 09:15:00,2026-01-21 09:15:00,2026-01-21 14:55:00,2026-01-21 14:55:00,REALIZADO,,T1,G14,0,0,SIMULADOR_OPERACIONES
V000295,AL01,AC002,RT004,AL011294,2026-01-22 10:30:00,2026-01-22 11:56:00,2026-01-22 12:05:00,2026-01-22 13:30:00,DEMORADO,,T2,G15,86,85,SIMULADOR_OPERACIONES
V000296,AL02,AC005,RT011,AL021295,2026-01-22 11:45:00,2026-01-22 11:53:00,2026-01-22 13:25:00,2026-01-22 13:33:00,REALIZADO,,T1,G16,8,8,SIMULADOR_OPERACIONES
V000297,AL03,AC008,RT018,AL031296,2026-01-22 12:00:00,2026-01-22 12:00:00,2026-01-22 15:40:00,2026-01-22 15:41:00,REALIZADO,,T1,G17,0,1,SIMULADOR_OPERACIONES
V000298,AL04,AC011,RT003,AL041297,2026-01-22 13:15:00,2026-01-22 13:15:00,2026-01-22 14:50:00,2026-01-22 14:52:00,REALIZADO,,T2,G18,0,2,SIMULADOR_OPERACIONES
V000299,AL05,AC014,RT010,AL051298,2026-01-22 14:30:00,2026-01-22 14:30:00,2026-01-22 16:25:00,2026-01-22 16:28:00,REALIZADO,,T1,G19,0,3,SIMULADOR_OPERACIONES
V000300,AL06,AC017,RT017,AL061299,2026-01-22 15:45:00,2026-01-22 15:45:00,2026-01-22 19:25:00,2026-01-22 19:29:00,REALIZADO,,T1,G20,0,4,SIMULADOR_OPERACIONES
V000301,AL01,AC003,RT002,AL011300,2026-01-22 16:00:00,2026-01-22 16:08:00,2026-01-22 17:20:00,2026-01-22 17:21:00,REALIZADO,,T2,G21,8,1,SIMULADOR_OPERACIONES
V000302,AL02,AC006,RT009,AL021301,2026-01-22 17:15:00,2026-01-22 18:22:00,2026-01-22 19:10:00,2026-01-22 20:11:00,DEMORADO,,T1,G22,67,61,SIMULADOR_OPERACIONES
V000303,AL03,AC009,RT016,AL031302,2026-01-22 18:30:00,2026-01-22 18:30:00,2026-01-22 21:45:00,2026-01-22 21:45:00,REALIZADO,,T1,G23,0,0,SIMULADOR_OPERACIONES
V000304,AL04,AC012,RT001,AL041303,2026-01-22 19:45:00,2026-01-22 19:45:00,2026-01-22 21:05:00,2026-01-22 21:05:00,REALIZADO,,T2,G24,0,0,SIMULADOR_OPERACIONES
V000305,AL05,AC015,RT008,AL051304,2026-01-22 20:00:00,2026-01-22 20:00:00,2026-01-22 21:40:00,2026-01-22 21:40:00,REALIZADO,,T1,G25,0,0,SIMULADOR_OPERACIONES
V000306,AL06,AC018,RT015,AL061305,2026-01-22 21:15:00,2026-01-22 21:23:00,2026-01-23 00:30:00,2026-01-23 00:36:00,REALIZADO,,T1,G26,8,6,SIMULADOR_OPERACIONES
V000307,AL01,AC001,RT022,AL011306,2026-01-22 04:30:00,2026-01-22 04:30:00,2026-01-22 08:55:00,2026-01-22 08:55:00,REALIZADO,,T2,G27,0,0,SIMULADOR_OPERACIONES
V000308,AL02,AC004,RT007,AL021307,2026-01-22 05:45:00,2026-01-22 05:45:00,2026-01-22 07:25:00,2026-01-22 07:25:00,REALIZADO,,T1,G28,0,0,SIMULADOR_OPERACIONES
V000309,AL03,AC007,RT015,AL031308,2026-01-23 06:00:00,2026-01-23 06:48:00,2026-01-23 09:15:00,2026-01-23 10:04:00,DEMORADO,,T1,G1,48,49,SIMULADOR_OPERACIONES
V000310,AL04,AC010,RT022,AL041309,2026-01-23 07:15:00,2026-01-23 07:15:00,2026-01-23 11:40:00,2026-01-23 11:42:00,REALIZADO,,T2,G2,0,2,SIMULADOR_OPERACIONES
V000311,AL05,AC013,RT007,AL051310,2026-01-23 08:30:00,2026-01-23 08:38:00,2026-01-23 10:10:00,2026-01-23 10:21:00,REALIZADO,,T1,G3,8,11,SIMULADOR_OPERACIONES
V000312,AL06,AC016,RT014,AL061311,2026-01-23 09:45:00,2026-01-23 09:45:00,2026-01-23 13:20:00,2026-01-23 13:24:00,REALIZADO,,T1,G4,0,4,SIMULADOR_OPERACIONES
V000313,AL01,AC002,RT021,AL011312,2026-01-23 10:00:00,2026-01-23 10:00:00,2026-01-23 14:25:00,2026-01-23 14:25:00,REALIZADO,,T2,G5,0,0,SIMULADOR_OPERACIONES
V000314,AL02,AC005,RT006,AL021313,2026-01-23 11:15:00,2026-01-23 11:15:00,2026-01-23 12:30:00,2026-01-23 12:30:00,REALIZADO,,T1,G6,0,0,SIMULADOR_OPERACIONES
V000315,AL03,AC008,RT013,AL031314,2026-01-23 12:30:00,2026-01-23 12:30:00,2026-01-23 16:05:00,2026-01-23 16:05:00,REALIZADO,,T1,G7,0,0,SIMULADOR_OPERACIONES
V000316,AL04,AC011,RT020,AL041315,2026-01-23 13:45:00,2026-01-23 14:14:00,2026-01-23 19:25:00,2026-01-23 19:50:00,DEMORADO,,T2,G8,29,25,SIMULADOR_OPERACIONES
V000317,AL05,AC014,RT005,AL051316,2026-01-23 14:00:00,2026-01-23 14:00:00,2026-01-23 15:15:00,2026-01-23 15:15:00,REALIZADO,,T1,G9,0,0,SIMULADOR_OPERACIONES
V000318,AL06,AC017,RT012,AL061317,2026-01-23 15:15:00,2026-01-23 15:15:00,2026-01-23 16:55:00,2026-01-23 16:55:00,REALIZADO,,T1,G10,0,0,SIMULADOR_OPERACIONES
V000319,AL01,AC003,RT019,AL011318,2026-01-23 16:30:00,2026-01-23 16:30:00,2026-01-23 22:10:00,2026-01-23 22:10:00,REALIZADO,,T2,G11,0,0,SIMULADOR_OPERACIONES
V000320,AL02,AC006,RT004,AL021319,2026-01-23 17:45:00,2026-01-23 17:45:00,2026-01-23 19:20:00,2026-01-23 19:20:00,REALIZADO,,T1,G12,0,0,SIMULADOR_OPERACIONES
V000321,AL03,AC009,RT011,AL031320,2026-01-23 18:00:00,2026-01-23 18:08:00,2026-01-23 19:40:00,2026-01-23 19:49:00,REALIZADO,,T1,G13,8,9,SIMULADOR_OPERACIONES
V000322,AL04,AC012,RT018,AL041321,2026-01-23 19:15:00,2026-01-23 19:15:00,2026-01-23 22:55:00,2026-01-23 22:57:00,REALIZADO,,T2,G14,0,2,SIMULADOR_OPERACIONES
V000323,AL05,AC015,RT003,AL051322,2026-01-24 20:30:00,2026-01-24 22:16:00,2026-01-24 22:05:00,2026-01-24 23:54:00,DEMORADO,,T1,G15,106,109,SIMULADOR_OPERACIONES
V000324,AL06,AC018,RT010,AL061323,2026-01-24 21:45:00,2026-01-24 21:45:00,2026-01-24 23:40:00,2026-01-24 23:44:00,REALIZADO,,T1,G16,0,4,SIMULADOR_OPERACIONES
V000325,AL01,AC001,RT017,AL011324,2026-01-24 04:00:00,2026-01-24 04:00:00,2026-01-24 07:40:00,2026-01-24 07:40:00,REALIZADO,,T2,G17,0,0,SIMULADOR_OPERACIONES
V000326,AL02,AC004,RT002,AL021325,2026-01-24 05:15:00,2026-01-24 05:23:00,2026-01-24 06:35:00,2026-01-24 06:37:00,REALIZADO,,T1,G18,8,2,SIMULADOR_OPERACIONES
V000327,AL03,AC007,RT009,AL031326,2026-01-24 06:30:00,2026-01-24 06:30:00,2026-01-24 08:25:00,2026-01-24 08:25:00,REALIZADO,,T1,G19,0,0,SIMULADOR_OPERACIONES
V000328,AL04,AC010,RT016,AL041327,2026-01-24 07:45:00,2026-01-24 07:45:00,2026-01-24 11:00:00,2026-01-24 11:00:00,REALIZADO,,T2,G20,0,0,SIMULADOR_OPERACIONES
V000329,AL05,AC013,RT001,AL051328,2026-01-24 08:00:00,2026-01-24 08:00:00,2026-01-24 09:20:00,2026-01-24 09:20:00,REALIZADO,,T1,G21,0,0,SIMULADOR_OPERACIONES
V000330,AL06,AC016,RT008,AL061329,2026-01-24 09:15:00,2026-01-24 10:42:00,2026-01-24 10:55:00,2026-01-24 12:20:00,DEMORADO,,T1,G22,87,85,SIMULADOR_OPERACIONES
V000331,AL01,AC002,RT016,AL011330,2026-01-24 10:30:00,2026-01-24 10:38:00,2026-01-24 13:45:00,2026-01-24 13:52:00,REALIZADO,,T2,G23,8,7,SIMULADOR_OPERACIONES
V000332,AL02,AC005,RT001,AL021331,2026-01-24 11:45:00,2026-01-24 11:45:00,2026-01-24 13:05:00,2026-01-24 13:05:00,REALIZADO,,T1,G24,0,0,SIMULADOR_OPERACIONES
V000333,AL03,AC008,RT008,AL031332,2026-01-24 12:00:00,2026-01-24 12:00:00,2026-01-24 13:40:00,2026-01-24 13:41:00,REALIZADO,,T1,G25,0,1,SIMULADOR_OPERACIONES
V000334,AL04,AC011,RT015,AL041333,2026-01-24 13:15:00,2026-01-24 13:15:00,2026-01-24 16:30:00,2026-01-24 16:32:00,REALIZADO,,T2,G26,0,2,SIMULADOR_OPERACIONES
V000335,AL05,AC014,RT022,AL051334,2026-01-24 14:30:00,2026-01-24 14:30:00,2026-01-24 18:55:00,2026-01-24 18:58:00,REALIZADO,,T1,G27,0,3,SIMULADOR_OPERACIONES
V000336,AL06,AC017,RT007,AL061335,2026-01-24 15:45:00,2026-01-24 15:53:00,2026-01-24 17:25:00,2026-01-24 17:37:00,REALIZADO,,T1,G28,8,12,SIMULADOR_OPERACIONES
V000337,AL01,AC003,RT014,AL011336,2026-01-25 16:00:00,2026-01-25 17:08:00,2026-01-25 19:35:00,2026-01-25 20:36:00,DEMORADO,,T2,G1,68,61,SIMULADOR_OPERACIONES
V000338,AL02,AC006,RT021,AL021337,2026-01-25 17:15:00,2026-01-25 17:15:00,2026-01-25 21:40:00,2026-01-25 21:40:00,REALIZADO,,T1,G2,0,0,SIMULADOR_OPERACIONES
V000339,AL03,AC009,RT006,AL031338,2026-01-25 18:30:00,2026-01-25 18:30:00,2026-01-25 19:45:00,2026-01-25 19:45:00,REALIZADO,,T1,G3,0,0,SIMULADOR_OPERACIONES
V000340,AL04,AC012,RT013,AL041339,2026-01-25 19:45:00,2026-01-25 19:45:00,2026-01-25 23:20:00,2026-01-25 23:20:00,REALIZADO,,T2,G4,0,0,SIMULADOR_OPERACIONES
V000341,AL05,AC015,RT020,AL051340,2026-01-25 20:00:00,2026-01-25 20:08:00,2026-01-26 01:40:00,2026-01-26 01:45:00,REALIZADO,,T1,G5,8,5,SIMULADOR_OPERACIONES
V000342,AL06,AC018,RT005,AL061341,2026-01-25 21:15:00,2026-01-25 21:15:00,2026-01-25 22:30:00,2026-01-25 22:30:00,REALIZADO,,T1,G6,0,0,SIMULADOR_OPERACIONES
V000343,AL01,AC001,RT012,AL011342,2026-01-25 04:30:00,2026-01-25 04:30:00,2026-01-25 06:10:00,2026-01-25 06:10:00,REALIZADO,,T2,G7,0,0,SIMULADOR_OPERACIONES
V000344,AL02,AC004,RT019,AL021343,2026-01-25 05:45:00,2026-01-25 06:34:00,2026-01-25 11:25:00,2026-01-25 12:14:00,DEMORADO,,T1,G8,49,49,SIMULADOR_OPERACIONES
V000345,AL03,AC007,RT004,AL031344,2026-01-25 06:00:00,2026-01-25 06:00:00,2026-01-25 07:35:00,2026-01-25 07:36:00,REALIZADO,,T1,G9,0,1,SIMULADOR_OPERACIONES
V000346,AL04,AC010,RT011,AL041345,2026-01-25 07:15:00,2026-01-25 07:23:00,2026-01-25 08:55:00,2026-01-25 09:05:00,REALIZADO,,T2,G10,8,10,SIMULADOR_OPERACIONES
V000347,AL05,AC013,RT018,AL051346,2026-01-25 08:30:00,2026-01-25 08:30:00,2026-01-25 12:10:00,2026-01-25 12:13:00,REALIZADO,,T1,G11,0,3,SIMULADOR_OPERACIONES
V000348,AL06,AC016,RT003,AL061347,2026-01-25 09:45:00,2026-01-25 09:45:00,2026-01-25 11:20:00,2026-01-25 11:24:00,REALIZADO,,T1,G12,0,4,SIMULADOR_OPERACIONES
V000349,AL01,AC002,RT010,AL011348,2026-01-25 10:00:00,2026-01-25 10:00:00,2026-01-25 11:55:00,2026-01-25 11:55:00,REALIZADO,,T2,G13,0,0,SIMULADOR_OPERACIONES
V000350,AL02,AC005,RT017,AL021349,2026-01-25 11:15:00,2026-01-25 11:15:00,2026-01-25 14:55:00,2026-01-25 14:55:00,REALIZADO,,T1,G14,0,0,SIMULADOR_OPERACIONES
V000351,AL03,AC008,RT002,AL031350,2026-01-26 12:30:00,2026-01-26 13:00:00,2026-01-26 13:50:00,2026-01-26 14:15:00,DEMORADO,,T1,G15,30,25,SIMULADOR_OPERACIONES
V000352,AL04,AC011,RT009,AL041351,2026-01-26 13:45:00,2026-01-26 13:45:00,2026-01-26 15:40:00,2026-01-26 15:40:00,REALIZADO,,T2,G16,0,0,SIMULADOR_OPERACIONES
V000353,AL05,AC014,RT017,AL051352,2026-01-26 14:00:00,2026-01-26 14:00:00,2026-01-26 17:40:00,2026-01-26 17:40:00,REALIZADO,,T1,G17,0,0,SIMULADOR_OPERACIONES
V000354,AL06,AC017,RT002,AL061353,2026-01-26 15:15:00,2026-01-26 15:15:00,2026-01-26 16:35:00,2026-01-26 16:35:00,REALIZADO,,T1,G18,0,0,SIMULADOR_OPERACIONES
V000355,AL01,AC003,RT009,AL011354,2026-01-26 16:30:00,2026-01-26 16:30:00,2026-01-26 18:25:00,2026-01-26 18:25:00,REALIZADO,,T2,G19,0,0,SIMULADOR_OPERACIONES
V000356,AL02,AC006,RT016,AL021355,2026-01-26 17:45:00,,2026-01-26 21:00:00,,CANCELADO,CLIMA,T1,,0,0,SIMULADOR_OPERACIONES
V000357,AL03,AC009,RT001,AL031356,2026-01-26 18:00:00,2026-01-26 18:00:00,2026-01-26 19:20:00,2026-01-26 19:21:00,REALIZADO,,T1,G21,0,1,SIMULADOR_OPERACIONES
V000358,AL04,AC012,RT008,AL041357,2026-01-26 19:15:00,2026-01-26 21:02:00,2026-01-26 20:55:00,2026-01-26 22:44:00,DEMORADO,,T2,G22,107,109,SIMULADOR_OPERACIONES
V000359,AL05,AC015,RT015,AL051358,2026-01-26 20:30:00,2026-01-26 20:30:00,2026-01-26 23:45:00,2026-01-26 23:48:00,REALIZADO,,T1,G23,0,3,SIMULADOR_OPERACIONES
V000360,AL06,AC018,RT022,AL061359,2026-01-26 21:45:00,2026-01-26 21:45:00,2026-01-27 02:10:00,2026-01-27 02:14:00,REALIZADO,,T1,G24,0,4,SIMULADOR_OPERACIONES
V000361,AL01,AC001,RT007,AL011360,2026-01-26 04:00:00,2026-01-26 04:08:00,2026-01-26 05:40:00,2026-01-26 05:41:00,REALIZADO,,T2,G25,8,1,SIMULADOR_OPERACIONES
V000362,AL02,AC004,RT014,AL021361,2026-01-26 05:15:00,2026-01-26 05:15:00,2026-01-26 08:50:00,2026-01-26 08:50:00,REALIZADO,,T1,G26,0,0,SIMULADOR_OPERACIONES
V000363,AL03,AC007,RT021,AL031362,2026-01-26 06:30:00,2026-01-26 06:30:00,2026-01-26 10:55:00,2026-01-26 10:55:00,REALIZADO,,T1,G27,0,0,SIMULADOR_OPERACIONES
V000364,AL04,AC010,RT006,AL041363,2026-01-26 07:45:00,2026-01-26 07:45:00,2026-01-26 09:00:00,2026-01-26 09:00:00,REALIZADO,,T2,G28,0,0,SIMULADOR_OPERACIONES
V000365,AL05,AC013,RT013,AL051364,2026-01-27 08:00:00,2026-01-27 09:28:00,2026-01-27 11:35:00,2026-01-27 13:00:00,DEMORADO,,T1,G1,88,85,SIMULADOR_OPERACIONES
V000366,AL06,AC016,RT020,AL061365,2026-01-27 09:15:00,2026-01-27 09:23:00,2026-01-27 14:55:00,2026-01-27 15:01:00,REALIZADO,,T1,G2,8,6,SIMULADOR_OPERACIONES
V000367,AL01,AC002,RT005,AL011366,2026-01-27 10:30:00,2026-01-27 10:30:00,2026-01-27 11:45:00,2026-01-27 11:45:00,REALIZADO,,T2,G3,0,0,SIMULADOR_OPERACIONES
V000368,AL02,AC005,RT012,AL021367,2026-01-27 11:45:00,2026-01-27 11:45:00,2026-01-27 13:25:00,2026-01-27 13:25:00,REALIZADO,,T1,G4,0,0,SIMULADOR_OPERACIONES
V000369,AL03,AC008,RT019,AL031368,2026-01-27 12:00:00,2026-01-27 12:00:00,2026-01-27 17:40:00,2026-01-27 17:41:00,REALIZADO,,T1,G5,0,1,SIMULADOR_OPERACIONES
V000370,AL04,AC011,RT004,AL041369,2026-01-27 13:15:00,2026-01-27 13:15:00,2026-01-27 14:50:00,2026-01-27 14:52:00,REALIZADO,,T2,G6,0,2,SIMULADOR_OPERACIONES
V000371,AL05,AC014,RT011,AL051370,2026-01-27 14:30:00,2026-01-27 14:38:00,2026-01-27 16:10:00,2026-01-27 16:21:00,REALIZADO,,T1,G7,8,11,SIMULADOR_OPERACIONES
V000372,AL06,AC017,RT018,AL061371,2026-01-27 15:45:00,2026-01-27 16:54:00,2026-01-27 19:25:00,2026-01-27 20:38:00,DEMORADO,,T1,G8,69,73,SIMULADOR_OPERACIONES
V000373,AL01,AC003,RT003,AL011372,2026-01-27 16:00:00,2026-01-27 16:00:00,2026-01-27 17:35:00,2026-01-27 17:35:00,REALIZADO,,T2,G9,0,0,SIMULADOR_OPERACIONES
V000374,AL02,AC006,RT010,AL021373,2026-01-27 17:15:00,2026-01-27 17:15:00,2026-01-27 19:10:00,2026-01-27 19:10:00,REALIZADO,,T1,G10,0,0,SIMULADOR_OPERACIONES
V000375,AL03,AC009,RT018,AL031374,2026-01-27 18:30:00,2026-01-27 18:30:00,2026-01-27 22:10:00,2026-01-27 22:10:00,REALIZADO,,T1,G11,0,0,SIMULADOR_OPERACIONES
V000376,AL04,AC012,RT003,AL041375,2026-01-27 19:45:00,2026-01-27 19:53:00,2026-01-27 21:20:00,2026-01-27 21:24:00,REALIZADO,,T2,G12,8,4,SIMULADOR_OPERACIONES
V000377,AL05,AC015,RT010,AL051376,2026-01-27 20:00:00,2026-01-27 20:00:00,2026-01-27 21:55:00,2026-01-27 21:55:00,REALIZADO,,T1,G13,0,0,SIMULADOR_OPERACIONES
V000378,AL06,AC018,RT017,AL061377,2026-01-27 21:15:00,2026-01-27 21:15:00,2026-01-28 00:55:00,2026-01-28 00:55:00,REALIZADO,,T1,G14,0,0,SIMULADOR_OPERACIONES
V000379,AL01,AC001,RT002,AL011378,2026-01-28 04:30:00,2026-01-28 05:20:00,2026-01-28 05:50:00,2026-01-28 06:39:00,DEMORADO,,T2,G15,50,49,SIMULADOR_OPERACIONES
V000380,AL02,AC004,RT009,AL021379,2026-01-28 05:45:00,2026-01-28 05:45:00,2026-01-28 07:40:00,2026-01-28 07:40:00,REALIZADO,,T1,G16,0,0,SIMULADOR_OPERACIONES
V000381,AL03,AC007,RT016,AL031380,2026-01-28 06:00:00,2026-01-28 06:08:00,2026-01-28 09:15:00,2026-01-28 09:24:00,REALIZADO,,T1,G17,8,9,SIMULADOR_OPERACIONES
V000382,AL04,AC010,RT001,AL041381,2026-01-28 07:15:00,2026-01-28 07:15:00,2026-01-28 08:35:00,2026-01-28 08:37:00,REALIZADO,,T2,G18,0,2,SIMULADOR_OPERACIONES
V000383,AL05,AC013,RT008,AL051382,2026-01-28 08:30:00,2026-01-28 08:30:00,2026-01-28 10:10:00,2026-01-28 10:13:00,REALIZADO,,T1,G19,0,3,SIMULADOR_OPERACIONES
V000384,AL06,AC016,RT015,AL061383,2026-01-28 09:45:00,2026-01-28 09:45:00,2026-01-28 13:00:00,2026-01-28 13:04:00,REALIZADO,,T1,G20,0,4,SIMULADOR_OPERACIONES
V000385,AL01,AC002,RT022,AL011384,2026-01-28 10:00:00,2026-01-28 10:00:00,2026-01-28 14:25:00,2026-01-28 14:25:00,REALIZADO,,T2,G21,0,0,SIMULADOR_OPERACIONES
V000386,AL02,AC005,RT007,AL021385,2026-01-28 11:15:00,2026-01-28 11:46:00,2026-01-28 12:55:00,2026-01-28 13:20:00,DEMORADO,,T1,G22,31,25,SIMULADOR_OPERACIONES
V000387,AL03,AC008,RT014,AL031386,2026-01-28 12:30:00,2026-01-28 12:30:00,2026-01-28 16:05:00,2026-01-28 16:05:00,REALIZADO,,T1,G23,0,0,SIMULADOR_OPERACIONES
V000388,AL04,AC011,RT021,AL041387,2026-01-28 13:45:00,2026-01-28 13:45:00,2026-01-28 18:10:00,2026-01-28 18:10:00,REALIZADO,,T2,G24,0,0,SIMULADOR_OPERACIONES
V000389,AL05,AC014,RT006,AL051388,2026-01-28 14:00:00,2026-01-28 14:00:00,2026-01-28 15:15:00,2026-01-28 15:15:00,REALIZADO,,T1,G25,0,0,SIMULADOR_OPERACIONES
V000390,AL06,AC017,RT013,AL061389,2026-01-28 15:15:00,2026-01-28 15:15:00,2026-01-28 18:50:00,2026-01-28 18:50:00,REALIZADO,,T1,G26,0,0,SIMULADOR_OPERACIONES
V000391,AL01,AC003,RT020,AL011390,2026-01-28 16:30:00,2026-01-28 16:38:00,2026-01-28 22:10:00,2026-01-28 22:17:00,REALIZADO,,T2,G27,8,7,SIMULADOR_OPERACIONES
V000392,AL02,AC006,RT005,AL021391,2026-01-28 17:45:00,2026-01-28 17:45:00,2026-01-28 19:00:00,2026-01-28 19:00:00,REALIZADO,,T1,G28,0,0,SIMULADOR_OPERACIONES
V000393,AL03,AC009,RT012,AL031392,2026-01-29 18:00:00,2026-01-29 19:48:00,2026-01-29 19:40:00,2026-01-29 21:29:00,DEMORADO,,T1,G1,108,109,SIMULADOR_OPERACIONES
V000394,AL04,AC012,RT019,AL041393,2026-01-29 19:15:00,2026-01-29 19:15:00,2026-01-30 00:55:00,2026-01-30 00:57:00,REALIZADO,,T2,G2,0,2,SIMULADOR_OPERACIONES
V000395,AL05,AC015,RT004,AL051394,2026-01-29 20:30:00,2026-01-29 20:30:00,2026-01-29 22:05:00,2026-01-29 22:08:00,REALIZADO,,T1,G3,0,3,SIMULADOR_OPERACIONES
V000396,AL06,AC018,RT011,AL061395,2026-01-29 21:45:00,2026-01-29 21:53:00,2026-01-29 23:25:00,2026-01-29 23:37:00,REALIZADO,,T1,G4,8,12,SIMULADOR_OPERACIONES
V000397,AL01,AC001,RT019,AL011396,2026-01-29 04:00:00,2026-01-29 04:00:00,2026-01-29 09:40:00,2026-01-29 09:40:00,REALIZADO,,T2,G5,0,0,SIMULADOR_OPERACIONES
V000398,AL02,AC004,RT004,AL021397,2026-01-29 05:15:00,2026-01-29 05:15:00,2026-01-29 06:50:00,2026-01-29 06:50:00,REALIZADO,,T1,G6,0,0,SIMULADOR_OPERACIONES
V000399,AL03,AC007,RT011,AL031398,2026-01-29 06:30:00,2026-01-29 06:30:00,2026-01-29 08:10:00,2026-01-29 08:10:00,REALIZADO,,T1,G7,0,0,SIMULADOR_OPERACIONES
V000400,AL04,AC010,RT018,AL041399,2026-01-29 07:45:00,2026-01-29 09:14:00,2026-01-29 11:25:00,2026-01-29 12:50:00,DEMORADO,,T2,G8,89,85,SIMULADOR_OPERACIONES
V000401,AL05,AC013,RT003,AL051400,2026-01-29 08:00:00,2026-01-29 08:08:00,2026-01-29 09:35:00,2026-01-29 09:40:00,REALIZADO,,T1,G9,8,5,SIMULADOR_OPERACIONES
V000402,AL06,AC016,RT010,AL061401,2026-01-29 09:15:00,2026-01-29 09:15:00,2026-01-29 11:10:00,2026-01-29 11:10:00,REALIZADO,,T1,G10,0,0,SIMULADOR_OPERACIONES
V000403,AL01,AC002,RT017,AL011402,2026-01-29 10:30:00,2026-01-29 10:30:00,2026-01-29 14:10:00,2026-01-29 14:10:00,REALIZADO,,T2,G11,0,0,SIMULADOR_OPERACIONES
V000404,AL02,AC005,RT002,AL021403,2026-01-29 11:45:00,2026-01-29 11:45:00,2026-01-29 13:05:00,2026-01-29 13:05:00,REALIZADO,,T1,G12,0,0,SIMULADOR_OPERACIONES
V000405,AL03,AC008,RT009,AL031404,2026-01-29 12:00:00,2026-01-29 12:00:00,2026-01-29 13:55:00,2026-01-29 13:56:00,REALIZADO,,T1,G13,0,1,SIMULADOR_OPERACIONES
V000406,AL04,AC011,RT016,AL041405,2026-01-29 13:15:00,2026-01-29 13:23:00,2026-01-29 16:30:00,2026-01-29 16:40:00,REALIZADO,,T2,G14,8,10,SIMULADOR_OPERACIONES
V000407,AL05,AC014,RT001,AL051406,2026-01-30 14:30:00,2026-01-30 15:40:00,2026-01-30 15:50:00,2026-01-30 17:03:00,DEMORADO,,T1,G15,70,73,SIMULADOR_OPERACIONES
V000408,AL06,AC017,RT008,AL061407,2026-01-30 15:45:00,2026-01-30 15:45:00,2026-01-30 17:25:00,2026-01-30 17:29:00,REALIZADO,,T1,G16,0,4,SIMULADOR_OPERACIONES
V000409,AL01,AC003,RT015,AL011408,2026-01-30 16:00:00,2026-01-30 16:00:00,2026-01-30 19:15:00,2026-01-30 19:15:00,REALIZADO,,T2,G17,0,0,SIMULADOR_OPERACIONES
V000410,AL02,AC006,RT022,AL021409,2026-01-30 17:15:00,2026-01-30 17:15:00,2026-01-30 21:40:00,2026-01-30 21:40:00,REALIZADO,,T1,G18,0,0,SIMULADOR_OPERACIONES
V000411,AL03,AC009,RT007,AL031410,2026-01-30 18:30:00,2026-01-30 18:38:00,2026-01-30 20:10:00,2026-01-30 20:13:00,REALIZADO,,T1,G19,8,3,SIMULADOR_OPERACIONES
V000412,AL04,AC012,RT014,AL041411,2026-01-30 19:45:00,2026-01-30 19:45:00,2026-01-30 23:20:00,2026-01-30 23:20:00,REALIZADO,,T2,G20,0,0,SIMULADOR_OPERACIONES
V000413,AL05,AC015,RT021,AL051412,2026-01-30 20:00:00,2026-01-30 20:00:00,2026-01-31 00:25:00,2026-01-31 00:25:00,REALIZADO,,T1,G21,0,0,SIMULADOR_OPERACIONES
V000414,AL06,AC018,RT006,AL061413,2026-01-30 21:15:00,2026-01-30 22:06:00,2026-01-30 22:30:00,2026-01-30 23:19:00,DEMORADO,,T1,G22,51,49,SIMULADOR_OPERACIONES
V000415,AL01,AC001,RT013,AL011414,2026-01-30 04:30:00,2026-01-30 04:30:00,2026-01-30 08:05:00,2026-01-30 08:05:00,REALIZADO,,T2,G23,0,0,SIMULADOR_OPERACIONES
V000416,AL02,AC004,RT020,AL021415,2026-01-30 05:45:00,2026-01-30 05:53:00,2026-01-30 11:25:00,2026-01-30 11:33:00,REALIZADO,,T1,G24,8,8,SIMULADOR_OPERACIONES
V000417,AL03,AC007,RT005,AL031416,2026-01-30 06:00:00,2026-01-30 06:00:00,2026-01-30 07:15:00,2026-01-30 07:16:00,REALIZADO,,T1,G25,0,1,SIMULADOR_OPERACIONES
V000418,AL04,AC010,RT012,AL041417,2026-01-30 07:15:00,2026-01-30 07:15:00,2026-01-30 08:55:00,2026-01-30 08:57:00,REALIZADO,,T2,G26,0,2,SIMULADOR_OPERACIONES
V000419,AL05,AC013,RT020,AL051418,2026-01-30 08:30:00,2026-01-30 08:30:00,2026-01-30 14:10:00,2026-01-30 14:13:00,REALIZADO,,T1,G27,0,3,SIMULADOR_OPERACIONES
V000420,AL06,AC016,RT005,AL061419,2026-01-30 09:45:00,2026-01-30 09:45:00,2026-01-30 11:00:00,2026-01-30 11:04:00,REALIZADO,,T1,G28,0,4,SIMULADOR_OPERACIONES
V000421,AL01,AC002,RT012,AL011420,2026-01-31 10:00:00,2026-01-31 10:32:00,2026-01-31 11:40:00,2026-01-31 12:05:00,DEMORADO,,T2,G1,32,25,SIMULADOR_OPERACIONES
V000422,AL02,AC005,RT019,AL021421,2026-01-31 11:15:00,2026-01-31 11:15:00,2026-01-31 16:55:00,2026-01-31 16:55:00,REALIZADO,,T1,G2,0,0,SIMULADOR_OPERACIONES
V000423,AL03,AC008,RT004,AL031422,2026-01-31 12:30:00,2026-01-31 12:30:00,2026-01-31 14:05:00,2026-01-31 14:05:00,REALIZADO,,T1,G3,0,0,SIMULADOR_OPERACIONES
V000424,AL04,AC011,RT011,AL041423,2026-01-31 13:45:00,2026-01-31 13:45:00,2026-01-31 15:25:00,2026-01-31 15:25:00,REALIZADO,,T2,G4,0,0,SIMULADOR_OPERACIONES
V000425,AL05,AC014,RT018,AL051424,2026-01-31 14:00:00,2026-01-31 14:00:00,2026-01-31 17:40:00,2026-01-31 17:40:00,REALIZADO,,T1,G5,0,0,SIMULADOR_OPERACIONES
V000426,AL06,AC017,RT003,AL061425,2026-01-31 15:15:00,2026-01-31 15:23:00,2026-01-31 16:50:00,2026-01-31 16:56:00,REALIZADO,,T1,G6,8,6,SIMULADOR_OPERACIONES
V000427,AL01,AC003,RT010,AL011426,2026-01-31 16:30:00,,2026-01-31 18:25:00,,CANCELADO,MANTENIMIENTO,T2,,0,0,SIMULADOR_OPERACIONES
V000428,AL02,AC006,RT017,AL021427,2026-01-31 17:45:00,2026-01-31 19:34:00,2026-01-31 21:25:00,2026-01-31 23:14:00,DEMORADO,,T1,G8,109,109,SIMULADOR_OPERACIONES
V000429,AL03,AC009,RT002,AL031428,2026-01-31 18:00:00,2026-01-31 18:00:00,2026-01-31 19:20:00,2026-01-31 19:21:00,REALIZADO,,T1,G9,0,1,SIMULADOR_OPERACIONES
V000430,AL04,AC012,RT009,AL041429,2026-01-31 19:15:00,2026-01-31 19:15:00,2026-01-31 21:10:00,2026-01-31 21:12:00,REALIZADO,,T2,G10,0,2,SIMULADOR_OPERACIONES
V000431,AL05,AC015,RT016,AL051430,2026-01-31 20:30:00,2026-01-31 20:38:00,2026-01-31 23:45:00,2026-01-31 23:56:00,REALIZADO,,T1,G11,8,11,SIMULADOR_OPERACIONES
V000432,AL06,AC018,RT001,AL061431,2026-01-31 21:45:00,2026-01-31 21:45:00,2026-01-31 23:05:00,2026-01-31 23:09:00,REALIZADO,,T1,G12,0,4,SIMULADOR_OPERACIONES
V000433,AL01,AC001,RT008,AL011432,2026-01-31 04:00:00,2026-01-31 04:00:00,2026-01-31 05:40:00,2026-01-31 05:40:00,REALIZADO,,T2,G13,0,0,SIMULADOR_OPERACIONES
V000434,AL02,AC004,RT015,AL021433,2026-01-31 05:15:00,2026-01-31 05:15:00,2026-01-31 08:30:00,2026-01-31 08:30:00,REALIZADO,,T1,G14,0,0,SIMULADOR_OPERACIONES
V000435,AL03,AC007,RT022,AL031434,2026-02-01 06:30:00,2026-02-01 08:00:00,2026-02-01 10:55:00,2026-02-01 12:20:00,DEMORADO,,T1,G15,90,85,SIMULADOR_OPERACIONES
V000436,AL04,AC010,RT007,AL041435,2026-02-01 07:45:00,2026-02-01 07:53:00,2026-02-01 09:25:00,2026-02-01 09:29:00,REALIZADO,,T2,G16,8,4,SIMULADOR_OPERACIONES
V000437,AL05,AC013,RT014,AL051436,2026-02-01 08:00:00,2026-02-01 08:00:00,2026-02-01 11:35:00,2026-02-01 11:35:00,REALIZADO,,T1,G17,0,0,SIMULADOR_OPERACIONES
V000438,AL06,AC016,RT021,AL061437,2026-02-01 09:15:00,2026-02-01 09:15:00,2026-02-01 13:40:00,2026-02-01 13:40:00,REALIZADO,,T1,G18,0,0,SIMULADOR_OPERACIONES
V000439,AL01,AC002,RT006,AL011438,2026-02-01 10:30:00,2026-02-01 10:30:00,2026-02-01 11:45:00,2026-02-01 11:45:00,REALIZADO,,T2,G19,0,0,SIMULADOR_OPERACIONES
V000440,AL02,AC005,RT013,AL021439,2026-02-01 11:45:00,2026-02-01 11:45:00,2026-02-01 15:20:00,2026-02-01 15:20:00,REALIZADO,,T1,G20,0,0,SIMULADOR_OPERACIONES
V000441,AL03,AC008,RT021,AL031440,2026-02-01 12:00:00,2026-02-01 12:08:00,2026-02-01 16:25:00,2026-02-01 16:34:00,REALIZADO,,T1,G21,8,9,SIMULADOR_OPERACIONES
V000442,AL04,AC011,RT006,AL041441,2026-02-01 13:15:00,2026-02-01 14:26:00,2026-02-01 14:30:00,2026-02-01 15:43:00,DEMORADO,,T2,G22,71,73,SIMULADOR_OPERACIONES
V000443,AL05,AC014,RT013,AL051442,2026-02-01 14:30:00,2026-02-01 14:30:00,2026-02-01 18:05:00,2026-02-01 18:08:00,REALIZADO,,T1,G23,0,3,SIMULADOR_OPERACIONES
V000444,AL06,AC017,RT020,AL061443,2026-02-01 15:45:00,2026-02-01 15:45:00,2026-02-01 21:25:00,2026-02-01 21:29:00,REALIZADO,,T1,G24,0,4,SIMULADOR_OPERACIONES
V000445,AL01,AC003,RT005,AL011444,2026-02-01 16:00:00,2026-02-01 16:00:00,2026-02-01 17:15:00,2026-02-01 17:15:00,REALIZADO,,T2,G25,0,0,SIMULADOR_OPERACIONES
V000446,AL02,AC006,RT012,AL021445,2026-02-01 17:15:00,2026-02-01 17:23:00,2026-02-01 18:55:00,2026-02-01 18:57:00,REALIZADO,,T1,G26,8,2,SIMULADOR_OPERACIONES
V000447,AL03,AC009,RT019,AL031446,2026-02-01 18:30:00,2026-02-01 18:30:00,2026-02-02 00:10:00,2026-02-02 00:10:00,REALIZADO,,T1,G27,0,0,SIMULADOR_OPERACIONES
V000448,AL04,AC012,RT004,AL041447,2026-02-01 19:45:00,2026-02-01 19:45:00,2026-02-01 21:20:00,2026-02-01 21:20:00,REALIZADO,,T2,G28,0,0,SIMULADOR_OPERACIONES
V000449,AL05,AC015,RT011,AL051448,2026-02-02 20:00:00,2026-02-02 20:52:00,2026-02-02 21:40:00,2026-02-02 22:29:00,DEMORADO,,T1,G1,52,49,SIMULADOR_OPERACIONES
V000450,AL06,AC018,RT018,AL061449,2026-02-02 21:15:00,2026-02-02 21:15:00,2026-02-03 00:55:00,2026-02-03 00:55:00,REALIZADO,,T1,G2,0,0,SIMULADOR_OPERACIONES
V000451,AL01,AC001,RT003,AL011450,2026-02-02 04:30:00,2026-02-02 04:38:00,2026-02-02 06:05:00,2026-02-02 06:12:00,REALIZADO,,T2,G3,8,7,SIMULADOR_OPERACIONES
V000452,AL02,AC004,RT010,AL021451,2026-02-02 05:45:00,2026-02-02 05:45:00,2026-02-02 07:40:00,2026-02-02 07:40:00,REALIZADO,,T1,G4,0,0,SIMULADOR_OPERACIONES
V000453,AL03,AC007,RT017,AL031452,2026-02-02 06:00:00,2026-02-02 06:00:00,2026-02-02 09:40:00,2026-02-02 09:41:00,REALIZADO,,T1,G5,0,1,SIMULADOR_OPERACIONES
V000454,AL04,AC010,RT002,AL041453,2026-02-02 07:15:00,2026-02-02 07:15:00,2026-02-02 08:35:00,2026-02-02 08:37:00,REALIZADO,,T2,G6,0,2,SIMULADOR_OPERACIONES
V000455,AL05,AC013,RT009,AL051454,2026-02-02 08:30:00,2026-02-02 08:30:00,2026-02-02 10:25:00,2026-02-02 10:28:00,REALIZADO,,T1,G7,0,3,SIMULADOR_OPERACIONES
V000456,AL06,AC016,RT016,AL061455,2026-02-02 09:45:00,2026-02-02 10:18:00,2026-02-02 13:00:00,2026-02-02 13:37:00,DEMORADO,,T1,G8,33,37,SIMULADOR_OPERACIONES
V000457,AL01,AC002,RT001,AL011456,2026-02-02 10:00:00,2026-02-02 10:00:00,2026-02-02 11:20:00,2026-02-02 11:20:00,REALIZADO,,T2,G9,0,0,SIMULADOR_OPERACIONES
V000458,AL02,AC005,RT008,AL021457,2026-02-02 11:15:00,2026-02-02 11:15:00,2026-02-02 12:55:00,2026-02-02 12:55:00,REALIZADO,,T1,G10,0,0,SIMULADOR_OPERACIONES
V000459,AL03,AC008,RT015,AL031458,2026-02-02 12:30:00,2026-02-02 12:30:00,2026-02-02 15:45:00,2026-02-02 15:45:00,REALIZADO,,T1,G11,0,0,SIMULADOR_OPERACIONES
V000460,AL04,AC011,RT022,AL041459,2026-02-02 13:45:00,2026-02-02 13:45:00,2026-02-02 18:10:00,2026-02-02 18:10:00,REALIZADO,,T2,G12,0,0,SIMULADOR_OPERACIONES
V000461,AL05,AC014,RT007,AL051460,2026-02-02 14:00:00,2026-02-02 14:08:00,2026-02-02 15:40:00,2026-02-02 15:45:00,REALIZADO,,T1,G13,8,5,SIMULADOR_OPERACIONES
V000462,AL06,AC017,RT014,AL061461,2026-02-02 15:15:00,2026-02-02 15:15:00,2026-02-02 18:50:00,2026-02-02 18:50:00,REALIZADO,,T1,G14,0,0,SIMULADOR_OPERACIONES
V000463,AL01,AC003,RT022,AL011462,2026-02-03 16:30:00,2026-02-03 18:20:00,2026-02-03 20:55:00,2026-02-03 22:44:00,DEMORADO,,T2,G15,110,109,SIMULADOR_OPERACIONES
V000464,AL02,AC006,RT007,AL021463,2026-02-03 17:45:00,2026-02-03 17:45:00,2026-02-03 19:25:00,2026-02-03 19:25:00,REALIZADO,,T1,G16,0,0,SIMULADOR_OPERACIONES
V000465,AL03,AC009,RT014,AL031464,2026-02-03 18:00:00,2026-02-03 18:00:00,2026-02-03 21:35:00,2026-02-03 21:36:00,REALIZADO,,T1,G17,0,1,SIMULADOR_OPERACIONES
V000466,AL04,AC012,RT021,AL041465,2026-02-03 19:15:00,2026-02-03 19:23:00,2026-02-03 23:40:00,2026-02-03 23:50:00,REALIZADO,,T2,G18,8,10,SIMULADOR_OPERACIONES
V000467,AL05,AC015,RT006,AL051466,2026-02-03 20:30:00,2026-02-03 20:30:00,2026-02-03 21:45:00,2026-02-03 21:48:00,REALIZADO,,T1,G19,0,3,SIMULADOR_OPERACIONES
V000468,AL06,AC018,RT013,AL061467,2026-02-03 21:45:00,2026-02-03 21:45:00,2026-02-04 01:20:00,2026-02-04 01:24:00,REALIZADO,,T1,G20,0,4,SIMULADOR_OPERACIONES
V000469,AL01,AC001,RT020,AL011468,2026-02-03 04:00:00,2026-02-03 04:00:00,2026-02-03 09:40:00,2026-02-03 09:40:00,REALIZADO,,T2,G21,0,0,SIMULADOR_OPERACIONES
V000470,AL02,AC004,RT005,AL021469,2026-02-03 05:15:00,2026-02-03 06:46:00,2026-02-03 06:30:00,2026-02-03 07:55:00,DEMORADO,,T1,G22,91,85,SIMULADOR_OPERACIONES
V000471,AL03,AC007,RT012,AL031470,2026-02-03 06:30:00,2026-02-03 06:38:00,2026-02-03 08:10:00,2026-02-03 08:13:00,REALIZADO,,T1,G23,8,3,SIMULADOR_OPERACIONES
V000472,AL04,AC010,RT019,AL041471,2026-02-03 07:45:00,2026-02-03 07:45:00,2026-02-03 13:25:00,2026-02-03 13:25:00,REALIZADO,,T2,G24,0,0,SIMULADOR_OPERACIONES
V000473,AL05,AC013,RT004,AL051472,2026-02-03 08:00:00,2026-02-03 08:00:00,2026-02-03 09:35:00,2026-02-03 09:35:00,REALIZADO,,T1,G25,0,0,SIMULADOR_OPERACIONES
V000474,AL06,AC016,RT011,AL061473,2026-02-03 09:15:00,2026-02-03 09:15:00,2026-02-03 10:55:00,2026-02-03 10:55:00,REALIZADO,,T1,G26,0,0,SIMULADOR_OPERACIONES
V000475,AL01,AC002,RT018,AL011474,2026-02-03 10:30:00,2026-02-03 10:30:00,2026-02-03 14:10:00,2026-02-03 14:10:00,REALIZADO,,T2,G27,0,0,SIMULADOR_OPERACIONES
V000476,AL02,AC005,RT003,AL021475,2026-02-03 11:45:00,2026-02-03 11:53:00,2026-02-03 13:20:00,2026-02-03 13:28:00,REALIZADO,,T1,G28,8,8,SIMULADOR_OPERACIONES
V000477,AL03,AC008,RT010,AL031476,2026-02-04 12:00:00,2026-02-04 13:12:00,2026-02-04 13:55:00,2026-02-04 15:08:00,DEMORADO,,T1,G1,72,73,SIMULADOR_OPERACIONES
V000478,AL04,AC011,RT017,AL041477,2026-02-04 13:15:00,2026-02-04 13:15:00,2026-02-04 16:55:00,2026-02-04 16:57:00,REALIZADO,,T2,G2,0,2,SIMULADOR_OPERACIONES
V000479,AL05,AC014,RT002,AL051478,2026-02-04 14:30:00,2026-02-04 14:30:00,2026-02-04 15:50:00,2026-02-04 15:53:00,REALIZADO,,T1,G3,0,3,SIMULADOR_OPERACIONES
V000480,AL06,AC017,RT009,AL061479,2026-02-04 15:45:00,2026-02-04 15:45:00,2026-02-04 17:40:00,2026-02-04 17:44:00,REALIZADO,,T1,G4,0,4,SIMULADOR_OPERACIONES
V000481,AL01,AC003,RT016,AL011480,2026-02-04 16:00:00,2026-02-04 16:08:00,2026-02-04 19:15:00,2026-02-04 19:16:00,REALIZADO,,T2,G5,8,1,SIMULADOR_OPERACIONES
V000482,AL02,AC006,RT001,AL021481,2026-02-04 17:15:00,2026-02-04 17:15:00,2026-02-04 18:35:00,2026-02-04 18:35:00,REALIZADO,,T1,G6,0,0,SIMULADOR_OPERACIONES
V000483,AL03,AC009,RT008,AL031482,2026-02-04 18:30:00,2026-02-04 18:30:00,2026-02-04 20:10:00,2026-02-04 20:10:00,REALIZADO,,T1,G7,0,0,SIMULADOR_OPERACIONES
V000484,AL04,AC012,RT015,AL041483,2026-02-04 19:45:00,2026-02-04 20:38:00,2026-02-04 23:00:00,2026-02-04 23:49:00,DEMORADO,,T2,G8,53,49,SIMULADOR_OPERACIONES
V000485,AL05,AC015,RT001,AL051484,2026-02-04 20:00:00,2026-02-04 20:00:00,2026-02-04 21:20:00,2026-02-04 21:20:00,REALIZADO,,T1,G9,0,0,SIMULADOR_OPERACIONES
V000486,AL06,AC018,RT008,AL061485,2026-02-04 21:15:00,2026-02-04 21:23:00,2026-02-04 22:55:00,2026-02-04 23:01:00,REALIZADO,,T1,G10,8,6,SIMULADOR_OPERACIONES
V000487,AL01,AC001,RT015,AL011486,2026-02-04 04:30:00,2026-02-04 04:30:00,2026-02-04 07:45:00,2026-02-04 07:45:00,REALIZADO,,T2,G11,0,0,SIMULADOR_OPERACIONES
V000488,AL02,AC004,RT022,AL021487,2026-02-04 05:45:00,2026-02-04 05:45:00,2026-02-04 10:10:00,2026-02-04 10:10:00,REALIZADO,,T1,G12,0,0,SIMULADOR_OPERACIONES
V000489,AL03,AC007,RT007,AL031488,2026-02-04 06:00:00,2026-02-04 06:00:00,2026-02-04 07:40:00,2026-02-04 07:41:00,REALIZADO,,T1,G13,0,1,SIMULADOR_OPERACIONES
V000490,AL04,AC010,RT014,AL041489,2026-02-04 07:15:00,2026-02-04 07:15:00,2026-02-04 10:50:00,2026-02-04 10:52:00,REALIZADO,,T2,G14,0,2,SIMULADOR_OPERACIONES
V000491,AL05,AC013,RT021,AL051490,2026-02-05 08:30:00,2026-02-05 09:04:00,2026-02-05 12:55:00,2026-02-05 13:32:00,DEMORADO,,T1,G15,34,37,SIMULADOR_OPERACIONES
V000492,AL06,AC016,RT006,AL061491,2026-02-05 09:45:00,2026-02-05 09:45:00,2026-02-05 11:00:00,2026-02-05 11:04:00,REALIZADO,,T1,G16,0,4,SIMULADOR_OPERACIONES
V000493,AL01,AC002,RT013,AL011492,2026-02-05 10:00:00,2026-02-05 10:00:00,2026-02-05 13:35:00,2026-02-05 13:35:00,REALIZADO,,T2,G17,0,0,SIMULADOR_OPERACIONES
V000494,AL02,AC005,RT020,AL021493,2026-02-05 11:15:00,2026-02-05 11:15:00,2026-02-05 16:55:00,2026-02-05 16:55:00,REALIZADO,,T1,G18,0,0,SIMULADOR_OPERACIONES
V000495,AL03,AC008,RT005,AL031494,2026-02-05 12:30:00,2026-02-05 12:30:00,2026-02-05 13:45:00,2026-02-05 13:45:00,REALIZADO,,T1,G19,0,0,SIMULADOR_OPERACIONES
V000496,AL04,AC011,RT012,AL041495,2026-02-05 13:45:00,2026-02-05 13:53:00,2026-02-05 15:25:00,2026-02-05 15:29:00,REALIZADO,,T2,G20,8,4,SIMULADOR_OPERACIONES
V000497,AL05,AC014,RT019,AL051496,2026-02-05 14:00:00,2026-02-05 14:00:00,2026-02-05 19:40:00,2026-02-05 19:40:00,REALIZADO,,T1,G21,0,0,SIMULADOR_OPERACIONES
V000498,AL06,AC017,RT004,AL061497,2026-02-05 15:15:00,,2026-02-05 16:50:00,,CANCELADO,CLIMA,T1,,0,0,SIMULADOR_OPERACIONES
V000499,AL01,AC003,RT011,AL011498,2026-02-05 16:30:00,2026-02-05 16:30:00,2026-02-05 18:10:00,2026-02-05 18:10:00,REALIZADO,,T2,G23,0,0,SIMULADOR_OPERACIONES
V000500,AL02,AC006,RT018,AL021499,2026-02-05 17:45:00,2026-02-05 17:45:00,2026-02-05 21:25:00,2026-02-05 21:25:00,REALIZADO,,T1,G24,0,0,SIMULADOR_OPERACIONES
V000501,AL03,AC009,RT003,AL031500,2026-02-05 18:00:00,2026-02-05 18:08:00,2026-02-05 19:35:00,2026-02-05 19:44:00,REALIZADO,,T1,G25,8,9,SIMULADOR_OPERACIONES
V000502,AL04,AC012,RT010,AL041501,2026-02-05 19:15:00,2026-02-05 19:15:00,2026-02-05 21:10:00,2026-02-05 21:12:00,REALIZADO,,T2,G26,0,2,SIMULADOR_OPERACIONES
V000503,AL05,AC015,RT017,AL051502,2026-02-05 20:30:00,2026-02-05 20:30:00,2026-02-06 00:10:00,2026-02-06 00:13:00,REALIZADO,,T1,G27,0,3,SIMULADOR_OPERACIONES
V000504,AL06,AC018,RT002,AL061503,2026-02-05 21:45:00,2026-02-05 21:45:00,2026-02-05 23:05:00,2026-02-05 23:09:00,REALIZADO,,T1,G28,0,4,SIMULADOR_OPERACIONES
V000505,AL01,AC001,RT009,AL011504,2026-02-06 04:00:00,2026-02-06 05:32:00,2026-02-06 05:55:00,2026-02-06 07:20:00,DEMORADO,,T2,G1,92,85,SIMULADOR_OPERACIONES
V000506,AL02,AC004,RT016,AL021505,2026-02-06 05:15:00,2026-02-06 05:23:00,2026-02-06 08:30:00,2026-02-06 08:32:00,REALIZADO,,T1,G2,8,2,SIMULADOR_OPERACIONES
V000507,AL03,AC007,RT002,AL031506,2026-02-06 06:30:00,2026-02-06 06:30:00,2026-02-06 07:50:00,2026-02-06 07:50:00,REALIZADO,,T1,G3,0,0,SIMULADOR_OPERACIONES
V000508,AL04,AC010,RT009,AL041507,2026-02-06 07:45:00,2026-02-06 07:45:00,2026-02-06 09:40:00,2026-02-06 09:40:00,REALIZADO,,T2,G4,0,0,SIMULADOR_OPERACIONES
V000509,AL05,AC013,RT016,AL051508,2026-02-06 08:00:00,2026-02-06 08:00:00,2026-02-06 11:15:00,2026-02-06 11:15:00,REALIZADO,,T1,G5,0,0,SIMULADOR_OPERACIONES
V000510,AL06,AC016,RT001,AL061509,2026-02-06 09:15:00,2026-02-06 09:15:00,2026-02-06 10:35:00,2026-02-06 10:35:00,REALIZADO,,T1,G6,0,0,SIMULADOR_OPERACIONES
V000511,AL01,AC002,RT008,AL011510,2026-02-06 10:30:00,2026-02-06 10:38:00,2026-02-06 12:10:00,2026-02-06 12:17:00,REALIZADO,,T2,G7,8,7,SIMULADOR_OPERACIONES
V000512,AL02,AC005,RT015,AL021511,2026-02-06 11:45:00,2026-02-06 12:58:00,2026-02-06 15:00:00,2026-02-06 16:13:00,DEMORADO,,T1,G8,73,73,SIMULADOR_OPERACIONES
V000513,AL03,AC008,RT022,AL031512,2026-02-06 12:00:00,2026-02-06 12:00:00,2026-02-06 16:25:00,2026-02-06 16:26:00,REALIZADO,,T1,G9,0,1,SIMULADOR_OPERACIONES
V000514,AL04,AC011,RT007,AL041513,2026-02-06 13:15:00,2026-02-06 13:15:00,2026-02-06 14:55:00,2026-02-06 14:57:00,REALIZADO,,T2,G10,0,2,SIMULADOR_OPERACIONES
V000515,AL05,AC014,RT014,AL051514,2026-02-06 14:30:00,2026-02-06 14:30:00,2026-02-06 18:05:00,2026-02-06 18:08:00,REALIZADO,,T1,G11,0,3,SIMULADOR_OPERACIONES
V000516,AL06,AC017,RT021,AL061515,2026-02-06 15:45:00,2026-02-06 15:53:00,2026-02-06 20:10:00,2026-02-06 20:22:00,REALIZADO,,T1,G12,8,12,SIMULADOR_OPERACIONES
V000517,AL01,AC003,RT006,AL011516,2026-02-06 16:00:00,2026-02-06 16:00:00,2026-02-06 17:15:00,2026-02-06 17:15:00,REALIZADO,,T2,G13,0,0,SIMULADOR_OPERACIONES
V000518,AL02,AC006,RT013,AL021517,2026-02-06 17:15:00,2026-02-06 17:15:00,2026-02-06 20:50:00,2026-02-06 20:50:00,REALIZADO,,T1,G14,0,0,SIMULADOR_OPERACIONES
V000519,AL03,AC009,RT020,AL031518,2026-02-07 18:30:00,2026-02-07 19:24:00,2026-02-08 00:10:00,2026-02-08 00:59:00,DEMORADO,,T1,G15,54,49,SIMULADOR_OPERACIONES
V000520,AL04,AC012,RT005,AL041519,2026-02-07 19:45:00,2026-02-07 19:45:00,2026-02-07 21:00:00,2026-02-07 21:00:00,REALIZADO,,T2,G16,0,0,SIMULADOR_OPERACIONES
V000521,AL05,AC015,RT012,AL051520,2026-02-07 20:00:00,2026-02-07 20:08:00,2026-02-07 21:40:00,2026-02-07 21:45:00,REALIZADO,,T1,G17,8,5,SIMULADOR_OPERACIONES
V000522,AL06,AC018,RT019,AL061521,2026-02-07 21:15:00,2026-02-07 21:15:00,2026-02-08 02:55:00,2026-02-08 02:55:00,REALIZADO,,T1,G18,0,0,SIMULADOR_OPERACIONES
V000523,AL01,AC001,RT004,AL011522,2026-02-07 04:30:00,2026-02-07 04:30:00,2026-02-07 06:05:00,2026-02-07 06:05:00,REALIZADO,,T2,G19,0,0,SIMULADOR_OPERACIONES
V000524,AL02,AC004,RT011,AL021523,2026-02-07 05:45:00,2026-02-07 05:45:00,2026-02-07 07:25:00,2026-02-07 07:25:00,REALIZADO,,T1,G20,0,0,SIMULADOR_OPERACIONES
V000525,AL03,AC007,RT018,AL031524,2026-02-07 06:00:00,2026-02-07 06:00:00,2026-02-07 09:40:00,2026-02-07 09:41:00,REALIZADO,,T1,G21,0,1,SIMULADOR_OPERACIONES
V000526,AL04,AC010,RT003,AL041525,2026-02-07 07:15:00,2026-02-07 07:50:00,2026-02-07 08:50:00,2026-02-07 09:27:00,DEMORADO,,T2,G22,35,37,SIMULADOR_OPERACIONES
V000527,AL05,AC013,RT010,AL051526,2026-02-07 08:30:00,2026-02-07 08:30:00,2026-02-07 10:25:00,2026-02-07 10:28:00,REALIZADO,,T1,G23,0,3,SIMULADOR_OPERACIONES
V000528,AL06,AC016,RT017,AL061527,2026-02-07 09:45:00,2026-02-07 09:45:00,2026-02-07 13:25:00,2026-02-07 13:29:00,REALIZADO,,T1,G24,0,4,SIMULADOR_OPERACIONES
V000529,AL01,AC002,RT003,AL011528,2026-02-07 10:00:00,2026-02-07 10:00:00,2026-02-07 11:35:00,2026-02-07 11:35:00,REALIZADO,,T2,G25,0,0,SIMULADOR_OPERACIONES
V000530,AL02,AC005,RT010,AL021529,2026-02-07 11:15:00,2026-02-07 11:15:00,2026-02-07 13:10:00,2026-02-07 13:10:00,REALIZADO,,T1,G26,0,0,SIMULADOR_OPERACIONES
V000531,AL03,AC008,RT017,AL031530,2026-02-07 12:30:00,2026-02-07 12:38:00,2026-02-07 16:10:00,2026-02-07 16:13:00,REALIZADO,,T1,G27,8,3,SIMULADOR_OPERACIONES
V000532,AL04,AC011,RT002,AL041531,2026-02-07 13:45:00,2026-02-07 13:45:00,2026-02-07 15:05:00,2026-02-07 15:05:00,REALIZADO,,T2,G28,0,0,SIMULADOR_OPERACIONES
V000533,AL05,AC014,RT009,AL051532,2026-02-08 14:00:00,2026-02-08 15:52:00,2026-02-08 15:55:00,2026-02-08 17:44:00,DEMORADO,,T1,G1,112,109,SIMULADOR_OPERACIONES
V000534,AL06,AC017,RT016,AL061533,2026-02-08 15:15:00,2026-02-08 15:15:00,2026-02-08 18:30:00,2026-02-08 18:30:00,REALIZADO,,T1,G2,0,0,SIMULADOR_OPERACIONES
V000535,AL01,AC003,RT001,AL011534,2026-02-08 16:30:00,2026-02-08 16:30:00,2026-02-08 17:50:00,2026-02-08 17:50:00,REALIZADO,,T2,G3,0,0,SIMULADOR_OPERACIONES
V000536,AL02,AC006,RT008,AL021535,2026-02-08 17:45:00,2026-02-08 17:53:00,2026-02-08 19:25:00,2026-02-08 19:33:00,REALIZADO,,T1,G4,8,8,SIMULADOR_OPERACIONES
V000537,AL03,AC009,RT015,AL031536,2026-02-08 18:00:00,2026-02-08 18:00:00,2026-02-08 21:15:00,2026-02-08 21:16:00,REALIZADO,,T1,G5,0,1,SIMULADOR_OPERACIONES
V000538,AL04,AC012,RT022,AL041537,2026-02-08 19:15:00,2026-02-08 19:15:00,2026-02-08 23:40:00,2026-02-08 23:42:00,REALIZADO,,T2,G6,0,2,SIMULADOR_OPERACIONES
V000539,AL05,AC015,RT007,AL051538,2026-02-08 20:30:00,2026-02-08 20:30:00,2026-02-08 22:10:00,2026-02-08 22:13:00,REALIZADO,,T1,G7,0,3,SIMULADOR_OPERACIONES
V000540,AL06,AC018,RT014,AL061539,2026-02-08 21:45:00,2026-02-08 23:18:00,2026-02-09 01:20:00,2026-02-09 02:57:00,DEMORADO,,T1,G8,93,97,SIMULADOR_OPERACIONES
V000541,AL01,AC001,RT021,AL011540,2026-02-08 04:00:00,2026-02-08 04:08:00,2026-02-08 08:25:00,2026-02-08 08:26:00,REALIZADO,,T2,G9,8,1,SIMULADOR_OPERACIONES
V000542,AL02,AC004,RT006,AL021541,2026-02-08 05:15:00,2026-02-08 05:15:00,2026-02-08 06:30:00,2026-02-08 06:30:00,REALIZADO,,T1,G10,0,0,SIMULADOR_OPERACIONES
V000543,AL03,AC007,RT013,AL031542,2026-02-08 06:30:00,2026-02-08 06:30:00,2026-02-08 10:05:00,2026-02-08 10:05:00,REALIZADO,,T1,G11,0,0,SIMULADOR_OPERACIONES
V000544,AL04,AC010,RT020,AL041543,2026-02-08 07:45:00,2026-02-08 07:45:00,2026-02-08 13:25:00,2026-02-08 13:25:00,REALIZADO,,T2,G12,0,0,SIMULADOR_OPERACIONES
V000545,AL05,AC013,RT005,AL051544,2026-02-08 08:00:00,2026-02-08 08:00:00,2026-02-08 09:15:00,2026-02-08 09:15:00,REALIZADO,,T1,G13,0,0,SIMULADOR_OPERACIONES
V000546,AL06,AC016,RT012,AL061545,2026-02-08 09:15:00,2026-02-08 09:23:00,2026-02-08 10:55:00,2026-02-08 11:01:00,REALIZADO,,T1,G14,8,6,SIMULADOR_OPERACIONES
V000547,AL01,AC002,RT019,AL011546,2026-02-09 10:30:00,2026-02-09 11:44:00,2026-02-09 16:10:00,2026-02-09 17:23:00,DEMORADO,,T2,G15,74,73,SIMULADOR_OPERACIONES
V000548,AL02,AC005,RT004,AL021547,2026-02-09 11:45:00,2026-02-09 11:45:00,2026-02-09 13:20:00,2026-02-09 13:20:00,REALIZADO,,T1,G16,0,0,SIMULADOR_OPERACIONES
V000549,AL03,AC008,RT011,AL031548,2026-02-09 12:00:00,2026-02-09 12:00:00,2026-02-09 13:40:00,2026-02-09 13:41:00,REALIZADO,,T1,G17,0,1,SIMULADOR_OPERACIONES
V000550,AL04,AC011,RT018,AL041549,2026-02-09 13:15:00,2026-02-09 13:15:00,2026-02-09 16:55:00,2026-02-09 16:57:00,REALIZADO,,T2,G18,0,2,SIMULADOR_OPERACIONES
V000551,AL05,AC014,RT004,AL051550,2026-02-09 14:30:00,2026-02-09 14:38:00,2026-02-09 16:05:00,2026-02-09 16:16:00,REALIZADO,,T1,G19,8,11,SIMULADOR_OPERACIONES
V000552,AL06,AC017,RT011,AL061551,2026-02-09 15:45:00,2026-02-09 15:45:00,2026-02-09 17:25:00,2026-02-09 17:29:00,REALIZADO,,T1,G20,0,4,SIMULADOR_OPERACIONES
V000553,AL01,AC003,RT018,AL011552,2026-02-09 16:00:00,2026-02-09 16:00:00,2026-02-09 19:40:00,2026-02-09 19:40:00,REALIZADO,,T2,G21,0,0,SIMULADOR_OPERACIONES
V000554,AL02,AC006,RT003,AL021553,2026-02-09 17:15:00,2026-02-09 18:10:00,2026-02-09 18:50:00,2026-02-09 19:39:00,DEMORADO,,T1,G22,55,49,SIMULADOR_OPERACIONES
V000555,AL03,AC009,RT010,AL031554,2026-02-09 18:30:00,2026-02-09 18:30:00,2026-02-09 20:25:00,2026-02-09 20:25:00,REALIZADO,,T1,G23,0,0,SIMULADOR_OPERACIONES
V000556,AL04,AC012,RT017,AL041555,2026-02-09 19:45:00,2026-02-09 19:53:00,2026-02-09 23:25:00,2026-02-09 23:29:00,REALIZADO,,T2,G24,8,4,SIMULADOR_OPERACIONES
V000557,AL05,AC015,RT002,AL051556,2026-02-09 20:00:00,2026-02-09 20:00:00,2026-02-09 21:20:00,2026-02-09 21:20:00,REALIZADO,,T1,G25,0,0,SIMULADOR_OPERACIONES
V000558,AL06,AC018,RT009,AL061557,2026-02-09 21:15:00,2026-02-09 21:15:00,2026-02-09 23:10:00,2026-02-09 23:10:00,REALIZADO,,T1,G26,0,0,SIMULADOR_OPERACIONES
V000559,AL01,AC001,RT016,AL011558,2026-02-09 04:30:00,2026-02-09 04:30:00,2026-02-09 07:45:00,2026-02-09 07:45:00,REALIZADO,,T2,G27,0,0,SIMULADOR_OPERACIONES
V000560,AL02,AC004,RT001,AL021559,2026-02-09 05:45:00,2026-02-09 05:45:00,2026-02-09 07:05:00,2026-02-09 07:05:00,REALIZADO,,T1,G28,0,0,SIMULADOR_OPERACIONES
V000561,AL03,AC007,RT008,AL031560,2026-02-10 06:00:00,2026-02-10 06:36:00,2026-02-10 07:40:00,2026-02-10 08:17:00,DEMORADO,,T1,G1,36,37,SIMULADOR_OPERACIONES
V000562,AL04,AC010,RT015,AL041561,2026-02-10 07:15:00,2026-02-10 07:15:00,2026-02-10 10:30:00,2026-02-10 10:32:00,REALIZADO,,T2,G2,0,2,SIMULADOR_OPERACIONES
V000563,AL05,AC013,RT022,AL051562,2026-02-10 08:30:00,2026-02-10 08:30:00,2026-02-10 12:55:00,2026-02-10 12:58:00,REALIZADO,,T1,G3,0,3,SIMULADOR_OPERACIONES
V000564,AL06,AC016,RT007,AL061563,2026-02-10 09:45:00,2026-02-10 09:45:00,2026-02-10 11:25:00,2026-02-10 11:29:00,REALIZADO,,T1,G4,0,4,SIMULADOR_OPERACIONES
V000565,AL01,AC002,RT014,AL011564,2026-02-10 10:00:00,2026-02-10 10:00:00,2026-02-10 13:35:00,2026-02-10 13:35:00,REALIZADO,,T2,G5,0,0,SIMULADOR_OPERACIONES
V000566,AL02,AC005,RT021,AL021565,2026-02-10 11:15:00,2026-02-10 11:23:00,2026-02-10 15:40:00,2026-02-10 15:42:00,REALIZADO,,T1,G6,8,2,SIMULADOR_OPERACIONES
V000567,AL03,AC008,RT006,AL031566,2026-02-10 12:30:00,2026-02-10 12:30:00,2026-02-10 13:45:00,2026-02-10 13:45:00,REALIZADO,,T1,G7,0,0,SIMULADOR_OPERACIONES
V000568,AL04,AC011,RT013,AL041567,2026-02-10 13:45:00,2026-02-10 15:38:00,2026-02-10 17:20:00,2026-02-10 19:09:00,DEMORADO,,T2,G8,113,109,SIMULADOR_OPERACIONES
V000569,AL05,AC014,RT020,AL051568,2026-02-10 14:00:00,,2026-02-10 19:40:00,,CANCELADO,MANTENIMIENTO,T1,,0,0,SIMULADOR_OPERACIONES
V000570,AL06,AC017,RT005,AL061569,2026-02-10 15:15:00,2026-02-10 15:15:00,2026-02-10 16:30:00,2026-02-10 16:30:00,REALIZADO,,T1,G10,0,0,SIMULADOR_OPERACIONES
V000571,AL01,AC003,RT012,AL011570,2026-02-10 16:30:00,2026-02-10 16:38:00,2026-02-10 18:10:00,2026-02-10 18:17:00,REALIZADO,,T2,G11,8,7,SIMULADOR_OPERACIONES
V000572,AL02,AC006,RT019,AL021571,2026-02-10 17:45:00,2026-02-10 17:45:00,2026-02-10 23:25:00,2026-02-10 23:25:00,REALIZADO,,T1,G12,0,0,SIMULADOR_OPERACIONES
V000573,AL03,AC009,RT005,AL031572,2026-02-10 18:00:00,2026-02-10 18:00:00,2026-02-10 19:15:00,2026-02-10 19:16:00,REALIZADO,,T1,G13,0,1,SIMULADOR_OPERACIONES
V000574,AL04,AC012,RT012,AL041573,2026-02-10 19:15:00,2026-02-10 19:15:00,2026-02-10 20:55:00,2026-02-10 20:57:00,REALIZADO,,T2,G14,0,2,SIMULADOR_OPERACIONES
V000575,AL05,AC015,RT019,AL051574,2026-02-11 20:30:00,2026-02-11 22:04:00,2026-02-12 02:10:00,2026-02-12 03:47:00,DEMORADO,,T1,G15,94,97,SIMULADOR_OPERACIONES
V000576,AL06,AC018,RT004,AL061575,2026-02-11 21:45:00,2026-02-11 21:53:00,2026-02-11 23:20:00,2026-02-11 23:32:00,REALIZADO,,T1,G16,8,12,SIMULADOR_OPERACIONES
V000577,AL01,AC001,RT011,AL011576,2026-02-11 04:00:00,2026-02-11 04:00:00,2026-02-11 05:40:00,2026-02-11 05:40:00,REALIZADO,,T2,G17,0,0,SIMULADOR_OPERACIONES
V000578,AL02,AC004,RT018,AL021577,2026-02-11 05:15:00,2026-02-11 05:15:00,2026-02-11 08:55:00,2026-02-11 08:55:00,REALIZADO,,T1,G18,0,0,SIMULADOR_OPERACIONES
V000579,AL03,AC007,RT003,AL031578,2026-02-11 06:30:00,2026-02-11 06:30:00,2026-02-11 08:05:00,2026-02-11 08:05:00,REALIZADO,,T1,G19,0,0,SIMULADOR_OPERACIONES
V000580,AL04,AC010,RT010,AL041579,2026-02-11 07:45:00,2026-02-11 07:45:00,2026-02-11 09:40:00,2026-02-11 09:40:00,REALIZADO,,T2,G20,0,0,SIMULADOR_OPERACIONES
V000581,AL05,AC013,RT017,AL051580,2026-02-11 08:00:00,2026-02-11 08:08:00,2026-02-11 11:40:00,2026-02-11 11:45:00,REALIZADO,,T1,G21,8,5,SIMULADOR_OPERACIONES
V000582,AL06,AC016,RT002,AL061581,2026-02-11 09:15:00,2026-02-11 10:30:00,2026-02-11 10:35:00,2026-02-11 11:48:00,DEMORADO,,T1,G22,75,73,SIMULADOR_OPERACIONES
V000583,AL01,AC002,RT009,AL011582,2026-02-11 10:30:00,2026-02-11 10:30:00,2026-02-11 12:25:00,2026-02-11 12:25:00,REALIZADO,,T2,G23,0,0,SIMULADOR_OPERACIONES
V000584,AL02,AC005,RT016,AL021583,2026-02-11 11:45:00,2026-02-11 11:45:00,2026-02-11 15:00:00,2026-02-11 15:00:00,REALIZADO,,T1,G24,0,0,SIMULADOR_OPERACIONES
V000585,AL03,AC008,RT001,AL031584,2026-02-11 12:00:00,2026-02-11 12:00:00,2026-02-11 13:20:00,2026-02-11 13:21:00,REALIZADO,,T1,G25,0,1,SIMULADOR_OPERACIONES
V000586,AL04,AC011,RT008,AL041585,2026-02-11 13:15:00,2026-02-11 13:23:00,2026-02-11 14:55:00,2026-02-11 15:05:00,REALIZADO,,T2,G26,8,10,SIMULADOR_OPERACIONES
V000587,AL05,AC014,RT015,AL051586,2026-02-11 14:30:00,2026-02-11 14:30:00,2026-02-11 17:45:00,2026-02-11 17:48:00,REALIZADO,,T1,G27,0,3,SIMULADOR_OPERACIONES
V000588,AL06,AC017,RT022,AL061587,2026-02-11 15:45:00,2026-02-11 15:45:00,2026-02-11 20:10:00,2026-02-11 20:14:00,REALIZADO,,T1,G28,0,4,SIMULADOR_OPERACIONES
V000589,AL01,AC003,RT007,AL011588,2026-02-12 16:00:00,2026-02-12 16:56:00,2026-02-12 17:40:00,2026-02-12 18:29:00,DEMORADO,,T2,G1,56,49,SIMULADOR_OPERACIONES
V000590,AL02,AC006,RT014,AL021589,2026-02-12 17:15:00,2026-02-12 17:15:00,2026-02-12 20:50:00,2026-02-12 20:50:00,REALIZADO,,T1,G2,0,0,SIMULADOR_OPERACIONES
V000591,AL03,AC009,RT021,AL031590,2026-02-12 18:30:00,2026-02-12 18:38:00,2026-02-12 22:55:00,2026-02-12 22:58:00,REALIZADO,,T1,G3,8,3,SIMULADOR_OPERACIONES
V000592,AL04,AC012,RT006,AL041591,2026-02-12 19:45:00,2026-02-12 19:45:00,2026-02-12 21:00:00,2026-02-12 21:00:00,REALIZADO,,T2,G4,0,0,SIMULADOR_OPERACIONES
V000593,AL05,AC015,RT013,AL051592,2026-02-12 20:00:00,2026-02-12 20:00:00,2026-02-12 23:35:00,2026-02-12 23:35:00,REALIZADO,,T1,G5,0,0,SIMULADOR_OPERACIONES
V000594,AL06,AC018,RT020,AL061593,2026-02-12 21:15:00,2026-02-12 21:15:00,2026-02-13 02:55:00,2026-02-13 02:55:00,REALIZADO,,T1,G6,0,0,SIMULADOR_OPERACIONES
V000595,AL01,AC001,RT006,AL011594,2026-02-12 04:30:00,2026-02-12 04:30:00,2026-02-12 05:45:00,2026-02-12 05:45:00,REALIZADO,,T2,G7,0,0,SIMULADOR_OPERACIONES
V000596,AL02,AC004,RT013,AL021595,2026-02-12 05:45:00,2026-02-12 06:22:00,2026-02-12 09:20:00,2026-02-12 09:57:00,DEMORADO,,T1,G8,37,37,SIMULADOR_OPERACIONES
V000597,AL03,AC007,RT020,AL031596,2026-02-12 06:00:00,2026-02-12 06:00:00,2026-02-12 11:40:00,2026-02-12 11:41:00,REALIZADO,,T1,G9,0,1,SIMULADOR_OPERACIONES
V000598,AL04,AC010,RT005,AL041597,2026-02-12 07:15:00,2026-02-12 07:15:00,2026-02-12 08:30:00,2026-02-12 08:32:00,REALIZADO,,T2,G10,0,2,SIMULADOR_OPERACIONES
V000599,AL05,AC013,RT012,AL051598,2026-02-12 08:30:00,2026-02-12 08:30:00,2026-02-12 10:10:00,2026-02-12 10:13:00,REALIZADO,,T1,G11,0,3,SIMULADOR_OPERACIONES
V000600,AL06,AC016,RT019,AL061599,2026-02-12 09:45:00,2026-02-12 09:45:00,2026-02-12 15:25:00,2026-02-12 15:29:00,REALIZADO,,T1,G12,0,4,SIMULADOR_OPERACIONES
V000601,AL01,AC002,RT004,AL011600,2026-02-12 10:00:00,2026-02-12 10:08:00,2026-02-12 11:35:00,2026-02-12 11:36:00,REALIZADO,,T2,G13,8,1,SIMULADOR_OPERACIONES
V000602,AL02,AC005,RT011,AL021601,2026-02-12 11:15:00,2026-02-12 11:15:00,2026-02-12 12:55:00,2026-02-12 12:55:00,REALIZADO,,T1,G14,0,0,SIMULADOR_OPERACIONES
V000603,AL03,AC008,RT018,AL031602,2026-02-13 12:30:00,2026-02-13 14:24:00,2026-02-13 16:10:00,2026-02-13 17:59:00,DEMORADO,,T1,G15,114,109,SIMULADOR_OPERACIONES
V000604,AL04,AC011,RT003,AL041603,2026-02-13 13:45:00,2026-02-13 13:45:00,2026-02-13 15:20:00,2026-02-13 15:20:00,REALIZADO,,T2,G16,0,0,SIMULADOR_OPERACIONES
V000605,AL05,AC014,RT010,AL051604,2026-02-13 14:00:00,2026-02-13 14:00:00,2026-02-13 15:55:00,2026-02-13 15:55:00,REALIZADO,,T1,G17,0,0,SIMULADOR_OPERACIONES
V000606,AL06,AC017,RT017,AL061605,2026-02-13 15:15:00,2026-02-13 15:23:00,2026-02-13 18:55:00,2026-02-13 19:01:00,REALIZADO,,T1,G18,8,6,SIMULADOR_OPERACIONES
V000607,AL01,AC003,RT002,AL011606,2026-02-13 16:30:00,2026-02-13 16:30:00,2026-02-13 17:50:00,2026-02-13 17:50:00,REALIZADO,,T2,G19,0,0,SIMULADOR_OPERACIONES
V000608,AL02,AC006,RT009,AL021607,2026-02-13 17:45:00,2026-02-13 17:45:00,2026-02-13 19:40:00,2026-02-13 19:40:00,REALIZADO,,T1,G20,0,0,SIMULADOR_OPERACIONES
V000609,AL03,AC009,RT016,AL031608,2026-02-13 18:00:00,2026-02-13 18:00:00,2026-02-13 21:15:00,2026-02-13 21:16:00,REALIZADO,,T1,G21,0,1,SIMULADOR_OPERACIONES
V000610,AL04,AC012,RT001,AL041609,2026-02-13 19:15:00,2026-02-13 20:50:00,2026-02-13 20:35:00,2026-02-13 22:12:00,DEMORADO,,T2,G22,95,97,SIMULADOR_OPERACIONES
V000611,AL05,AC015,RT008,AL051610,2026-02-13 20:30:00,2026-02-13 20:38:00,2026-02-13 22:10:00,2026-02-13 22:21:00,REALIZADO,,T1,G23,8,11,SIMULADOR_OPERACIONES
V000612,AL06,AC018,RT015,AL061611,2026-02-13 21:45:00,2026-02-13 21:45:00,2026-02-14 01:00:00,2026-02-14 01:04:00,REALIZADO,,T1,G24,0,4,SIMULADOR_OPERACIONES
V000613,AL01,AC001,RT022,AL011612,2026-02-13 04:00:00,2026-02-13 04:00:00,2026-02-13 08:25:00,2026-02-13 08:25:00,REALIZADO,,T2,G25,0,0,SIMULADOR_OPERACIONES
V000614,AL02,AC004,RT007,AL021613,2026-02-13 05:15:00,2026-02-13 05:15:00,2026-02-13 06:55:00,2026-02-13 06:55:00,REALIZADO,,T1,G26,0,0,SIMULADOR_OPERACIONES
V000615,AL03,AC007,RT014,AL031614,2026-02-13 06:30:00,2026-02-13 06:30:00,2026-02-13 10:05:00,2026-02-13 10:05:00,REALIZADO,,T1,G27,0,0,SIMULADOR_OPERACIONES
V000616,AL04,AC010,RT021,AL041615,2026-02-13 07:45:00,2026-02-13 07:53:00,2026-02-13 12:10:00,2026-02-13 12:14:00,REALIZADO,,T2,G28,8,4,SIMULADOR_OPERACIONES
V000617,AL05,AC013,RT007,AL051616,2026-02-14 08:00:00,2026-02-14 09:16:00,2026-02-14 09:40:00,2026-02-14 10:53:00,DEMORADO,,T1,G1,76,73,SIMULADOR_OPERACIONES
V000618,AL06,AC016,RT014,AL061617,2026-02-14 09:15:00,2026-02-14 09:15:00,2026-02-14 12:50:00,2026-02-14 12:50:00,REALIZADO,,T1,G2,0,0,SIMULADOR_OPERACIONES
V000619,AL01,AC002,RT021,AL011618,2026-02-14 10:30:00,2026-02-14 10:30:00,2026-02-14 14:55:00,2026-02-14 14:55:00,REALIZADO,,T2,G3,0,0,SIMULADOR_OPERACIONES
V000620,AL02,AC005,RT006,AL021619,2026-02-14 11:45:00,2026-02-14 11:45:00,2026-02-14 13:00:00,2026-02-14 13:00:00,REALIZADO,,T1,G4,0,0,SIMULADOR_OPERACIONES
V000621,AL03,AC008,RT013,AL031620,2026-02-14 12:00:00,2026-02-14 12:08:00,2026-02-14 15:35:00,2026-02-14 15:44:00,REALIZADO,,T1,G5,8,9,SIMULADOR_OPERACIONES
V000622,AL04,AC011,RT020,AL041621,2026-02-14 13:15:00,2026-02-14 13:15:00,2026-02-14 18:55:00,2026-02-14 18:57:00,REALIZADO,,T2,G6,0,2,SIMULADOR_OPERACIONES
V000623,AL05,AC014,RT005,AL051622,2026-02-14 14:30:00,2026-02-14 14:30:00,2026-02-14 15:45:00,2026-02-14 15:48:00,REALIZADO,,T1,G7,0,3,SIMULADOR_OPERACIONES
V000624,AL06,AC017,RT012,AL061623,2026-02-14 15:45:00,2026-02-14 16:42:00,2026-02-14 17:25:00,2026-02-14 18:26:00,DEMORADO,,T1,G8,57,61,SIMULADOR_OPERACIONES
V000625,AL01,AC003,RT019,AL011624,2026-02-14 16:00:00,2026-02-14 16:00:00,2026-02-14 21:40:00,2026-02-14 21:40:00,REALIZADO,,T2,G9,0,0,SIMULADOR_OPERACIONES
V000626,AL02,AC006,RT004,AL021625,2026-02-14 17:15:00,2026-02-14 17:23:00,2026-02-14 18:50:00,2026-02-14 18:52:00,REALIZADO,,T1,G10,8,2,SIMULADOR_OPERACIONES
V000627,AL03,AC009,RT011,AL031626,2026-02-14 18:30:00,2026-02-14 18:30:00,2026-02-14 20:10:00,2026-02-14 20:10:00,REALIZADO,,T1,G11,0,0,SIMULADOR_OPERACIONES
V000628,AL04,AC012,RT018,AL041627,2026-02-14 19:45:00,2026-02-14 19:45:00,2026-02-14 23:25:00,2026-02-14 23:25:00,REALIZADO,,T2,G12,0,0,SIMULADOR_OPERACIONES
V000629,AL05,AC015,RT003,AL051628,2026-02-14 20:00:00,2026-02-14 20:00:00,2026-02-14 21:35:00,2026-02-14 21:35:00,REALIZADO,,T1,G13,0,0,SIMULADOR_OPERACIONES
V000630,AL06,AC018,RT010,AL061629,2026-02-14 21:15:00,2026-02-14 21:15:00,2026-02-14 23:10:00,2026-02-14 23:10:00,REALIZADO,,T1,G14,0,0,SIMULADOR_OPERACIONES
V000631,AL01,AC001,RT017,AL011630,2026-02-15 04:30:00,2026-02-15 05:08:00,2026-02-15 08:10:00,2026-02-15 08:47:00,DEMORADO,,T2,G15,38,37,SIMULADOR_OPERACIONES
V000632,AL02,AC004,RT002,AL021631,2026-02-15 05:45:00,2026-02-15 05:45:00,2026-02-15 07:05:00,2026-02-15 07:05:00,REALIZADO,,T1,G16,0,0,SIMULADOR_OPERACIONES
V000633,AL03,AC007,RT009,AL031632,2026-02-15 06:00:00,2026-02-15 06:00:00,2026-02-15 07:55:00,2026-02-15 07:56:00,REALIZADO,,T1,G17,0,1,SIMULADOR_OPERACIONES
V000634,AL04,AC010,RT016,AL041633,2026-02-15 07:15:00,2026-02-15 07:15:00,2026-02-15 10:30:00,2026-02-15 10:32:00,REALIZADO,,T2,G18,0,2,SIMULADOR_OPERACIONES
V000635,AL05,AC013,RT001,AL051634,2026-02-15 08:30:00,2026-02-15 08:30:00,2026-02-15 09:50:00,2026-02-15 09:53:00,REALIZADO,,T1,G19,0,3,SIMULADOR_OPERACIONES
V000636,AL06,AC016,RT008,AL061635,2026-02-15 09:45:00,2026-02-15 09:53:00,2026-02-15 11:25:00,2026-02-15 11:37:00,REALIZADO,,T1,G20,8,12,SIMULADOR_OPERACIONES
V000637,AL01,AC002,RT015,AL011636,2026-02-15 10:00:00,2026-02-15 10:00:00,2026-02-15 13:15:00,2026-02-15 13:15:00,REALIZADO,,T2,G21,0,0,SIMULADOR_OPERACIONES
V000638,AL02,AC005,RT022,AL021637,2026-02-15 11:15:00,2026-02-15 13:10:00,2026-02-15 15:40:00,2026-02-15 17:29:00,DEMORADO,,T1,G22,115,109,SIMULADOR_OPERACIONES
V000639,AL03,AC008,RT008,AL031638,2026-02-15 12:30:00,2026-02-15 12:30:00,2026-02-15 14:10:00,2026-02-15 14:10:00,REALIZADO,,T1,G23,0,0,SIMULADOR_OPERACIONES
V000640,AL04,AC011,RT015,AL041639,2026-02-15 13:45:00,,2026-02-15 17:00:00,,CANCELADO,CLIMA,T2,,0,0,SIMULADOR_OPERACIONES
V000641,AL05,AC014,RT022,AL051640,2026-02-15 14:00:00,2026-02-15 14:08:00,2026-02-15 18:25:00,2026-02-15 18:30:00,REALIZADO,,T1,G25,8,5,SIMULADOR_OPERACIONES
V000642,AL06,AC017,RT007,AL061641,2026-02-15 15:15:00,2026-02-15 15:15:00,2026-02-15 16:55:00,2026-02-15 16:55:00,REALIZADO,,T1,G26,0,0,SIMULADOR_OPERACIONES
V000643,AL01,AC003,RT014,AL011642,2026-02-15 16:30:00,2026-02-15 16:30:00,2026-02-15 20:05:00,2026-02-15 20:05:00,REALIZADO,,T2,G27,0,0,SIMULADOR_OPERACIONES
V000644,AL02,AC006,RT021,AL021643,2026-02-15 17:45:00,2026-02-15 17:45:00,2026-02-15 22:10:00,2026-02-15 22:10:00,REALIZADO,,T1,G28,0,0,SIMULADOR_OPERACIONES
V000645,AL03,AC009,RT006,AL031644,2026-02-16 18:00:00,2026-02-16 19:36:00,2026-02-16 19:15:00,2026-02-16 20:52:00,DEMORADO,,T1,G1,96,97,SIMULADOR_OPERACIONES
V000646,AL04,AC012,RT013,AL041645,2026-02-16 19:15:00,2026-02-16 19:23:00,2026-02-16 22:50:00,2026-02-16 23:00:00,REALIZADO,,T2,G2,8,10,SIMULADOR_OPERACIONES
V000647,AL05,AC015,RT020,AL051646,2026-02-16 20:30:00,2026-02-16 20:30:00,2026-02-17 02:10:00,2026-02-17 02:13:00,REALIZADO,,T1,G3,0,3,SIMULADOR_OPERACIONES
V000648,AL06,AC018,RT005,AL061647,2026-02-16 21:45:00,2026-02-16 21:45:00,2026-02-16 23:00:00,2026-02-16 23:04:00,REALIZADO,,T1,G4,0,4,SIMULADOR_OPERACIONES
V000649,AL01,AC001,RT012,AL011648,2026-02-16 04:00:00,2026-02-16 04:00:00,2026-02-16 05:40:00,2026-02-16 05:40:00,REALIZADO,,T2,G5,0,0,SIMULADOR_OPERACIONES
V000650,AL02,AC004,RT019,AL021649,2026-02-16 05:15:00,2026-02-16 05:15:00,2026-02-16 10:55:00,2026-02-16 10:55:00,REALIZADO,,T1,G6,0,0,SIMULADOR_OPERACIONES
V000651,AL03,AC007,RT004,AL031650,2026-02-16 06:30:00,2026-02-16 06:38:00,2026-02-16 08:05:00,2026-02-16 08:08:00,REALIZADO,,T1,G7,8,3,SIMULADOR_OPERACIONES
V000652,AL04,AC010,RT011,AL041651,2026-02-16 07:45:00,2026-02-16 09:02:00,2026-02-16 09:25:00,2026-02-16 10:38:00,DEMORADO,,T2,G8,77,73,SIMULADOR_OPERACIONES
V000653,AL05,AC013,RT018,AL051652,2026-02-16 08:00:00,2026-02-16 08:00:00,2026-02-16 11:40:00,2026-02-16 11:40:00,REALIZADO,,T1,G9,0,0,SIMULADOR_OPERACIONES
V000654,AL06,AC016,RT003,AL061653,2026-02-16 09:15:00,2026-02-16 09:15:00,2026-02-16 10:50:00,2026-02-16 10:50:00,REALIZADO,,T1,G10,0,0,SIMULADOR_OPERACIONES
V000655,AL01,AC002,RT010,AL011654,2026-02-16 10:30:00,2026-02-16 10:30:00,2026-02-16 12:25:00,2026-02-16 12:25:00,REALIZADO,,T2,G11,0,0,SIMULADOR_OPERACIONES
V000656,AL02,AC005,RT017,AL021655,2026-02-16 11:45:00,2026-02-16 11:53:00,2026-02-16 15:25:00,2026-02-16 15:33:00,REALIZADO,,T1,G12,8,8,SIMULADOR_OPERACIONES
V000657,AL03,AC008,RT002,AL031656,2026-02-16 12:00:00,2026-02-16 12:00:00,2026-02-16 13:20:00,2026-02-16 13:21:00,REALIZADO,,T1,G13,0,1,SIMULADOR_OPERACIONES
V000658,AL04,AC011,RT009,AL041657,2026-02-16 13:15:00,2026-02-16 13:15:00,2026-02-16 15:10:00,2026-02-16 15:12:00,REALIZADO,,T2,G14,0,2,SIMULADOR_OPERACIONES
V000659,AL05,AC014,RT016,AL051658,2026-02-17 14:30:00,2026-02-17 15:28:00,2026-02-17 17:45:00,2026-02-17 18:46:00,DEMORADO,,T1,G15,58,61,SIMULADOR_OPERACIONES
V000660,AL06,AC017,RT001,AL061659,2026-02-17 15:45:00,2026-02-17 15:45:00,2026-02-17 17:05:00,2026-02-17 17:09:00,REALIZADO,,T1,G16,0,4,SIMULADOR_OPERACIONES
V000661,AL01,AC003,RT009,AL011660,2026-02-17 16:00:00,2026-02-17 16:08:00,2026-02-17 17:55:00,2026-02-17 17:56:00,REALIZADO,,T2,G17,8,1,SIMULADOR_OPERACIONES
V000662,AL02,AC006,RT016,AL021661,2026-02-17 17:15:00,2026-02-17 17:15:00,2026-02-17 20:30:00,2026-02-17 20:30:00,REALIZADO,,T1,G18,0,0,SIMULADOR_OPERACIONES
V000663,AL03,AC009,RT001,AL031662,2026-02-17 18:30:00,2026-02-17 18:30:00,2026-02-17 19:50:00,2026-02-17 19:50:00,REALIZADO,,T1,G19,0,0,SIMULADOR_OPERACIONES
V000664,AL04,AC012,RT008,AL041663,2026-02-17 19:45:00,2026-02-17 19:45:00,2026-02-17 21:25:00,2026-02-17 21:25:00,REALIZADO,,T2,G20,0,0,SIMULADOR_OPERACIONES
V000665,AL05,AC015,RT015,AL051664,2026-02-17 20:00:00,2026-02-17 20:00:00,2026-02-17 23:15:00,2026-02-17 23:15:00,REALIZADO,,T1,G21,0,0,SIMULADOR_OPERACIONES
V000666,AL06,AC018,RT022,AL061665,2026-02-17 21:15:00,2026-02-17 21:54:00,2026-02-18 01:40:00,2026-02-18 02:17:00,DEMORADO,,T1,G22,39,37,SIMULADOR_OPERACIONES
V000667,AL01,AC001,RT007,AL011666,2026-02-17 04:30:00,2026-02-17 04:30:00,2026-02-17 06:10:00,2026-02-17 06:10:00,REALIZADO,,T2,G23,0,0,SIMULADOR_OPERACIONES
V000668,AL02,AC004,RT014,AL021667,2026-02-17 05:45:00,2026-02-17 05:45:00,2026-02-17 09:20:00,2026-02-17 09:20:00,REALIZADO,,T1,G24,0,0,SIMULADOR_OPERACIONES
V000669,AL03,AC007,RT021,AL031668,2026-02-17 06:00:00,2026-02-17 06:00:00,2026-02-17 10:25:00,2026-02-17 10:26:00,REALIZADO,,T1,G25,0,1,SIMULADOR_OPERACIONES
V000670,AL04,AC010,RT006,AL041669,2026-02-17 07:15:00,2026-02-17 07:15:00,2026-02-17 08:30:00,2026-02-17 08:32:00,REALIZADO,,T2,G26,0,2,SIMULADOR_OPERACIONES
V000671,AL05,AC013,RT013,AL051670,2026-02-17 08:30:00,2026-02-17 08:38:00,2026-02-17 12:05:00,2026-02-17 12:16:00,REALIZADO,,T1,G27,8,11,SIMULADOR_OPERACIONES
V000672,AL06,AC016,RT020,AL061671,2026-02-17 09:45:00,2026-02-17 09:45:00,2026-02-17 15:25:00,2026-02-17 15:29:00,REALIZADO,,T1,G28,0,4,SIMULADOR_OPERACIONES
V000673,AL01,AC002,RT005,AL011672,2026-02-18 10:00:00,2026-02-18 10:20:00,2026-02-18 11:15:00,2026-02-18 11:28:00,DEMORADO,,T2,G1,20,13,SIMULADOR_OPERACIONES
V000674,AL02,AC005,RT012,AL021673,2026-02-18 11:15:00,2026-02-18 11:15:00,2026-02-18 12:55:00,2026-02-18 12:55:00,REALIZADO,,T1,G2,0,0,SIMULADOR_OPERACIONES
V000675,AL03,AC008,RT019,AL031674,2026-02-18 12:30:00,2026-02-18 12:30:00,2026-02-18 18:10:00,2026-02-18 18:10:00,REALIZADO,,T1,G3,0,0,SIMULADOR_OPERACIONES
V000676,AL04,AC011,RT004,AL041675,2026-02-18 13:45:00,2026-02-18 13:53:00,2026-02-18 15:20:00,2026-02-18 15:24:00,REALIZADO,,T2,G4,8,4,SIMULADOR_OPERACIONES
V000677,AL05,AC014,RT011,AL051676,2026-02-18 14:00:00,2026-02-18 14:00:00,2026-02-18 15:40:00,2026-02-18 15:40:00,REALIZADO,,T1,G5,0,0,SIMULADOR_OPERACIONES
V000678,AL06,AC017,RT018,AL061677,2026-02-18 15:15:00,2026-02-18 15:15:00,2026-02-18 18:55:00,2026-02-18 18:55:00,REALIZADO,,T1,G6,0,0,SIMULADOR_OPERACIONES
V000679,AL01,AC003,RT003,AL011678,2026-02-18 16:30:00,2026-02-18 16:30:00,2026-02-18 18:05:00,2026-02-18 18:05:00,REALIZADO,,T2,G7,0,0,SIMULADOR_OPERACIONES
V000680,AL02,AC006,RT010,AL021679,2026-02-18 17:45:00,2026-02-18 19:22:00,2026-02-18 19:40:00,2026-02-18 21:17:00,DEMORADO,,T1,G8,97,97,SIMULADOR_OPERACIONES
V000681,AL03,AC009,RT017,AL031680,2026-02-18 18:00:00,2026-02-18 18:08:00,2026-02-18 21:40:00,2026-02-18 21:49:00,REALIZADO,,T1,G9,8,9,SIMULADOR_OPERACIONES
V000682,AL04,AC012,RT002,AL041681,2026-02-18 19:15:00,2026-02-18 19:15:00,2026-02-18 20:35:00,2026-02-18 20:37:00,REALIZADO,,T2,G10,0,2,SIMULADOR_OPERACIONES
V000683,AL05,AC015,RT010,AL051682,2026-02-18 20:30:00,2026-02-18 20:30:00,2026-02-18 22:25:00,2026-02-18 22:28:00,REALIZADO,,T1,G11,0,3,SIMULADOR_OPERACIONES
V000684,AL06,AC018,RT017,AL061683,2026-02-18 21:45:00,2026-02-18 21:45:00,2026-02-19 01:25:00,2026-02-19 01:29:00,REALIZADO,,T1,G12,0,4,SIMULADOR_OPERACIONES
V000685,AL01,AC001,RT002,AL011684,2026-02-18 04:00:00,2026-02-18 04:00:00,2026-02-18 05:20:00,2026-02-18 05:20:00,REALIZADO,,T2,G13,0,0,SIMULADOR_OPERACIONES
V000686,AL02,AC004,RT009,AL021685,2026-02-18 05:15:00,2026-02-18 05:23:00,2026-02-18 07:10:00,2026-02-18 07:12:00,REALIZADO,,T1,G14,8,2,SIMULADOR_OPERACIONES
V000687,AL03,AC007,RT016,AL031686,2026-02-19 06:30:00,2026-02-19 07:48:00,2026-02-19 09:45:00,2026-02-19 10:58:00,DEMORADO,,T1,G15,78,73,SIMULADOR_OPERACIONES
V000688,AL04,AC010,RT001,AL041687,2026-02-19 07:45:00,2026-02-19 07:45:00,2026-02-19 09:05:00,2026-02-19 09:05:00,REALIZADO,,T2,G16,0,0,SIMULADOR_OPERACIONES
V000689,AL05,AC013,RT008,AL051688,2026-02-19 08:00:00,2026-02-19 08:00:00,2026-02-19 09:40:00,2026-02-19 09:40:00,REALIZADO,,T1,G17,0,0,SIMULADOR_OPERACIONES
V000690,AL06,AC016,RT015,AL061689,2026-02-19 09:15:00,2026-02-19 09:15:00,2026-02-19 12:30:00,2026-02-19 12:30:00,REALIZADO,,T1,G18,0,0,SIMULADOR_OPERACIONES
V000691,AL01,AC002,RT022,AL011690,2026-02-19 10:30:00,2026-02-19 10:38:00,2026-02-19 14:55:00,2026-02-19 15:02:00,REALIZADO,,T2,G19,8,7,SIMULADOR_OPERACIONES
V000692,AL02,AC005,RT007,AL021691,2026-02-19 11:45:00,2026-02-19 11:45:00,2026-02-19 13:25:00,2026-02-19 13:25:00,REALIZADO,,T1,G20,0,0,SIMULADOR_OPERACIONES
V000693,AL03,AC008,RT014,AL031692,2026-02-19 12:00:00,2026-02-19 12:00:00,2026-02-19 15:35:00,2026-02-19 15:36:00,REALIZADO,,T1,G21,0,1,SIMULADOR_OPERACIONES
V000694,AL04,AC011,RT021,AL041693,2026-02-19 13:15:00,2026-02-19 14:14:00,2026-02-19 17:40:00,2026-02-19 18:41:00,DEMORADO,,T2,G22,59,61,SIMULADOR_OPERACIONES
V000695,AL05,AC014,RT006,AL051694,2026-02-19 14:30:00,2026-02-19 14:30:00,2026-02-19 15:45:00,2026-02-19 15:48:00,REALIZADO,,T1,G23,0,3,SIMULADOR_OPERACIONES
V000696,AL06,AC017,RT013,AL061695,2026-02-19 15:45:00,2026-02-19 15:53:00,2026-02-19 19:20:00,2026-02-19 19:32:00,REALIZADO,,T1,G24,8,12,SIMULADOR_OPERACIONES
V000697,AL01,AC003,RT020,AL011696,2026-02-19 16:00:00,2026-02-19 16:00:00,2026-02-19 21:40:00,2026-02-19 21:40:00,REALIZADO,,T2,G25,0,0,SIMULADOR_OPERACIONES
V000698,AL02,AC006,RT005,AL021697,2026-02-19 17:15:00,2026-02-19 17:15:00,2026-02-19 18:30:00,2026-02-19 18:30:00,REALIZADO,,T1,G26,0,0,SIMULADOR_OPERACIONES
V000699,AL03,AC009,RT012,AL031698,2026-02-19 18:30:00,2026-02-19 18:30:00,2026-02-19 20:10:00,2026-02-19 20:10:00,REALIZADO,,T1,G27,0,0,SIMULADOR_OPERACIONES
V000700,AL04,AC012,RT019,AL041699,2026-02-19 19:45:00,2026-02-19 19:45:00,2026-02-20 01:25:00,2026-02-20 01:25:00,REALIZADO,,T2,G28,0,0,SIMULADOR_OPERACIONES
V000701,AL05,AC015,RT004,AL051700,2026-02-20 20:00:00,2026-02-20 20:40:00,2026-02-20 21:35:00,2026-02-20 22:12:00,DEMORADO,,T1,G1,40,37,SIMULADOR_OPERACIONES
V000702,AL06,AC018,RT011,AL061701,2026-02-20 21:15:00,2026-02-20 21:15:00,2026-02-20 22:55:00,2026-02-20 22:55:00,REALIZADO,,T1,G2,0,0,SIMULADOR_OPERACIONES
V000703,AL01,AC001,RT018,AL011702,2026-02-20 04:30:00,2026-02-20 04:30:00,2026-02-20 08:10:00,2026-02-20 08:10:00,REALIZADO,,T2,G3,0,0,SIMULADOR_OPERACIONES
V000704,AL02,AC004,RT003,AL021703,2026-02-20 05:45:00,2026-02-20 05:45:00,2026-02-20 07:20:00,2026-02-20 07:20:00,REALIZADO,,T1,G4,0,0,SIMULADOR_OPERACIONES
V000705,AL03,AC007,RT011,AL031704,2026-02-20 06:00:00,2026-02-20 06:00:00,2026-02-20 07:40:00,2026-02-20 07:41:00,REALIZADO,,T1,G5,0,1,SIMULADOR_OPERACIONES
V000706,AL04,AC010,RT018,AL041705,2026-02-20 07:15:00,2026-02-20 07:23:00,2026-02-20 10:55:00,2026-02-20 11:05:00,REALIZADO,,T2,G6,8,10,SIMULADOR_OPERACIONES
V000707,AL05,AC013,RT003,AL051706,2026-02-20 08:30:00,2026-02-20 08:30:00,2026-02-20 10:05:00,2026-02-20 10:08:00,REALIZADO,,T1,G7,0,3,SIMULADOR_OPERACIONES
V000708,AL06,AC016,RT010,AL061707,2026-02-20 09:45:00,2026-02-20 10:06:00,2026-02-20 11:40:00,2026-02-20 12:05:00,DEMORADO,,T1,G8,21,25,SIMULADOR_OPERACIONES
V000709,AL01,AC002,RT017,AL011708,2026-02-20 10:00:00,2026-02-20 10:00:00,2026-02-20 13:40:00,2026-02-20 13:40:00,REALIZADO,,T2,G9,0,0,SIMULADOR_OPERACIONES
V000710,AL02,AC005,RT002,AL021709,2026-02-20 11:15:00,2026-02-20 11:15:00,2026-02-20 12:35:00,2026-02-20 12:35:00,REALIZADO,,T1,G10,0,0,SIMULADOR_OPERACIONES
V000711,AL03,AC008,RT009,AL031710,2026-02-20 12:30:00,,2026-02-20 14:25:00,,CANCELADO,MANTENIMIENTO,T1,,0,0,SIMULADOR_OPERACIONES
V000712,AL04,AC011,RT016,AL041711,2026-02-20 13:45:00,2026-02-20 13:45:00,2026-02-20 17:00:00,2026-02-20 17:00:00,REALIZADO,,T2,G12,0,0,SIMULADOR_OPERACIONES
V000713,AL05,AC014,RT001,AL051712,2026-02-20 14:00:00,2026-02-20 14:00:00,2026-02-20 15:20:00,2026-02-20 15:20:00,REALIZADO,,T1,G13,0,0,SIMULADOR_OPERACIONES
V000714,AL06,AC017,RT008,AL061713,2026-02-20 15:15:00,2026-02-20 15:15:00,2026-02-20 16:55:00,2026-02-20 16:55:00,REALIZADO,,T1,G14,0,0,SIMULADOR_OPERACIONES
V000715,AL01,AC003,RT015,AL011714,2026-02-21 16:30:00,2026-02-21 18:08:00,2026-02-21 19:45:00,2026-02-21 21:22:00,DEMORADO,,T2,G15,98,97,SIMULADOR_OPERACIONES
V000716,AL02,AC006,RT022,AL021715,2026-02-21 17:45:00,2026-02-21 17:53:00,2026-02-21 22:10:00,2026-02-21 22:18:00,REALIZADO,,T1,G16,8,8,SIMULADOR_OPERACIONES
V000717,AL03,AC009,RT007,AL031716,2026-02-21 18:00:00,2026-02-21 18:00:00,2026-02-21 19:40:00,2026-02-21 19:41:00,REALIZADO,,T1,G17,0,1,SIMULADOR_OPERACIONES
V000718,AL04,AC012,RT014,AL041717,2026-02-21 19:15:00,2026-02-21 19:15:00,2026-02-21 22:50:00,2026-02-21 22:52:00,REALIZADO,,T2,G18,0,2,SIMULADOR_OPERACIONES
V000719,AL05,AC015,RT021,AL051718,2026-02-21 20:30:00,2026-02-21 20:30:00,2026-02-22 00:55:00,2026-02-22 00:58:00,REALIZADO,,T1,G19,0,3,SIMULADOR_OPERACIONES
V000720,AL06,AC018,RT006,AL061719,2026-02-21 21:45:00,2026-02-21 21:45:00,2026-02-21 23:00:00,2026-02-21 23:04:00,REALIZADO,,T1,G20,0,4,SIMULADOR_OPERACIONES
V000721,AL01,AC001,RT013,AL011720,2026-02-21 04:00:00,2026-02-21 04:08:00,2026-02-21 07:35:00,2026-02-21 07:36:00,REALIZADO,,T2,G21,8,1,SIMULADOR_OPERACIONES
V000722,AL02,AC004,RT020,AL021721,2026-02-21 05:15:00,2026-02-21 06:34:00,2026-02-21 10:55:00,2026-02-21 12:08:00,DEMORADO,,T1,G22,79,73,SIMULADOR_OPERACIONES
V000723,AL03,AC007,RT005,AL031722,2026-02-21 06:30:00,2026-02-21 06:30:00,2026-02-21 07:45:00,2026-02-21 07:45:00,REALIZADO,,T1,G23,0,0,SIMULADOR_OPERACIONES
V000724,AL04,AC010,RT012,AL041723,2026-02-21 07:45:00,2026-02-21 07:45:00,2026-02-21 09:25:00,2026-02-21 09:25:00,REALIZADO,,T2,G24,0,0,SIMULADOR_OPERACIONES
V000725,AL05,AC013,RT019,AL051724,2026-02-21 08:00:00,2026-02-21 08:00:00,2026-02-21 13:40:00,2026-02-21 13:40:00,REALIZADO,,T1,G25,0,0,SIMULADOR_OPERACIONES
V000726,AL06,AC016,RT004,AL061725,2026-02-21 09:15:00,2026-02-21 09:23:00,2026-02-21 10:50:00,2026-02-21 10:56:00,REALIZADO,,T1,G26,8,6,SIMULADOR_OPERACIONES
V000727,AL01,AC002,RT012,AL011726,2026-02-21 10:30:00,2026-02-21 10:30:00,2026-02-21 12:10:00,2026-02-21 12:10:00,REALIZADO,,T2,G27,0,0,SIMULADOR_OPERACIONES
V000728,AL02,AC005,RT019,AL021727,2026-02-21 11:45:00,2026-02-21 11:45:00,2026-02-21 17:25:00,2026-02-21 17:25:00,REALIZADO,,T1,G28,0,0,SIMULADOR_OPERACIONES
V000729,AL03,AC008,RT004,AL031728,2026-02-22 12:00:00,2026-02-22 13:00:00,2026-02-22 13:35:00,2026-02-22 14:36:00,DEMORADO,,T1,G1,60,61,SIMULADOR_OPERACIONES
V000730,AL04,AC011,RT011,AL041729,2026-02-22 13:15:00,2026-02-22 13:15:00,2026-02-22 14:55:00,2026-02-22 14:57:00,REALIZADO,,T2,G2,0,2,SIMULADOR_OPERACIONES
V000731,AL05,AC014,RT018,AL051730,2026-02-22 14:30:00,2026-02-22 14:38:00,2026-02-22 18:10:00,2026-02-22 18:21:00,REALIZADO,,T1,G3,8,11,SIMULADOR_OPERACIONES
V000732,AL06,AC017,RT003,AL061731,2026-02-22 15:45:00,2026-02-22 15:45:00,2026-02-22 17:20:00,2026-02-22 17:24:00,REALIZADO,,T1,G4,0,4,SIMULADOR_OPERACIONES
V000733,AL01,AC003,RT010,AL011732,2026-02-22 16:00:00,2026-02-22 16:00:00,2026-02-22 17:55:00,2026-02-22 17:55:00,REALIZADO,,T2,G5,0,0,SIMULADOR_OPERACIONES
V000734,AL02,AC006,RT017,AL021733,2026-02-22 17:15:00,2026-02-22 17:15:00,2026-02-22 20:55:00,2026-02-22 20:55:00,REALIZADO,,T1,G6,0,0,SIMULADOR_OPERACIONES
V000735,AL03,AC009,RT002,AL031734,2026-02-22 18:30:00,2026-02-22 18:30:00,2026-02-22 19:50:00,2026-02-22 19:50:00,REALIZADO,,T1,G7,0,0,SIMULADOR_OPERACIONES
V000736,AL04,AC012,RT009,AL041735,2026-02-22 19:45:00,2026-02-22 20:26:00,2026-02-22 21:40:00,2026-02-22 22:17:00,DEMORADO,,T2,G8,41,37,SIMULADOR_OPERACIONES
V000737,AL05,AC015,RT016,AL051736,2026-02-22 20:00:00,2026-02-22 20:00:00,2026-02-22 23:15:00,2026-02-22 23:15:00,REALIZADO,,T1,G9,0,0,SIMULADOR_OPERACIONES
V000738,AL06,AC018,RT001,AL061737,2026-02-22 21:15:00,2026-02-22 21:15:00,2026-02-22 22:35:00,2026-02-22 22:35:00,REALIZADO,,T1,G10,0,0,SIMULADOR_OPERACIONES
V000739,AL01,AC001,RT008,AL011738,2026-02-22 04:30:00,2026-02-22 04:30:00,2026-02-22 06:10:00,2026-02-22 06:10:00,REALIZADO,,T2,G11,0,0,SIMULADOR_OPERACIONES
V000740,AL02,AC004,RT015,AL021739,2026-02-22 05:45:00,2026-02-22 05:45:00,2026-02-22 09:00:00,2026-02-22 09:00:00,REALIZADO,,T1,G12,0,0,SIMULADOR_OPERACIONES
V000741,AL03,AC007,RT022,AL031740,2026-02-22 06:00:00,2026-02-22 06:08:00,2026-02-22 10:25:00,2026-02-22 10:34:00,REALIZADO,,T1,G13,8,9,SIMULADOR_OPERACIONES
V000742,AL04,AC010,RT007,AL041741,2026-02-22 07:15:00,2026-02-22 07:15:00,2026-02-22 08:55:00,2026-02-22 08:57:00,REALIZADO,,T2,G14,0,2,SIMULADOR_OPERACIONES
V000743,AL05,AC013,RT014,AL051742,2026-02-23 08:30:00,2026-02-23 08:52:00,2026-02-23 12:05:00,2026-02-23 12:30:00,DEMORADO,,T1,G15,22,25,SIMULADOR_OPERACIONES
V000744,AL06,AC016,RT021,AL061743,2026-02-23 09:45:00,2026-02-23 09:45:00,2026-02-23 14:10:00,2026-02-23 14:14:00,REALIZADO,,T1,G16,0,4,SIMULADOR_OPERACIONES
V000745,AL01,AC002,RT006,AL011744,2026-02-23 10:00:00,2026-02-23 10:00:00,2026-02-23 11:15:00,2026-02-23 11:15:00,REALIZADO,,T2,G17,0,0,SIMULADOR_OPERACIONES
V000746,AL02,AC005,RT013,AL021745,2026-02-23 11:15:00,2026-02-23 11:23:00,2026-02-23 14:50:00,2026-02-23 14:52:00,REALIZADO,,T1,G18,8,2,SIMULADOR_OPERACIONES
V000747,AL03,AC008,RT020,AL031746,2026-02-23 12:30:00,2026-02-23 12:30:00,2026-02-23 18:10:00,2026-02-23 18:10:00,REALIZADO,,T1,G19,0,0,SIMULADOR_OPERACIONES
V000748,AL04,AC011,RT005,AL041747,2026-02-23 13:45:00,2026-02-23 13:45:00,2026-02-23 15:00:00,2026-02-23 15:00:00,REALIZADO,,T2,G20,0,0,SIMULADOR_OPERACIONES
V000749,AL05,AC014,RT013,AL051748,2026-02-23 14:00:00,2026-02-23 14:00:00,2026-02-23 17:35:00,2026-02-23 17:35:00,REALIZADO,,T1,G21,0,0,SIMULADOR_OPERACIONES
V000750,AL06,AC017,RT020,AL061749,2026-02-23 15:15:00,2026-02-23 16:54:00,2026-02-23 20:55:00,2026-02-23 22:32:00,DEMORADO,,T1,G22,99,97,SIMULADOR_OPERACIONES
V000751,AL01,AC003,RT005,AL011750,2026-02-23 16:30:00,2026-02-23 16:38:00,2026-02-23 17:45:00,2026-02-23 17:52:00,REALIZADO,,T2,G23,8,7,SIMULADOR_OPERACIONES
V000752,AL02,AC006,RT012,AL021751,2026-02-23 17:45:00,2026-02-23 17:45:00,2026-02-23 19:25:00,2026-02-23 19:25:00,REALIZADO,,T1,G24,0,0,SIMULADOR_OPERACIONES
V000753,AL03,AC009,RT019,AL031752,2026-02-23 18:00:00,2026-02-23 18:00:00,2026-02-23 23:40:00,2026-02-23 23:41:00,REALIZADO,,T1,G25,0,1,SIMULADOR_OPERACIONES
V000754,AL04,AC012,RT004,AL041753,2026-02-23 19:15:00,2026-02-23 19:15:00,2026-02-23 20:50:00,2026-02-23 20:52:00,REALIZADO,,T2,G26,0,2,SIMULADOR_OPERACIONES
V000755,AL05,AC015,RT011,AL051754,2026-02-23 20:30:00,2026-02-23 20:30:00,2026-02-23 22:10:00,2026-02-23 22:13:00,REALIZADO,,T1,G27,0,3,SIMULADOR_OPERACIONES
V000756,AL06,AC018,RT018,AL061755,2026-02-23 21:45:00,2026-02-23 21:53:00,2026-02-24 01:25:00,2026-02-24 01:37:00,REALIZADO,,T1,G28,8,12,SIMULADOR_OPERACIONES
V000757,AL01,AC001,RT003,AL011756,2026-02-24 04:00:00,2026-02-24 05:20:00,2026-02-24 05:35:00,2026-02-24 06:48:00,DEMORADO,,T2,G1,80,73,SIMULADOR_OPERACIONES
V000758,AL02,AC004,RT010,AL021757,2026-02-24 05:15:00,2026-02-24 05:15:00,2026-02-24 07:10:00,2026-02-24 07:10:00,REALIZADO,,T1,G2,0,0,SIMULADOR_OPERACIONES
V000759,AL03,AC007,RT017,AL031758,2026-02-24 06:30:00,2026-02-24 06:30:00,2026-02-24 10:10:00,2026-02-24 10:10:00,REALIZADO,,T1,G3,0,0,SIMULADOR_OPERACIONES
V000760,AL04,AC010,RT002,AL041759,2026-02-24 07:45:00,2026-02-24 07:45:00,2026-02-24 09:05:00,2026-02-24 09:05:00,REALIZADO,,T2,G4,0,0,SIMULADOR_OPERACIONES
V000761,AL05,AC013,RT009,AL051760,2026-02-24 08:00:00,2026-02-24 08:08:00,2026-02-24 09:55:00,2026-02-24 10:00:00,REALIZADO,,T1,G5,8,5,SIMULADOR_OPERACIONES
V000762,AL06,AC016,RT016,AL061761,2026-02-24 09:15:00,2026-02-24 09:15:00,2026-02-24 12:30:00,2026-02-24 12:30:00,REALIZADO,,T1,G6,0,0,SIMULADOR_OPERACIONES
V000763,AL01,AC002,RT001,AL011762,2026-02-24 10:30:00,2026-02-24 10:30:00,2026-02-24 11:50:00,2026-02-24 11:50:00,REALIZADO,,T2,G7,0,0,SIMULADOR_OPERACIONES
V000764,AL02,AC005,RT008,AL021763,2026-02-24 11:45:00,2026-02-24 12:46:00,2026-02-24 13:25:00,2026-02-24 14:26:00,DEMORADO,,T1,G8,61,61,SIMULADOR_OPERACIONES
V000765,AL03,AC008,RT015,AL031764,2026-02-24 12:00:00,2026-02-24 12:00:00,2026-02-24 15:15:00,2026-02-24 15:16:00,REALIZADO,,T1,G9,0,1,SIMULADOR_OPERACIONES
V000766,AL04,AC011,RT022,AL041765,2026-02-24 13:15:00,2026-02-24 13:23:00,2026-02-24 17:40:00,2026-02-24 17:50:00,REALIZADO,,T2,G10,8,10,SIMULADOR_OPERACIONES
V000767,AL05,AC014,RT007,AL051766,2026-02-24 14:30:00,2026-02-24 14:30:00,2026-02-24 16:10:00,2026-02-24 16:13:00,REALIZADO,,T1,G11,0,3,SIMULADOR_OPERACIONES
V000768,AL06,AC017,RT014,AL061767,2026-02-24 15:45:00,2026-02-24 15:45:00,2026-02-24 19:20:00,2026-02-24 19:24:00,REALIZADO,,T1,G12,0,4,SIMULADOR_OPERACIONES
V000769,AL01,AC003,RT021,AL011768,2026-02-24 16:00:00,2026-02-24 16:00:00,2026-02-24 20:25:00,2026-02-24 20:25:00,REALIZADO,,T2,G13,0,0,SIMULADOR_OPERACIONES
V000770,AL02,AC006,RT006,AL021769,2026-02-24 17:15:00,2026-02-24 17:15:00,2026-02-24 18:30:00,2026-02-24 18:30:00,REALIZADO,,T1,G14,0,0,SIMULADOR_OPERACIONES
V000771,AL03,AC009,RT014,AL031770,2026-02-25 18:30:00,2026-02-25 19:12:00,2026-02-25 22:05:00,2026-02-25 22:42:00,DEMORADO,,T1,G15,42,37,SIMULADOR_OPERACIONES
V000772,AL04,AC012,RT021,AL041771,2026-02-25 19:45:00,2026-02-25 19:45:00,2026-02-26 00:10:00,2026-02-26 00:10:00,REALIZADO,,T2,G16,0,0,SIMULADOR_OPERACIONES
V000773,AL05,AC015,RT006,AL051772,2026-02-25 20:00:00,2026-02-25 20:00:00,2026-02-25 21:15:00,2026-02-25 21:15:00,REALIZADO,,T1,G17,0,0,SIMULADOR_OPERACIONES
V000774,AL06,AC018,RT013,AL061773,2026-02-25 21:15:00,2026-02-25 21:15:00,2026-02-26 00:50:00,2026-02-26 00:50:00,REALIZADO,,T1,G18,0,0,SIMULADOR_OPERACIONES
V000775,AL01,AC001,RT020,AL011774,2026-02-25 04:30:00,2026-02-25 04:30:00,2026-02-25 10:10:00,2026-02-25 10:10:00,REALIZADO,,T2,G19,0,0,SIMULADOR_OPERACIONES
V000776,AL02,AC004,RT005,AL021775,2026-02-25 05:45:00,2026-02-25 05:53:00,2026-02-25 07:00:00,2026-02-25 07:08:00,REALIZADO,,T1,G20,8,8,SIMULADOR_OPERACIONES
V000777,AL03,AC007,RT012,AL031776,2026-02-25 06:00:00,2026-02-25 06:00:00,2026-02-25 07:40:00,2026-02-25 07:41:00,REALIZADO,,T1,G21,0,1,SIMULADOR_OPERACIONES
V000778,AL04,AC010,RT019,AL041777,2026-02-25 07:15:00,2026-02-25 07:38:00,2026-02-25 12:55:00,2026-02-25 13:20:00,DEMORADO,,T2,G22,23,25,SIMULADOR_OPERACIONES
V000779,AL05,AC013,RT004,AL051778,2026-02-25 08:30:00,2026-02-25 08:30:00,2026-02-25 10:05:00,2026-02-25 10:08:00,REALIZADO,,T1,G23,0,3,SIMULADOR_OPERACIONES
V000780,AL06,AC016,RT011,AL061779,2026-02-25 09:45:00,2026-02-25 09:45:00,2026-02-25 11:25:00,2026-02-25 11:29:00,REALIZADO,,T1,G24,0,4,SIMULADOR_OPERACIONES
V000781,AL01,AC002,RT018,AL011780,2026-02-25 10:00:00,2026-02-25 10:08:00,2026-02-25 13:40:00,2026-02-25 13:41:00,REALIZADO,,T2,G25,8,1,SIMULADOR_OPERACIONES
V000782,AL02,AC005,RT003,AL021781,2026-02-25 11:15:00,,2026-02-25 12:50:00,,CANCELADO,CLIMA,T1,,0,0,SIMULADOR_OPERACIONES
V000783,AL03,AC008,RT010,AL031782,2026-02-25 12:30:00,2026-02-25 12:30:00,2026-02-25 14:25:00,2026-02-25 14:25:00,REALIZADO,,T1,G27,0,0,SIMULADOR_OPERACIONES
V000784,AL04,AC011,RT017,AL041783,2026-02-25 13:45:00,2026-02-25 13:45:00,2026-02-25 17:25:00,2026-02-25 17:25:00,REALIZADO,,T2,G28,0,0,SIMULADOR_OPERACIONES
V000785,AL05,AC014,RT002,AL051784,2026-02-26 14:00:00,2026-02-26 15:40:00,2026-02-26 15:20:00,2026-02-26 16:57:00,DEMORADO,,T1,G1,100,97,SIMULADOR_OPERACIONES
V000786,AL06,AC017,RT009,AL061785,2026-02-26 15:15:00,2026-02-26 15:23:00,2026-02-26 17:10:00,2026-02-26 17:16:00,REALIZADO,,T1,G2,8,6,SIMULADOR_OPERACIONES
V000787,AL01,AC003,RT016,AL011786,2026-02-26 16:30:00,2026-02-26 16:30:00,2026-02-26 19:45:00,2026-02-26 19:45:00,REALIZADO,,T2,G3,0,0,SIMULADOR_OPERACIONES
V000788,AL02,AC006,RT001,AL021787,2026-02-26 17:45:00,2026-02-26 17:45:00,2026-02-26 19:05:00,2026-02-26 19:05:00,REALIZADO,,T1,G4,0,0,SIMULADOR_OPERACIONES
V000789,AL03,AC009,RT008,AL031788,2026-02-26 18:00:00,2026-02-26 18:00:00,2026-02-26 19:40:00,2026-02-26 19:41:00,REALIZADO,,T1,G5,0,1,SIMULADOR_OPERACIONES
V000790,AL04,AC012,RT015,AL041789,2026-02-26 19:15:00,2026-02-26 19:15:00,2026-02-26 22:30:00,2026-02-26 22:32:00,REALIZADO,,T2,G6,0,2,SIMULADOR_OPERACIONES
V000791,AL05,AC015,RT022,AL051790,2026-02-26 20:30:00,2026-02-26 20:38:00,2026-02-27 00:55:00,2026-02-27 01:06:00,REALIZADO,,T1,G7,8,11,SIMULADOR_OPERACIONES
V000792,AL06,AC018,RT007,AL061791,2026-02-26 21:45:00,2026-02-26 23:06:00,2026-02-26 23:25:00,2026-02-27 00:50:00,DEMORADO,,T1,G8,81,85,SIMULADOR_OPERACIONES
V000793,AL01,AC001,RT015,AL011792,2026-02-26 04:00:00,2026-02-26 04:00:00,2026-02-26 07:15:00,2026-02-26 07:15:00,REALIZADO,,T2,G9,0,0,SIMULADOR_OPERACIONES
V000794,AL02,AC004,RT022,AL021793,2026-02-26 05:15:00,2026-02-26 05:15:00,2026-02-26 09:40:00,2026-02-26 09:40:00,REALIZADO,,T1,G10,0,0,SIMULADOR_OPERACIONES
V000795,AL03,AC007,RT007,AL031794,2026-02-26 06:30:00,2026-02-26 06:30:00,2026-02-26 08:10:00,2026-02-26 08:10:00,REALIZADO,,T1,G11,0,0,SIMULADOR_OPERACIONES
V000796,AL04,AC010,RT014,AL041795,2026-02-26 07:45:00,2026-02-26 07:53:00,2026-02-26 11:20:00,2026-02-26 11:24:00,REALIZADO,,T2,G12,8,4,SIMULADOR_OPERACIONES
V000797,AL05,AC013,RT021,AL051796,2026-02-26 08:00:00,2026-02-26 08:00:00,2026-02-26 12:25:00,2026-02-26 12:25:00,REALIZADO,,T1,G13,0,0,SIMULADOR_OPERACIONES
V000798,AL06,AC016,RT006,AL061797,2026-02-26 09:15:00,2026-02-26 09:15:00,2026-02-26 10:30:00,2026-02-26 10:30:00,REALIZADO,,T1,G14,0,0,SIMULADOR_OPERACIONES
V000799,AL01,AC002,RT013,AL011798,2026-02-27 10:30:00,2026-02-27 11:32:00,2026-02-27 14:05:00,2026-02-27 15:06:00,DEMORADO,,T2,G15,62,61,SIMULADOR_OPERACIONES
V000800,AL02,AC005,RT020,AL021799,2026-02-27 11:45:00,2026-02-27 11:45:00,2026-02-27 17:25:00,2026-02-27 17:25:00,REALIZADO,,T1,G16,0,0,SIMULADOR_OPERACIONES
V000801,AL03,AC008,RT005,AL031800,2026-02-27 12:00:00,2026-02-27 12:08:00,2026-02-27 13:15:00,2026-02-27 13:24:00,REALIZADO,,T1,G17,8,9,SIMULADOR_OPERACIONES
V000802,AL04,AC011,RT012,AL041801,2026-02-27 13:15:00,2026-02-27 13:15:00,2026-02-27 14:55:00,2026-02-27 14:57:00,REALIZADO,,T2,G18,0,2,SIMULADOR_OPERACIONES
V000803,AL05,AC014,RT019,AL051802,2026-02-27 14:30:00,2026-02-27 14:30:00,2026-02-27 20:10:00,2026-02-27 20:13:00,REALIZADO,,T1,G19,0,3,SIMULADOR_OPERACIONES
V000804,AL06,AC017,RT004,AL061803,2026-02-27 15:45:00,2026-02-27 15:45:00,2026-02-27 17:20:00,2026-02-27 17:24:00,REALIZADO,,T1,G20,0,4,SIMULADOR_OPERACIONES
V000805,AL01,AC003,RT011,AL011804,2026-02-27 16:00:00,2026-02-27 16:00:00,2026-02-27 17:40:00,2026-02-27 17:40:00,REALIZADO,,T2,G21,0,0,SIMULADOR_OPERACIONES
V000806,AL02,AC006,RT018,AL021805,2026-02-27 17:15:00,2026-02-27 17:58:00,2026-02-27 20:55:00,2026-02-27 21:32:00,DEMORADO,,T1,G22,43,37,SIMULADOR_OPERACIONES
V000807,AL03,AC009,RT003,AL031806,2026-02-27 18:30:00,2026-02-27 18:30:00,2026-02-27 20:05:00,2026-02-27 20:05:00,REALIZADO,,T1,G23,0,0,SIMULADOR_OPERACIONES
V000808,AL04,AC012,RT010,AL041807,2026-02-27 19:45:00,2026-02-27 19:45:00,2026-02-27 21:40:00,2026-02-27 21:40:00,REALIZADO,,T2,G24,0,0,SIMULADOR_OPERACIONES
V000809,AL05,AC015,RT017,AL051808,2026-02-27 20:00:00,2026-02-27 20:00:00,2026-02-27 23:40:00,2026-02-27 23:40:00,REALIZADO,,T1,G25,0,0,SIMULADOR_OPERACIONES
V000810,AL06,AC018,RT002,AL061809,2026-02-27 21:15:00,2026-02-27 21:15:00,2026-02-27 22:35:00,2026-02-27 22:35:00,REALIZADO,,T1,G26,0,0,SIMULADOR_OPERACIONES
V000811,AL01,AC001,RT009,AL011810,2026-02-27 04:30:00,2026-02-27 04:38:00,2026-02-27 06:25:00,2026-02-27 06:32:00,REALIZADO,,T2,G27,8,7,SIMULADOR_OPERACIONES
V000812,AL02,AC004,RT016,AL021811,2026-02-27 05:45:00,2026-02-27 05:45:00,2026-02-27 09:00:00,2026-02-27 09:00:00,REALIZADO,,T1,G28,0,0,SIMULADOR_OPERACIONES
V000813,AL03,AC007,RT001,AL031812,2026-02-28 06:00:00,2026-02-28 06:24:00,2026-02-28 07:20:00,2026-02-28 07:45:00,DEMORADO,,T1,G1,24,25,SIMULADOR_OPERACIONES
V000814,AL04,AC010,RT008,AL041813,2026-02-28 07:15:00,2026-02-28 07:15:00,2026-02-28 08:55:00,2026-02-28 08:57:00,REALIZADO,,T2,G2,0,2,SIMULADOR_OPERACIONES
V000815,AL05,AC013,RT016,AL051814,2026-02-28 08:30:00,2026-02-28 08:30:00,2026-02-28 11:45:00,2026-02-28 11:48:00,REALIZADO,,T1,G3,0,3,SIMULADOR_OPERACIONES
V000816,AL06,AC016,RT001,AL061815,2026-02-28 09:45:00,2026-02-28 09:53:00,2026-02-28 11:05:00,2026-02-28 11:17:00,REALIZADO,,T1,G4,8,12,SIMULADOR_OPERACIONES
V000817,AL01,AC002,RT008,AL011816,2026-02-28 10:00:00,2026-02-28 10:00:00,2026-02-28 11:40:00,2026-02-28 11:40:00,REALIZADO,,T2,G5,0,0,SIMULADOR_OPERACIONES
V000818,AL02,AC005,RT015,AL021817,2026-02-28 11:15:00,2026-02-28 11:15:00,2026-02-28 14:30:00,2026-02-28 14:30:00,REALIZADO,,T1,G6,0,0,SIMULADOR_OPERACIONES
V000819,AL03,AC008,RT022,AL031818,2026-02-28 12:30:00,2026-02-28 12:30:00,2026-02-28 16:55:00,2026-02-28 16:55:00,REALIZADO,,T1,G7,0,0,SIMULADOR_OPERACIONES
V000820,AL04,AC011,RT007,AL041819,2026-02-28 13:45:00,2026-02-28 15:26:00,2026-02-28 15:25:00,2026-02-28 17:02:00,DEMORADO,,T2,G8,101,97,SIMULADOR_OPERACIONES
V000821,AL05,AC014,RT014,AL051820,2026-02-28 14:00:00,2026-02-28 14:08:00,2026-02-28 17:35:00,2026-02-28 17:40:00,REALIZADO,,T1,G9,8,5,SIMULADOR_OPERACIONES
V000822,AL06,AC017,RT021,AL061821,2026-02-28 15:15:00,2026-02-28 15:15:00,2026-02-28 19:40:00,2026-02-28 19:40:00,REALIZADO,,T1,G10,0,0,SIMULADOR_OPERACIONES
V000823,AL01,AC003,RT006,AL011822,2026-02-28 16:30:00,2026-02-28 16:30:00,2026-02-28 17:45:00,2026-02-28 17:45:00,REALIZADO,,T2,G11,0,0,SIMULADOR_OPERACIONES
V000824,AL02,AC006,RT013,AL021823,2026-02-28 17:45:00,2026-02-28 17:45:00,2026-02-28 21:20:00,2026-02-28 21:20:00,REALIZADO,,T1,G12,0,0,SIMULADOR_OPERACIONES
V000825,AL03,AC009,RT020,AL031824,2026-02-28 18:00:00,2026-02-28 18:00:00,2026-02-28 23:40:00,2026-02-28 23:41:00,REALIZADO,,T1,G13,0,1,SIMULADOR_OPERACIONES
V000826,AL04,AC012,RT005,AL041825,2026-02-28 19:15:00,2026-02-28 19:23:00,2026-02-28 20:30:00,2026-02-28 20:40:00,REALIZADO,,T2,G14,8,10,SIMULADOR_OPERACIONES
V000827,AL05,AC015,RT012,AL051826,2026-03-01 20:30:00,2026-03-01 21:52:00,2026-03-01 22:10:00,2026-03-01 23:35:00,DEMORADO,,T1,G15,82,85,SIMULADOR_OPERACIONES
V000828,AL06,AC018,RT019,AL061827,2026-03-01 21:45:00,2026-03-01 21:45:00,2026-03-02 03:25:00,2026-03-02 03:29:00,REALIZADO,,T1,G16,0,4,SIMULADOR_OPERACIONES
V000829,AL01,AC001,RT004,AL011828,2026-03-01 04:00:00,2026-03-01 04:00:00,2026-03-01 05:35:00,2026-03-01 05:35:00,REALIZADO,,T2,G17,0,0,SIMULADOR_OPERACIONES
V000830,AL02,AC004,RT011,AL021829,2026-03-01 05:15:00,2026-03-01 05:15:00,2026-03-01 06:55:00,2026-03-01 06:55:00,REALIZADO,,T1,G18,0,0,SIMULADOR_OPERACIONES
V000831,AL03,AC007,RT018,AL031830,2026-03-01 06:30:00,2026-03-01 06:38:00,2026-03-01 10:10:00,2026-03-01 10:13:00,REALIZADO,,T1,G19,8,3,SIMULADOR_OPERACIONES
V000832,AL04,AC010,RT003,AL041831,2026-03-01 07:45:00,2026-03-01 07:45:00,2026-03-01 09:20:00,2026-03-01 09:20:00,REALIZADO,,T2,G20,0,0,SIMULADOR_OPERACIONES
V000833,AL05,AC013,RT010,AL051832,2026-03-01 08:00:00,2026-03-01 08:00:00,2026-03-01 09:55:00,2026-03-01 09:55:00,REALIZADO,,T1,G21,0,0,SIMULADOR_OPERACIONES
V000834,AL06,AC016,RT017,AL061833,2026-03-01 09:15:00,2026-03-01 10:18:00,2026-03-01 12:55:00,2026-03-01 13:56:00,DEMORADO,,T1,G22,63,61,SIMULADOR_OPERACIONES
V000835,AL01,AC002,RT002,AL011834,2026-03-01 10:30:00,2026-03-01 10:30:00,2026-03-01 11:50:00,2026-03-01 11:50:00,REALIZADO,,T2,G23,0,0,SIMULADOR_OPERACIONES
V000836,AL02,AC005,RT009,AL021835,2026-03-01 11:45:00,2026-03-01 11:53:00,2026-03-01 13:40:00,2026-03-01 13:48:00,REALIZADO,,T1,G24,8,8,SIMULADOR_OPERACIONES
V000837,AL03,AC008,RT017,AL031836,2026-03-01 12:00:00,2026-03-01 12:00:00,2026-03-01 15:40:00,2026-03-01 15:41:00,REALIZADO,,T1,G25,0,1,SIMULADOR_OPERACIONES
V000838,AL04,AC011,RT002,AL041837,2026-03-01 13:15:00,2026-03-01 13:15:00,2026-03-01 14:35:00,2026-03-01 14:37:00,REALIZADO,,T2,G26,0,2,SIMULADOR_OPERACIONES
V000839,AL05,AC014,RT009,AL051838,2026-03-01 14:30:00,2026-03-01 14:30:00,2026-03-01 16:25:00,2026-03-01 16:28:00,REALIZADO,,T1,G27,0,3,SIMULADOR_OPERACIONES
V000840,AL06,AC017,RT016,AL061839,2026-03-01 15:45:00,2026-03-01 15:45:00,2026-03-01 19:00:00,2026-03-01 19:04:00,REALIZADO,,T1,G28,0,4,SIMULADOR_OPERACIONES
V000841,AL01,AC003,RT001,AL011840,2026-03-02 16:00:00,2026-03-02 16:44:00,2026-03-02 17:20:00,2026-03-02 17:57:00,DEMORADO,,T2,G1,44,37,SIMULADOR_OPERACIONES
V000842,AL02,AC006,RT008,AL021841,2026-03-02 17:15:00,2026-03-02 17:15:00,2026-03-02 18:55:00,2026-03-02 18:55:00,REALIZADO,,T1,G2,0,0,SIMULADOR_OPERACIONES
V000843,AL03,AC009,RT015,AL031842,2026-03-02 18:30:00,2026-03-02 18:30:00,2026-03-02 21:45:00,2026-03-02 21:45:00,REALIZADO,,T1,G3,0,0,SIMULADOR_OPERACIONES
V000844,AL04,AC012,RT022,AL041843,2026-03-02 19:45:00,2026-03-02 19:45:00,2026-03-03 00:10:00,2026-03-03 00:10:00,REALIZADO,,T2,G4,0,0,SIMULADOR_OPERACIONES
V000845,AL05,AC015,RT007,AL051844,2026-03-02 20:00:00,2026-03-02 20:00:00,2026-03-02 21:40:00,2026-03-02 21:40:00,REALIZADO,,T1,G5,0,0,SIMULADOR_OPERACIONES
V000846,AL06,AC018,RT014,AL061845,2026-03-02 21:15:00,2026-03-02 21:23:00,2026-03-03 00:50:00,2026-03-03 00:56:00,REALIZADO,,T1,G6,8,6,SIMULADOR_OPERACIONES
V000847,AL01,AC001,RT021,AL011846,2026-03-02 04:30:00,2026-03-02 04:30:00,2026-03-02 08:55:00,2026-03-02 08:55:00,REALIZADO,,T2,G7,0,0,SIMULADOR_OPERACIONES
V000848,AL02,AC004,RT006,AL021847,2026-03-02 05:45:00,2026-03-02 06:10:00,2026-03-02 07:00:00,2026-03-02 07:25:00,DEMORADO,,T1,G8,25,25,SIMULADOR_OPERACIONES
V000849,AL03,AC007,RT013,AL031848,2026-03-02 06:00:00,2026-03-02 06:00:00,2026-03-02 09:35:00,2026-03-02 09:36:00,REALIZADO,,T1,G9,0,1,SIMULADOR_OPERACIONES
V000850,AL04,AC010,RT020,AL041849,2026-03-02 07:15:00,2026-03-02 07:15:00,2026-03-02 12:55:00,2026-03-02 12:57:00,REALIZADO,,T2,G10,0,2,SIMULADOR_OPERACIONES
V000851,AL05,AC013,RT005,AL051850,2026-03-02 08:30:00,2026-03-02 08:38:00,2026-03-02 09:45:00,2026-03-02 09:56:00,REALIZADO,,T1,G11,8,11,SIMULADOR_OPERACIONES
V000852,AL06,AC016,RT012,AL061851,2026-03-02 09:45:00,2026-03-02 09:45:00,2026-03-02 11:25:00,2026-03-02 11:29:00,REALIZADO,,T1,G12,0,4,SIMULADOR_OPERACIONES
V000853,AL01,AC002,RT019,AL011852,2026-03-02 10:00:00,,2026-03-02 15:40:00,,CANCELADO,MANTENIMIENTO,T2,,0,0,SIMULADOR_OPERACIONES
V000854,AL02,AC005,RT004,AL021853,2026-03-02 11:15:00,2026-03-02 11:15:00,2026-03-02 12:50:00,2026-03-02 12:50:00,REALIZADO,,T1,G14,0,0,SIMULADOR_OPERACIONES
V000855,AL03,AC008,RT011,AL031854,2026-03-03 12:30:00,2026-03-03 14:12:00,2026-03-03 14:10:00,2026-03-03 15:47:00,DEMORADO,,T1,G15,102,97,SIMULADOR_OPERACIONES
V000856,AL04,AC011,RT018,AL041855,2026-03-03 13:45:00,2026-03-03 13:53:00,2026-03-03 17:25:00,2026-03-03 17:29:00,REALIZADO,,T2,G16,8,4,SIMULADOR_OPERACIONES
V000857,AL05,AC014,RT003,AL051856,2026-03-03 14:00:00,2026-03-03 14:00:00,2026-03-03 15:35:00,2026-03-03 15:35:00,REALIZADO,,T1,G17,0,0,SIMULADOR_OPERACIONES
V000858,AL06,AC017,RT010,AL061857,2026-03-03 15:15:00,2026-03-03 15:15:00,2026-03-03 17:10:00,2026-03-03 17:10:00,REALIZADO,,T1,G18,0,0,SIMULADOR_OPERACIONES
V000859,AL01,AC003,RT018,AL011858,2026-03-03 16:30:00,2026-03-03 16:30:00,2026-03-03 20:10:00,2026-03-03 20:10:00,REALIZADO,,T2,G19,0,0,SIMULADOR_OPERACIONES
V000860,AL02,AC006,RT003,AL021859,2026-03-03 17:45:00,2026-03-03 17:45:00,2026-03-03 19:20:00,2026-03-03 19:20:00,REALIZADO,,T1,G20,0,0,SIMULADOR_OPERACIONES
V000861,AL03,AC009,RT010,AL031860,2026-03-03 18:00:00,2026-03-03 18:08:00,2026-03-03 19:55:00,2026-03-03 20:04:00,REALIZADO,,T1,G21,8,9,SIMULADOR_OPERACIONES
V000862,AL04,AC012,RT017,AL041861,2026-03-03 19:15:00,2026-03-03 20:38:00,2026-03-03 22:55:00,2026-03-04 00:20:00,DEMORADO,,T2,G22,83,85,SIMULADOR_OPERACIONES
V000863,AL05,AC015,RT002,AL051862,2026-03-03 20:30:00,2026-03-03 20:30:00,2026-03-03 21:50:00,2026-03-03 21:53:00,REALIZADO,,T1,G23,0,3,SIMULADOR_OPERACIONES
V000864,AL06,AC018,RT009,AL061863,2026-03-03 21:45:00,2026-03-03 21:45:00,2026-03-03 23:40:00,2026-03-03 23:44:00,REALIZADO,,T1,G24,0,4,SIMULADOR_OPERACIONES
V000865,AL01,AC001,RT016,AL011864,2026-03-03 04:00:00,2026-03-03 04:00:00,2026-03-03 07:15:00,2026-03-03 07:15:00,REALIZADO,,T2,G25,0,0,SIMULADOR_OPERACIONES
V000866,AL02,AC004,RT001,AL021865,2026-03-03 05:15:00,2026-03-03 05:23:00,2026-03-03 06:35:00,2026-03-03 06:37:00,REALIZADO,,T1,G26,8,2,SIMULADOR_OPERACIONES
V000867,AL03,AC007,RT008,AL031866,2026-03-03 06:30:00,2026-03-03 06:30:00,2026-03-03 08:10:00,2026-03-03 08:10:00,REALIZADO,,T1,G27,0,0,SIMULADOR_OPERACIONES
V000868,AL04,AC010,RT015,AL041867,2026-03-03 07:45:00,2026-03-03 07:45:00,2026-03-03 11:00:00,2026-03-03 11:00:00,REALIZADO,,T2,G28,0,0,SIMULADOR_OPERACIONES
V000869,AL05,AC013,RT022,AL051868,2026-03-04 08:00:00,2026-03-04 09:04:00,2026-03-04 12:25:00,2026-03-04 13:26:00,DEMORADO,,T1,G1,64,61,SIMULADOR_OPERACIONES
V000870,AL06,AC016,RT007,AL061869,2026-03-04 09:15:00,2026-03-04 09:15:00,2026-03-04 10:55:00,2026-03-04 10:55:00,REALIZADO,,T1,G2,0,0,SIMULADOR_OPERACIONES
V000871,AL01,AC002,RT014,AL011870,2026-03-04 10:30:00,2026-03-04 10:38:00,2026-03-04 14:05:00,2026-03-04 14:12:00,REALIZADO,,T2,G3,8,7,SIMULADOR_OPERACIONES
V000872,AL02,AC005,RT021,AL021871,2026-03-04 11:45:00,2026-03-04 11:45:00,2026-03-04 16:10:00,2026-03-04 16:10:00,REALIZADO,,T1,G4,0,0,SIMULADOR_OPERACIONES
V000873,AL03,AC008,RT006,AL031872,2026-03-04 12:00:00,2026-03-04 12:00:00,2026-03-04 13:15:00,2026-03-04 13:16:00,REALIZADO,,T1,G5,0,1,SIMULADOR_OPERACIONES
V000874,AL04,AC011,RT013,AL041873,2026-03-04 13:15:00,2026-03-04 13:15:00,2026-03-04 16:50:00,2026-03-04 16:52:00,REALIZADO,,T2,G6,0,2,SIMULADOR_OPERACIONES
V000875,AL05,AC014,RT020,AL051874,2026-03-04 14:30:00,2026-03-04 14:30:00,2026-03-04 20:10:00,2026-03-04 20:13:00,REALIZADO,,T1,G7,0,3,SIMULADOR_OPERACIONES
V000876,AL06,AC017,RT005,AL061875,2026-03-04 15:45:00,2026-03-04 16:30:00,2026-03-04 17:00:00,2026-03-04 17:49:00,DEMORADO,,T1,G8,45,49,SIMULADOR_OPERACIONES
V000877,AL01,AC003,RT012,AL011876,2026-03-04 16:00:00,2026-03-04 16:00:00,2026-03-04 17:40:00,2026-03-04 17:40:00,REALIZADO,,T2,G9,0,0,SIMULADOR_OPERACIONES
V000878,AL02,AC006,RT019,AL021877,2026-03-04 17:15:00,2026-03-04 17:15:00,2026-03-04 22:55:00,2026-03-04 22:55:00,REALIZADO,,T1,G10,0,0,SIMULADOR_OPERACIONES
V000879,AL03,AC009,RT004,AL031878,2026-03-04 18:30:00,2026-03-04 18:30:00,2026-03-04 20:05:00,2026-03-04 20:05:00,REALIZADO,,T1,G11,0,0,SIMULADOR_OPERACIONES
V000880,AL04,AC012,RT011,AL041879,2026-03-04 19:45:00,2026-03-04 19:45:00,2026-03-04 21:25:00,2026-03-04 21:25:00,REALIZADO,,T2,G12,0,0,SIMULADOR_OPERACIONES
V000881,AL05,AC015,RT019,AL051880,2026-03-04 20:00:00,2026-03-04 20:08:00,2026-03-05 01:40:00,2026-03-05 01:45:00,REALIZADO,,T1,G13,8,5,SIMULADOR_OPERACIONES
V000882,AL06,AC018,RT004,AL061881,2026-03-04 21:15:00,2026-03-04 21:15:00,2026-03-04 22:50:00,2026-03-04 22:50:00,REALIZADO,,T1,G14,0,0,SIMULADOR_OPERACIONES
V000883,AL01,AC001,RT011,AL011882,2026-03-05 04:30:00,2026-03-05 04:56:00,2026-03-05 06:10:00,2026-03-05 06:35:00,DEMORADO,,T2,G15,26,25,SIMULADOR_OPERACIONES
V000884,AL02,AC004,RT018,AL021883,2026-03-05 05:45:00,2026-03-05 05:45:00,2026-03-05 09:25:00,2026-03-05 09:25:00,REALIZADO,,T1,G16,0,0,SIMULADOR_OPERACIONES
V000885,AL03,AC007,RT003,AL031884,2026-03-05 06:00:00,2026-03-05 06:00:00,2026-03-05 07:35:00,2026-03-05 07:36:00,REALIZADO,,T1,G17,0,1,SIMULADOR_OPERACIONES
V000886,AL04,AC010,RT010,AL041885,2026-03-05 07:15:00,2026-03-05 07:23:00,2026-03-05 09:10:00,2026-03-05 09:20:00,REALIZADO,,T2,G18,8,10,SIMULADOR_OPERACIONES
V000887,AL05,AC013,RT017,AL051886,2026-03-05 08:30:00,2026-03-05 08:30:00,2026-03-05 12:10:00,2026-03-05 12:13:00,REALIZADO,,T1,G19,0,3,SIMULADOR_OPERACIONES
V000888,AL06,AC016,RT002,AL061887,2026-03-05 09:45:00,2026-03-05 09:45:00,2026-03-05 11:05:00,2026-03-05 11:09:00,REALIZADO,,T1,G20,0,4,SIMULADOR_OPERACIONES
V000889,AL01,AC002,RT009,AL011888,2026-03-05 10:00:00,2026-03-05 10:00:00,2026-03-05 11:55:00,2026-03-05 11:55:00,REALIZADO,,T2,G21,0,0,SIMULADOR_OPERACIONES
V000890,AL02,AC005,RT016,AL021889,2026-03-05 11:15:00,2026-03-05 12:58:00,2026-03-05 14:30:00,2026-03-05 16:07:00,DEMORADO,,T1,G22,103,97,SIMULADOR_OPERACIONES
V000891,AL03,AC008,RT001,AL031890,2026-03-05 12:30:00,2026-03-05 12:38:00,2026-03-05 13:50:00,2026-03-05 13:53:00,REALIZADO,,T1,G23,8,3,SIMULADOR_OPERACIONES
V000892,AL04,AC011,RT008,AL041891,2026-03-05 13:45:00,2026-03-05 13:45:00,2026-03-05 15:25:00,2026-03-05 15:25:00,REALIZADO,,T2,G24,0,0,SIMULADOR_OPERACIONES
V000893,AL05,AC014,RT015,AL051892,2026-03-05 14:00:00,2026-03-05 14:00:00,2026-03-05 17:15:00,2026-03-05 17:15:00,REALIZADO,,T1,G25,0,0,SIMULADOR_OPERACIONES
V000894,AL06,AC017,RT022,AL061893,2026-03-05 15:15:00,2026-03-05 15:15:00,2026-03-05 19:40:00,2026-03-05 19:40:00,REALIZADO,,T1,G26,0,0,SIMULADOR_OPERACIONES
V000895,AL01,AC003,RT007,AL011894,2026-03-05 16:30:00,2026-03-05 16:30:00,2026-03-05 18:10:00,2026-03-05 18:10:00,REALIZADO,,T2,G27,0,0,SIMULADOR_OPERACIONES
V000896,AL02,AC006,RT014,AL021895,2026-03-05 17:45:00,2026-03-05 17:53:00,2026-03-05 21:20:00,2026-03-05 21:28:00,REALIZADO,,T1,G28,8,8,SIMULADOR_OPERACIONES
V000897,AL03,AC009,RT021,AL031896,2026-03-06 18:00:00,2026-03-06 19:24:00,2026-03-06 22:25:00,2026-03-06 23:50:00,DEMORADO,,T1,G1,84,85,SIMULADOR_OPERACIONES
V000898,AL04,AC012,RT006,AL041897,2026-03-06 19:15:00,2026-03-06 19:15:00,2026-03-06 20:30:00,2026-03-06 20:32:00,REALIZADO,,T2,G2,0,2,SIMULADOR_OPERACIONES
V000899,AL05,AC015,RT013,AL051898,2026-03-06 20:30:00,2026-03-06 20:30:00,2026-03-07 00:05:00,2026-03-07 00:08:00,REALIZADO,,T1,G3,0,3,SIMULADOR_OPERACIONES
V000900,AL06,AC018,RT020,AL061899,2026-03-06 21:45:00,2026-03-06 21:45:00,2026-03-07 03:25:00,2026-03-07 03:29:00,REALIZADO,,T1,G4,0,4,SIMULADOR_OPERACIONES
V000901,AL01,AC001,RT005,AL011000,2026-03-06 04:00:00,2026-03-06 04:08:00,2026-03-06 05:15:00,2026-03-06 05:16:00,REALIZADO,,T2,G5,8,1,SIMULADOR_OPERACIONES
V000902,AL02,AC004,RT012,AL021001,2026-03-06 05:15:00,2026-03-06 05:15:00,2026-03-06 06:55:00,2026-03-06 06:55:00,REALIZADO,,T1,G6,0,0,SIMULADOR_OPERACIONES
V000903,AL03,AC007,RT020,AL031002,2026-03-06 06:30:00,2026-03-06 06:30:00,2026-03-06 12:10:00,2026-03-06 12:10:00,REALIZADO,,T1,G7,0,0,SIMULADOR_OPERACIONES
V000904,AL04,AC010,RT005,AL041003,2026-03-06 07:45:00,2026-03-06 08:50:00,2026-03-06 09:00:00,2026-03-06 10:01:00,DEMORADO,,T2,G8,65,61,SIMULADOR_OPERACIONES
V000905,AL05,AC013,RT012,AL051004,2026-03-06 08:00:00,2026-03-06 08:00:00,2026-03-06 09:40:00,2026-03-06 09:40:00,REALIZADO,,T1,G9,0,0,SIMULADOR_OPERACIONES
V000906,AL06,AC016,RT019,AL061005,2026-03-06 09:15:00,2026-03-06 09:23:00,2026-03-06 14:55:00,2026-03-06 15:01:00,REALIZADO,,T1,G10,8,6,SIMULADOR_OPERACIONES
V000907,AL01,AC002,RT004,AL011006,2026-03-06 10:30:00,2026-03-06 10:30:00,2026-03-06 12:05:00,2026-03-06 12:05:00,REALIZADO,,T2,G11,0,0,SIMULADOR_OPERACIONES
V000908,AL02,AC005,RT011,AL021007,2026-03-06 11:45:00,2026-03-06 11:45:00,2026-03-06 13:25:00,2026-03-06 13:25:00,REALIZADO,,T1,G12,0,0,SIMULADOR_OPERACIONES
V000909,AL03,AC008,RT018,AL031008,2026-03-06 12:00:00,2026-03-06 12:00:00,2026-03-06 15:40:00,2026-03-06 15:41:00,REALIZADO,,T1,G13,0,1,SIMULADOR_OPERACIONES
V000910,AL04,AC011,RT003,AL041009,2026-03-06 13:15:00,2026-03-06 13:15:00,2026-03-06 14:50:00,2026-03-06 14:52:00,REALIZADO,,T2,G14,0,2,SIMULADOR_OPERACIONES
V000911,AL05,AC014,RT010,AL051010,2026-03-07 14:30:00,2026-03-07 15:16:00,2026-03-07 16:25:00,2026-03-07 17:14:00,DEMORADO,,T1,G15,46,49,SIMULADOR_OPERACIONES
V000912,AL06,AC017,RT017,AL061011,2026-03-07 15:45:00,2026-03-07 15:45:00,2026-03-07 19:25:00,2026-03-07 19:29:00,REALIZADO,,T1,G16,0,4,SIMULADOR_OPERACIONES
V000913,AL01,AC003,RT002,AL011012,2026-03-07 16:00:00,2026-03-07 16:00:00,2026-03-07 17:20:00,2026-03-07 17:20:00,REALIZADO,,T2,G17,0,0,SIMULADOR_OPERACIONES
V000914,AL02,AC006,RT009,AL021013,2026-03-07 17:15:00,2026-03-07 17:15:00,2026-03-07 19:10:00,2026-03-07 19:10:00,REALIZADO,,T1,G18,0,0,SIMULADOR_OPERACIONES
V000915,AL03,AC009,RT016,AL031014,2026-03-07 18:30:00,2026-03-07 18:30:00,2026-03-07 21:45:00,2026-03-07 21:45:00,REALIZADO,,T1,G19,0,0,SIMULADOR_OPERACIONES
V000916,AL04,AC012,RT001,AL041015,2026-03-07 19:45:00,2026-03-07 19:53:00,2026-03-07 21:05:00,2026-03-07 21:09:00,REALIZADO,,T2,G20,8,4,SIMULADOR_OPERACIONES
V000917,AL05,AC015,RT008,AL051016,2026-03-07 20:00:00,2026-03-07 20:00:00,2026-03-07 21:40:00,2026-03-07 21:40:00,REALIZADO,,T1,G21,0,0,SIMULADOR_OPERACIONES
V000918,AL06,AC018,RT015,AL061017,2026-03-07 21:15:00,2026-03-07 21:42:00,2026-03-08 00:30:00,2026-03-08 00:55:00,DEMORADO,,T1,G22,27,25,SIMULADOR_OPERACIONES
V000919,AL01,AC001,RT022,AL011018,2026-03-07 04:30:00,2026-03-07 04:30:00,2026-03-07 08:55:00,2026-03-07 08:55:00,REALIZADO,,T2,G23,0,0,SIMULADOR_OPERACIONES
V000920,AL02,AC004,RT007,AL021019,2026-03-07 05:45:00,2026-03-07 05:45:00,2026-03-07 07:25:00,2026-03-07 07:25:00,REALIZADO,,T1,G24,0,0,SIMULADOR_OPERACIONES
V000921,AL03,AC007,RT014,AL031020,2026-03-07 06:00:00,2026-03-07 06:08:00,2026-03-07 09:35:00,2026-03-07 09:44:00,REALIZADO,,T1,G25,8,9,SIMULADOR_OPERACIONES
V000922,AL04,AC010,RT021,AL041021,2026-03-07 07:15:00,2026-03-07 07:15:00,2026-03-07 11:40:00,2026-03-07 11:42:00,REALIZADO,,T2,G26,0,2,SIMULADOR_OPERACIONES
V000923,AL05,AC013,RT006,AL051022,2026-03-07 08:30:00,2026-03-07 08:30:00,2026-03-07 09:45:00,2026-03-07 09:48:00,REALIZADO,,T1,G27,0,3,SIMULADOR_OPERACIONES
V000924,AL06,AC016,RT013,AL061023,2026-03-07 09:45:00,,2026-03-07 13:20:00,,CANCELADO,CLIMA,T1,,0,0,SIMULADOR_OPERACIONES
V000925,AL01,AC002,RT021,AL011024,2026-03-08 10:00:00,2026-03-08 11:44:00,2026-03-08 14:25:00,2026-03-08 16:02:00,DEMORADO,,T2,G1,104,97,SIMULADOR_OPERACIONES
V000926,AL02,AC005,RT006,AL021025,2026-03-08 11:15:00,2026-03-08 11:23:00,2026-03-08 12:30:00,2026-03-08 12:32:00,REALIZADO,,T1,G2,8,2,SIMULADOR_OPERACIONES
V000927,AL03,AC008,RT013,AL031026,2026-03-08 12:30:00,2026-03-08 12:30:00,2026-03-08 16:05:00,2026-03-08 16:05:00,REALIZADO,,T1,G3,0,0,SIMULADOR_OPERACIONES
V000928,AL04,AC011,RT020,AL041027,2026-03-08 13:45:00,2026-03-08 13:45:00,2026-03-08 19:25:00,2026-03-08 19:25:00,REALIZADO,,T2,G4,0,0,SIMULADOR_OPERACIONES
V000929,AL05,AC014,RT005,AL051028,2026-03-08 14:00:00,2026-03-08 14:00:00,2026-03-08 15:15:00,2026-03-08 15:15:00,REALIZADO,,T1,G5,0,0,SIMULADOR_OPERACIONES
V000930,AL06,AC017,RT012,AL061029,2026-03-08 15:15:00,2026-03-08 15:15:00,2026-03-08 16:55:00,2026-03-08 16:55:00,REALIZADO,,T1,G6,0,0,SIMULADOR_OPERACIONES
V000931,AL01,AC003,RT019,AL011030,2026-03-08 16:30:00,2026-03-08 16:38:00,2026-03-08 22:10:00,2026-03-08 22:17:00,REALIZADO,,T2,G7,8,7,SIMULADOR_OPERACIONES
V000932,AL02,AC006,RT004,AL021031,2026-03-08 17:45:00,2026-03-08 19:10:00,2026-03-08 19:20:00,2026-03-08 20:45:00,DEMORADO,,T1,G8,85,85,SIMULADOR_OPERACIONES
V000933,AL03,AC009,RT011,AL031032,2026-03-08 18:00:00,2026-03-08 18:00:00,2026-03-08 19:40:00,2026-03-08 19:41:00,REALIZADO,,T1,G9,0,1,SIMULADOR_OPERACIONES
V000934,AL04,AC012,RT018,AL041033,2026-03-08 19:15:00,2026-03-08 19:15:00,2026-03-08 22:55:00,2026-03-08 22:57:00,REALIZADO,,T2,G10,0,2,SIMULADOR_OPERACIONES
V000935,AL05,AC015,RT003,AL051034,2026-03-08 20:30:00,2026-03-08 20:30:00,2026-03-08 22:05:00,2026-03-08 22:08:00,REALIZADO,,T1,G11,0,3,SIMULADOR_OPERACIONES
V000936,AL06,AC018,RT010,AL061035,2026-03-08 21:45:00,2026-03-08 21:53:00,2026-03-08 23:40:00,2026-03-08 23:52:00,REALIZADO,,T1,G12,8,12,SIMULADOR_OPERACIONES
V000937,AL01,AC001,RT017,AL011036,2026-03-08 04:00:00,2026-03-08 04:00:00,2026-03-08 07:40:00,2026-03-08 07:40:00,REALIZADO,,T2,G13,0,0,SIMULADOR_OPERACIONES
V000938,AL02,AC004,RT002,AL021037,2026-03-08 05:15:00,2026-03-08 05:15:00,2026-03-08 06:35:00,2026-03-08 06:35:00,REALIZADO,,T1,G14,0,0,SIMULADOR_OPERACIONES
V000939,AL03,AC007,RT009,AL031038,2026-03-09 06:30:00,2026-03-09 07:36:00,2026-03-09 08:25:00,2026-03-09 09:26:00,DEMORADO,,T1,G15,66,61,SIMULADOR_OPERACIONES
V000940,AL04,AC010,RT016,AL041039,2026-03-09 07:45:00,2026-03-09 07:45:00,2026-03-09 11:00:00,2026-03-09 11:00:00,REALIZADO,,T2,G16,0,0,SIMULADOR_OPERACIONES
V000941,AL05,AC013,RT001,AL051040,2026-03-09 08:00:00,2026-03-09 08:08:00,2026-03-09 09:20:00,2026-03-09 09:25:00,REALIZADO,,T1,G17,8,5,SIMULADOR_OPERACIONES
V000942,AL06,AC016,RT008,AL061041,2026-03-09 09:15:00,2026-03-09 09:15:00,2026-03-09 10:55:00,2026-03-09 10:55:00,REALIZADO,,T1,G18,0,0,SIMULADOR_OPERACIONES
V000943,AL01,AC002,RT015,AL011042,2026-03-09 10:30:00,2026-03-09 10:30:00,2026-03-09 13:45:00,2026-03-09 13:45:00,REALIZADO,,T2,G19,0,0,SIMULADOR_OPERACIONES
V000944,AL02,AC005,RT022,AL021043,2026-03-09 11:45:00,2026-03-09 11:45:00,2026-03-09 16:10:00,2026-03-09 16:10:00,REALIZADO,,T1,G20,0,0,SIMULADOR_OPERACIONES
V000945,AL03,AC008,RT007,AL031044,2026-03-09 12:00:00,2026-03-09 12:00:00,2026-03-09 13:40:00,2026-03-09 13:41:00,REALIZADO,,T1,G21,0,1,SIMULADOR_OPERACIONES
V000946,AL04,AC011,RT014,AL041045,2026-03-09 13:15:00,2026-03-09 14:02:00,2026-03-09 16:50:00,2026-03-09 17:39:00,DEMORADO,,T2,G22,47,49,SIMULADOR_OPERACIONES
V000947,AL05,AC014,RT022,AL051046,2026-03-09 14:30:00,2026-03-09 14:30:00,2026-03-09 18:55:00,2026-03-09 18:58:00,REALIZADO,,T1,G23,0,3,SIMULADOR_OPERACIONES
V000948,AL06,AC017,RT007,AL061047,2026-03-09 15:45:00,2026-03-09 15:45:00,2026-03-09 17:25:00,2026-03-09 17:29:00,REALIZADO,,T1,G24,0,4,SIMULADOR_OPERACIONES
V000949,AL01,AC003,RT014,AL011048,2026-03-09 16:00:00,2026-03-09 16:00:00,2026-03-09 19:35:00,2026-03-09 19:35:00,REALIZADO,,T2,G25,0,0,SIMULADOR_OPERACIONES
V000950,AL02,AC006,RT021,AL021049,2026-03-09 17:15:00,2026-03-09 17:15:00,2026-03-09 21:40:00,2026-03-09 21:40:00,REALIZADO,,T1,G26,0,0,SIMULADOR_OPERACIONES
V000951,AL03,AC009,RT006,AL031050,2026-03-09 18:30:00,2026-03-09 18:38:00,2026-03-09 19:45:00,2026-03-09 19:48:00,REALIZADO,,T1,G27,8,3,SIMULADOR_OPERACIONES
V000952,AL04,AC012,RT013,AL041051,2026-03-09 19:45:00,2026-03-09 19:45:00,2026-03-09 23:20:00,2026-03-09 23:20:00,REALIZADO,,T2,G28,0,0,SIMULADOR_OPERACIONES
V000953,AL05,AC015,RT020,AL051052,2026-03-10 20:00:00,2026-03-10 20:28:00,2026-03-11 01:40:00,2026-03-11 02:05:00,DEMORADO,,T1,G1,28,25,SIMULADOR_OPERACIONES
V000954,AL06,AC018,RT005,AL061053,2026-03-10 21:15:00,2026-03-10 21:15:00,2026-03-10 22:30:00,2026-03-10 22:30:00,REALIZADO,,T1,G2,0,0,SIMULADOR_OPERACIONES
V000955,AL01,AC001,RT012,AL011054,2026-03-10 04:30:00,2026-03-10 04:30:00,2026-03-10 06:10:00,2026-03-10 06:10:00,REALIZADO,,T2,G3,0,0,SIMULADOR_OPERACIONES
V000956,AL02,AC004,RT019,AL021055,2026-03-10 05:45:00,2026-03-10 05:53:00,2026-03-10 11:25:00,2026-03-10 11:33:00,REALIZADO,,T1,G4,8,8,SIMULADOR_OPERACIONES
V000957,AL03,AC007,RT004,AL031056,2026-03-10 06:00:00,2026-03-10 06:00:00,2026-03-10 07:35:00,2026-03-10 07:36:00,REALIZADO,,T1,G5,0,1,SIMULADOR_OPERACIONES
V000958,AL04,AC010,RT011,AL041057,2026-03-10 07:15:00,2026-03-10 07:15:00,2026-03-10 08:55:00,2026-03-10 08:57:00,REALIZADO,,T2,G6,0,2,SIMULADOR_OPERACIONES
V000959,AL05,AC013,RT018,AL051058,2026-03-10 08:30:00,2026-03-10 08:30:00,2026-03-10 12:10:00,2026-03-10 12:13:00,REALIZADO,,T1,G7,0,3,SIMULADOR_OPERACIONES
V000960,AL06,AC016,RT003,AL061059,2026-03-10 09:45:00,2026-03-10 11:30:00,2026-03-10 11:20:00,2026-03-10 13:09:00,DEMORADO,,T1,G8,105,109,SIMULADOR_OPERACIONES
V000961,AL01,AC002,RT010,AL011060,2026-03-10 10:00:00,2026-03-10 10:08:00,2026-03-10 11:55:00,2026-03-10 11:56:00,REALIZADO,,T2,G9,8,1,SIMULADOR_OPERACIONES
V000962,AL02,AC005,RT017,AL021061,2026-03-10 11:15:00,2026-03-10 11:15:00,2026-03-10 14:55:00,2026-03-10 14:55:00,REALIZADO,,T1,G10,0,0,SIMULADOR_OPERACIONES
V000963,AL03,AC008,RT002,AL031062,2026-03-10 12:30:00,2026-03-10 12:30:00,2026-03-10 13:50:00,2026-03-10 13:50:00,REALIZADO,,T1,G11,0,0,SIMULADOR_OPERACIONES
V000964,AL04,AC011,RT009,AL041063,2026-03-10 13:45:00,2026-03-10 13:45:00,2026-03-10 15:40:00,2026-03-10 15:40:00,REALIZADO,,T2,G12,0,0,SIMULADOR_OPERACIONES
V000965,AL05,AC014,RT016,AL051064,2026-03-10 14:00:00,2026-03-10 14:00:00,2026-03-10 17:15:00,2026-03-10 17:15:00,REALIZADO,,T1,G13,0,0,SIMULADOR_OPERACIONES
V000966,AL06,AC017,RT001,AL061065,2026-03-10 15:15:00,2026-03-10 15:23:00,2026-03-10 16:35:00,2026-03-10 16:41:00,REALIZADO,,T1,G14,8,6,SIMULADOR_OPERACIONES
V000967,AL01,AC003,RT008,AL011066,2026-03-11 16:30:00,2026-03-11 17:56:00,2026-03-11 18:10:00,2026-03-11 19:35:00,DEMORADO,,T2,G15,86,85,SIMULADOR_OPERACIONES
V000968,AL02,AC006,RT015,AL021067,2026-03-11 17:45:00,2026-03-11 17:45:00,2026-03-11 21:00:00,2026-03-11 21:00:00,REALIZADO,,T1,G16,0,0,SIMULADOR_OPERACIONES
V000969,AL03,AC009,RT001,AL031068,2026-03-11 18:00:00,2026-03-11 18:00:00,2026-03-11 19:20:00,2026-03-11 19:21:00,REALIZADO,,T1,G17,0,1,SIMULADOR_OPERACIONES
V000970,AL04,AC012,RT008,AL041069,2026-03-11 19:15:00,2026-03-11 19:15:00,2026-03-11 20:55:00,2026-03-11 20:57:00,REALIZADO,,T2,G18,0,2,SIMULADOR_OPERACIONES
V000971,AL05,AC015,RT015,AL051070,2026-03-11 20:30:00,2026-03-11 20:38:00,2026-03-11 23:45:00,2026-03-11 23:56:00,REALIZADO,,T1,G19,8,11,SIMULADOR_OPERACIONES
V000972,AL06,AC018,RT022,AL061071,2026-03-11 21:45:00,2026-03-11 21:45:00,2026-03-12 02:10:00,2026-03-12 02:14:00,REALIZADO,,T1,G20,0,4,SIMULADOR_OPERACIONES
V000973,AL01,AC001,RT007,AL011072,2026-03-11 04:00:00,2026-03-11 04:00:00,2026-03-11 05:40:00,2026-03-11 05:40:00,REALIZADO,,T2,G21,0,0,SIMULADOR_OPERACIONES
V000974,AL02,AC004,RT014,AL021073,2026-03-11 05:15:00,2026-03-11 06:22:00,2026-03-11 08:50:00,2026-03-11 09:51:00,DEMORADO,,T1,G22,67,61,SIMULADOR_OPERACIONES
V000975,AL03,AC007,RT021,AL031074,2026-03-11 06:30:00,2026-03-11 06:30:00,2026-03-11 10:55:00,2026-03-11 10:55:00,REALIZADO,,T1,G23,0,0,SIMULADOR_OPERACIONES
V000976,AL04,AC010,RT006,AL041075,2026-03-11 07:45:00,2026-03-11 07:53:00,2026-03-11 09:00:00,2026-03-11 09:04:00,REALIZADO,,T2,G24,8,4,SIMULADOR_OPERACIONES
V000977,AL05,AC013,RT013,AL051076,2026-03-11 08:00:00,2026-03-11 08:00:00,2026-03-11 11:35:00,2026-03-11 11:35:00,REALIZADO,,T1,G25,0,0,SIMULADOR_OPERACIONES
V000978,AL06,AC016,RT020,AL061077,2026-03-11 09:15:00,2026-03-11 09:15:00,2026-03-11 14:55:00,2026-03-11 14:55:00,REALIZADO,,T1,G26,0,0,SIMULADOR_OPERACIONES
V000979,AL01,AC002,RT005,AL011078,2026-03-11 10:30:00,2026-03-11 10:30:00,2026-03-11 11:45:00,2026-03-11 11:45:00,REALIZADO,,T2,G27,0,0,SIMULADOR_OPERACIONES
V000980,AL02,AC005,RT012,AL021079,2026-03-11 11:45:00,2026-03-11 11:45:00,2026-03-11 13:25:00,2026-03-11 13:25:00,REALIZADO,,T1,G28,0,0,SIMULADOR_OPERACIONES
V000981,AL03,AC008,RT019,AL031080,2026-03-12 12:00:00,2026-03-12 12:48:00,2026-03-12 17:40:00,2026-03-12 18:29:00,DEMORADO,,T1,G1,48,49,SIMULADOR_OPERACIONES
V000982,AL04,AC011,RT004,AL041081,2026-03-12 13:15:00,2026-03-12 13:15:00,2026-03-12 14:50:00,2026-03-12 14:52:00,REALIZADO,,T2,G2,0,2,SIMULADOR_OPERACIONES
V000983,AL05,AC014,RT011,AL051082,2026-03-12 14:30:00,2026-03-12 14:30:00,2026-03-12 16:10:00,2026-03-12 16:13:00,REALIZADO,,T1,G3,0,3,SIMULADOR_OPERACIONES
V000984,AL06,AC017,RT018,AL061083,2026-03-12 15:45:00,2026-03-12 15:45:00,2026-03-12 19:25:00,2026-03-12 19:29:00,REALIZADO,,T1,G4,0,4,SIMULADOR_OPERACIONES
V000985,AL01,AC003,RT003,AL011084,2026-03-12 16:00:00,2026-03-12 16:00:00,2026-03-12 17:35:00,2026-03-12 17:35:00,REALIZADO,,T2,G5,0,0,SIMULADOR_OPERACIONES
V000986,AL02,AC006,RT010,AL021085,2026-03-12 17:15:00,2026-03-12 17:23:00,2026-03-12 19:10:00,2026-03-12 19:12:00,REALIZADO,,T1,G6,8,2,SIMULADOR_OPERACIONES
V000987,AL03,AC009,RT017,AL031086,2026-03-12 18:30:00,2026-03-12 18:30:00,2026-03-12 22:10:00,2026-03-12 22:10:00,REALIZADO,,T1,G7,0,0,SIMULADOR_OPERACIONES
V000988,AL04,AC012,RT002,AL041087,2026-03-12 19:45:00,2026-03-12 20:14:00,2026-03-12 21:05:00,2026-03-12 21:30:00,DEMORADO,,T2,G8,29,25,SIMULADOR_OPERACIONES
V000989,AL05,AC015,RT009,AL051088,2026-03-12 20:00:00,2026-03-12 20:00:00,2026-03-12 21:55:00,2026-03-12 21:55:00,REALIZADO,,T1,G9,0,0,SIMULADOR_OPERACIONES
V000990,AL06,AC018,RT016,AL061089,2026-03-12 21:15:00,2026-03-12 21:15:00,2026-03-13 00:30:00,2026-03-13 00:30:00,REALIZADO,,T1,G10,0,0,SIMULADOR_OPERACIONES
V000991,AL01,AC001,RT002,AL011090,2026-03-12 04:30:00,2026-03-12 04:38:00,2026-03-12 05:50:00,2026-03-12 05:57:00,REALIZADO,,T2,G11,8,7,SIMULADOR_OPERACIONES
V000992,AL02,AC004,RT009,AL021091,2026-03-12 05:45:00,2026-03-12 05:45:00,2026-03-12 07:40:00,2026-03-12 07:40:00,REALIZADO,,T1,G12,0,0,SIMULADOR_OPERACIONES
V000993,AL03,AC007,RT016,AL031092,2026-03-12 06:00:00,2026-03-12 06:00:00,2026-03-12 09:15:00,2026-03-12 09:16:00,REALIZADO,,T1,G13,0,1,SIMULADOR_OPERACIONES
V000994,AL04,AC010,RT001,AL041093,2026-03-12 07:15:00,2026-03-12 07:15:00,2026-03-12 08:35:00,2026-03-12 08:37:00,REALIZADO,,T2,G14,0,2,SIMULADOR_OPERACIONES
V000995,AL05,AC013,RT008,AL051094,2026-03-13 08:30:00,,2026-03-13 10:10:00,,CANCELADO,MANTENIMIENTO,T1,,0,0,SIMULADOR_OPERACIONES
V000996,AL06,AC016,RT015,AL061095,2026-03-13 09:45:00,2026-03-13 09:53:00,2026-03-13 13:00:00,2026-03-13 13:12:00,REALIZADO,,T1,G16,8,12,SIMULADOR_OPERACIONES
V000997,AL01,AC002,RT022,AL011096,2026-03-13 10:00:00,2026-03-13 10:00:00,2026-03-13 14:25:00,2026-03-13 14:25:00,REALIZADO,,T2,G17,0,0,SIMULADOR_OPERACIONES
V000998,AL02,AC005,RT007,AL021097,2026-03-13 11:15:00,2026-03-13 11:15:00,2026-03-13 12:55:00,2026-03-13 12:55:00,REALIZADO,,T1,G18,0,0,SIMULADOR_OPERACIONES
V000999,AL03,AC008,RT014,AL031098,2026-03-13 12:30:00,2026-03-13 12:30:00,2026-03-13 16:05:00,2026-03-13 16:05:00,REALIZADO,,T1,G19,0,0,SIMULADOR_OPERACIONES
V001000,AL04,AC011,RT021,AL041099,2026-03-13 13:45:00,2026-03-13 13:45:00,2026-03-13 18:10:00,2026-03-13 18:10:00,REALIZADO,,T2,G20,0,0,SIMULADOR_OPERACIONES
V001001,AL05,AC014,RT006,AL051100,2026-03-13 14:00:00,2026-03-13 14:08:00,2026-03-13 15:15:00,2026-03-13 15:20:00,REALIZADO,,T1,G21,8,5,SIMULADOR_OPERACIONES
V001002,AL06,AC017,RT013,AL061101,2026-03-13 15:15:00,2026-03-13 16:42:00,2026-03-13 18:50:00,2026-03-13 20:15:00,DEMORADO,,T1,G22,87,85,SIMULADOR_OPERACIONES
V001003,AL01,AC003,RT020,AL011102,2026-03-13 16:30:00,2026-03-13 16:30:00,2026-03-13 22:10:00,2026-03-13 22:10:00,REALIZADO,,T2,G23,0,0,SIMULADOR_OPERACIONES
V001004,AL02,AC006,RT005,AL021103,2026-03-13 17:45:00,2026-03-13 17:45:00,2026-03-13 19:00:00,2026-03-13 19:00:00,REALIZADO,,T1,G24,0,0,SIMULADOR_OPERACIONES
V001005,AL03,AC009,RT012,AL031104,2026-03-13 18:00:00,2026-03-13 18:00:00,2026-03-13 19:40:00,2026-03-13 19:41:00,REALIZADO,,T1,G25,0,1,SIMULADOR_OPERACIONES
V001006,AL04,AC012,RT019,AL041105,2026-03-13 19:15:00,2026-03-13 19:23:00,2026-03-14 00:55:00,2026-03-14 01:05:00,REALIZADO,,T2,G26,8,10,SIMULADOR_OPERACIONES
V001007,AL05,AC015,RT004,AL051106,2026-03-13 20:30:00,2026-03-13 20:30:00,2026-03-13 22:05:00,2026-03-13 22:08:00,REALIZADO,,T1,G27,0,3,SIMULADOR_OPERACIONES
V001008,AL06,AC018,RT011,AL061107,2026-03-13 21:45:00,2026-03-13 21:45:00,2026-03-13 23:25:00,2026-03-13 23:29:00,REALIZADO,,T1,G28,0,4,SIMULADOR_OPERACIONES
V001009,AL01,AC001,RT018,AL011108,2026-03-14 04:00:00,2026-03-14 05:08:00,2026-03-14 07:40:00,2026-03-14 08:41:00,DEMORADO,,T2,G1,68,61,SIMULADOR_OPERACIONES
V001010,AL02,AC004,RT003,AL021109,2026-03-14 05:15:00,2026-03-14 05:15:00,2026-03-14 06:50:00,2026-03-14 06:50:00,REALIZADO,,T1,G2,0,0,SIMULADOR_OPERACIONES
V001011,AL03,AC007,RT010,AL031110,2026-03-14 06:30:00,2026-03-14 06:38:00,2026-03-14 08:25:00,2026-03-14 08:28:00,REALIZADO,,T1,G3,8,3,SIMULADOR_OPERACIONES
V001012,AL04,AC010,RT017,AL041111,2026-03-14 07:45:00,2026-03-14 07:45:00,2026-03-14 11:25:00,2026-03-14 11:25:00,REALIZADO,,T2,G4,0,0,SIMULADOR_OPERACIONES
V001013,AL05,AC013,RT003,AL051112,2026-03-14 08:00:00,2026-03-14 08:00:00,2026-03-14 09:35:00,2026-03-14 09:35:00,REALIZADO,,T1,G5,0,0,SIMULADOR_OPERACIONES
V001014,AL06,AC016,RT010,AL061113,2026-03-14 09:15:00,2026-03-14 09:15:00,2026-03-14 11:10:00,2026-03-14 11:10:00,REALIZADO,,T1,G6,0,0,SIMULADOR_OPERACIONES
V001015,AL01,AC002,RT017,AL011114,2026-03-14 10:30:00,2026-03-14 10:30:00,2026-03-14 14:10:00,2026-03-14 14:10:00,REALIZADO,,T2,G7,0,0,SIMULADOR_OPERACIONES
V001016,AL02,AC005,RT002,AL021115,2026-03-14 11:45:00,2026-03-14 12:34:00,2026-03-14 13:05:00,2026-03-14 13:54:00,DEMORADO,,T1,G8,49,49,SIMULADOR_OPERACIONES
V001017,AL03,AC008,RT009,AL031116,2026-03-14 12:00:00,2026-03-14 12:00:00,2026-03-14 13:55:00,2026-03-14 13:56:00,REALIZADO,,T1,G9,0,1,SIMULADOR_OPERACIONES
V001018,AL04,AC011,RT016,AL041117,2026-03-14 13:15:00,2026-03-14 13:15:00,2026-03-14 16:30:00,2026-03-14 16:32:00,REALIZADO,,T2,G10,0,2,SIMULADOR_OPERACIONES
V001019,AL05,AC014,RT001,AL051118,2026-03-14 14:30:00,2026-03-14 14:30:00,2026-03-14 15:50:00,2026-03-14 15:53:00,REALIZADO,,T1,G11,0,3,SIMULADOR_OPERACIONES
V001020,AL06,AC017,RT008,AL061119,2026-03-14 15:45:00,2026-03-14 15:45:00,2026-03-14 17:25:00,2026-03-14 17:29:00,REALIZADO,,T1,G12,0,4,SIMULADOR_OPERACIONES
V001021,AL01,AC003,RT015,AL011120,2026-03-14 16:00:00,2026-03-14 16:08:00,2026-03-14 19:15:00,2026-03-14 19:16:00,REALIZADO,,T2,G13,8,1,SIMULADOR_OPERACIONES
V001022,AL02,AC006,RT022,AL021121,2026-03-14 17:15:00,2026-03-14 17:15:00,2026-03-14 21:40:00,2026-03-14 21:40:00,REALIZADO,,T1,G14,0,0,SIMULADOR_OPERACIONES
V001023,AL03,AC009,RT007,AL031122,2026-03-15 18:30:00,2026-03-15 19:00:00,2026-03-15 20:10:00,2026-03-15 20:35:00,DEMORADO,,T1,G15,30,25,SIMULADOR_OPERACIONES
V001024,AL04,AC012,RT014,AL041123,2026-03-15 19:45:00,2026-03-15 19:45:00,2026-03-15 23:20:00,2026-03-15 23:20:00,REALIZADO,,T2,G16,0,0,SIMULADOR_OPERACIONES
V001025,AL05,AC015,RT021,AL051124,2026-03-15 20:00:00,2026-03-15 20:00:00,2026-03-16 00:25:00,2026-03-16 00:25:00,REALIZADO,,T1,G17,0,0,SIMULADOR_OPERACIONES
V001026,AL06,AC018,RT006,AL061125,2026-03-15 21:15:00,2026-03-15 21:23:00,2026-03-15 22:30:00,2026-03-15 22:36:00,REALIZADO,,T1,G18,8,6,SIMULADOR_OPERACIONES
V001027,AL01,AC001,RT013,AL011126,2026-03-15 04:30:00,2026-03-15 04:30:00,2026-03-15 08:05:00,2026-03-15 08:05:00,REALIZADO,,T2,G19,0,0,SIMULADOR_OPERACIONES
V001028,AL02,AC004,RT020,AL021127,2026-03-15 05:45:00,2026-03-15 05:45:00,2026-03-15 11:25:00,2026-03-15 11:25:00,REALIZADO,,T1,G20,0,0,SIMULADOR_OPERACIONES
V001029,AL03,AC007,RT005,AL031128,2026-03-15 06:00:00,2026-03-15 06:00:00,2026-03-15 07:15:00,2026-03-15 07:16:00,REALIZADO,,T1,G21,0,1,SIMULADOR_OPERACIONES
V001030,AL04,AC010,RT012,AL041129,2026-03-15 07:15:00,2026-03-15 09:02:00,2026-03-15 08:55:00,2026-03-15 10:44:00,DEMORADO,,T2,G22,107,109,SIMULADOR_OPERACIONES
V001031,AL05,AC013,RT019,AL051130,2026-03-15 08:30:00,2026-03-15 08:38:00,2026-03-15 14:10:00,2026-03-15 14:21:00,REALIZADO,,T1,G23,8,11,SIMULADOR_OPERACIONES
V001032,AL06,AC016,RT004,AL061131,2026-03-15 09:45:00,2026-03-15 09:45:00,2026-03-15 11:20:00,2026-03-15 11:24:00,REALIZADO,,T1,G24,0,4,SIMULADOR_OPERACIONES
V001033,AL01,AC002,RT011,AL011132,2026-03-15 10:00:00,2026-03-15 10:00:00,2026-03-15 11:40:00,2026-03-15 11:40:00,REALIZADO,,T2,G25,0,0,SIMULADOR_OPERACIONES
V001034,AL02,AC005,RT018,AL021133,2026-03-15 11:15:00,2026-03-15 11:15:00,2026-03-15 14:55:00,2026-03-15 14:55:00,REALIZADO,,T1,G26,0,0,SIMULADOR_OPERACIONES
V001035,AL03,AC008,RT004,AL031134,2026-03-15 12:30:00,2026-03-15 12:30:00,2026-03-15 14:05:00,2026-03-15 14:05:00,REALIZADO,,T1,G27,0,0,SIMULADOR_OPERACIONES
V001036,AL04,AC011,RT011,AL041135,2026-03-15 13:45:00,2026-03-15 13:53:00,2026-03-15 15:25:00,2026-03-15 15:29:00,REALIZADO,,T2,G28,8,4,SIMULADOR_OPERACIONES
V001037,AL05,AC014,RT018,AL051136,2026-03-16 14:00:00,2026-03-16 15:28:00,2026-03-16 17:40:00,2026-03-16 19:05:00,DEMORADO,,T1,G1,88,85,SIMULADOR_OPERACIONES
V001038,AL06,AC017,RT003,AL061137,2026-03-16 15:15:00,2026-03-16 15:15:00,2026-03-16 16:50:00,2026-03-16 16:50:00,REALIZADO,,T1,G2,0,0,SIMULADOR_OPERACIONES
V001039,AL01,AC003,RT010,AL011138,2026-03-16 16:30:00,2026-03-16 16:30:00,2026-03-16 18:25:00,2026-03-16 18:25:00,REALIZADO,,T2,G3,0,0,SIMULADOR_OPERACIONES
V001040,AL02,AC006,RT017,AL021139,2026-03-16 17:45:00,2026-03-16 17:45:00,2026-03-16 21:25:00,2026-03-16 21:25:00,REALIZADO,,T1,G4,0,0,SIMULADOR_OPERACIONES
V001041,AL03,AC009,RT002,AL031140,2026-03-16 18:00:00,2026-03-16 18:08:00,2026-03-16 19:20:00,2026-03-16 19:29:00,REALIZADO,,T1,G5,8,9,SIMULADOR_OPERACIONES
V001042,AL04,AC012,RT009,AL041141,2026-03-16 19:15:00,2026-03-16 19:15:00,2026-03-16 21:10:00,2026-03-16 21:12:00,REALIZADO,,T2,G6,0,2,SIMULADOR_OPERACIONES
V001043,AL05,AC015,RT016,AL051142,2026-03-16 20:30:00,2026-03-16 20:30:00,2026-03-16 23:45:00,2026-03-16 23:48:00,REALIZADO,,T1,G7,0,3,SIMULADOR_OPERACIONES
V001044,AL06,AC018,RT001,AL061143,2026-03-16 21:45:00,2026-03-16 22:54:00,2026-03-16 23:05:00,2026-03-17 00:18:00,DEMORADO,,T1,G8,69,73,SIMULADOR_OPERACIONES
V001045,AL01,AC001,RT008,AL011144,2026-03-16 04:00:00,2026-03-16 04:00:00,2026-03-16 05:40:00,2026-03-16 05:40:00,REALIZADO,,T2,G9,0,0,SIMULADOR_OPERACIONES
V001046,AL02,AC004,RT015,AL021145,2026-03-16 05:15:00,2026-03-16 05:23:00,2026-03-16 08:30:00,2026-03-16 08:32:00,REALIZADO,,T1,G10,8,2,SIMULADOR_OPERACIONES
V001047,AL03,AC007,RT022,AL031146,2026-03-16 06:30:00,2026-03-16 06:30:00,2026-03-16 10:55:00,2026-03-16 10:55:00,REALIZADO,,T1,G11,0,0,SIMULADOR_OPERACIONES
V001048,AL04,AC010,RT007,AL041147,2026-03-16 07:45:00,2026-03-16 07:45:00,2026-03-16 09:25:00,2026-03-16 09:25:00,REALIZADO,,T2,G12,0,0,SIMULADOR_OPERACIONES
V001049,AL05,AC013,RT014,AL051148,2026-03-16 08:00:00,2026-03-16 08:00:00,2026-03-16 11:35:00,2026-03-16 11:35:00,REALIZADO,,T1,G13,0,0,SIMULADOR_OPERACIONES
V001050,AL06,AC016,RT021,AL061149,2026-03-16 09:15:00,2026-03-16 09:15:00,2026-03-16 13:40:00,2026-03-16 13:40:00,REALIZADO,,T1,G14,0,0,SIMULADOR_OPERACIONES
V001051,AL01,AC002,RT006,AL011150,2026-03-17 10:30:00,2026-03-17 11:20:00,2026-03-17 11:45:00,2026-03-17 12:34:00,DEMORADO,,T2,G15,50,49,SIMULADOR_OPERACIONES
V001052,AL02,AC005,RT013,AL021151,2026-03-17 11:45:00,2026-03-17 11:45:00,2026-03-17 15:20:00,2026-03-17 15:20:00,REALIZADO,,T1,G16,0,0,SIMULADOR_OPERACIONES
V001053,AL03,AC008,RT020,AL031152,2026-03-17 12:00:00,2026-03-17 12:00:00,2026-03-17 17:40:00,2026-03-17 17:41:00,REALIZADO,,T1,G17,0,1,SIMULADOR_OPERACIONES
V001054,AL04,AC011,RT005,AL041153,2026-03-17 13:15:00,2026-03-17 13:15:00,2026-03-17 14:30:00,2026-03-17 14:32:00,REALIZADO,,T2,G18,0,2,SIMULADOR_OPERACIONES
V001055,AL05,AC014,RT012,AL051154,2026-03-17 14:30:00,2026-03-17 14:30:00,2026-03-17 16:10:00,2026-03-17 16:13:00,REALIZADO,,T1,G19,0,3,SIMULADOR_OPERACIONES
V001056,AL06,AC017,RT019,AL061155,2026-03-17 15:45:00,2026-03-17 15:53:00,2026-03-17 21:25:00,2026-03-17 21:37:00,REALIZADO,,T1,G20,8,12,SIMULADOR_OPERACIONES
V001057,AL01,AC003,RT005,AL011156,2026-03-17 16:00:00,2026-03-17 16:00:00,2026-03-17 17:15:00,2026-03-17 17:15:00,REALIZADO,,T2,G21,0,0,SIMULADOR_OPERACIONES
V001058,AL02,AC006,RT012,AL021157,2026-03-17 17:15:00,2026-03-17 17:46:00,2026-03-17 18:55:00,2026-03-17 19:20:00,DEMORADO,,T1,G22,31,25,SIMULADOR_OPERACIONES
V001059,AL03,AC009,RT019,AL031158,2026-03-17 18:30:00,2026-03-17 18:30:00,2026-03-18 00:10:00,2026-03-18 00:10:00,REALIZADO,,T1,G23,0,0,SIMULADOR_OPERACIONES
V001060,AL04,AC012,RT004,AL041159,2026-03-17 19:45:00,2026-03-17 19:45:00,2026-03-17 21:20:00,2026-03-17 21:20:00,REALIZADO,,T2,G24,0,0,SIMULADOR_OPERACIONES
V001061,AL05,AC015,RT011,AL051160,2026-03-17 20:00:00,2026-03-17 20:08:00,2026-03-17 21:40:00,2026-03-17 21:45:00,REALIZADO,,T1,G25,8,5,SIMULADOR_OPERACIONES
V001062,AL06,AC018,RT018,AL061161,2026-03-17 21:15:00,2026-03-17 21:15:00,2026-03-18 00:55:00,2026-03-18 00:55:00,REALIZADO,,T1,G26,0,0,SIMULADOR_OPERACIONES
V001063,AL01,AC001,RT003,AL011162,2026-03-17 04:30:00,2026-03-17 04:30:00,2026-03-17 06:05:00,2026-03-17 06:05:00,REALIZADO,,T2,G27,0,0,SIMULADOR_OPERACIONES
V001064,AL02,AC004,RT010,AL021163,2026-03-17 05:45:00,2026-03-17 05:45:00,2026-03-17 07:40:00,2026-03-17 07:40:00,REALIZADO,,T1,G28,0,0,SIMULADOR_OPERACIONES
V001065,AL03,AC007,RT017,AL031164,2026-03-18 06:00:00,2026-03-18 07:48:00,2026-03-18 09:40:00,2026-03-18 11:29:00,DEMORADO,,T1,G1,108,109,SIMULADOR_OPERACIONES
V001066,AL04,AC010,RT002,AL041165,2026-03-18 07:15:00,,2026-03-18 08:35:00,,CANCELADO,CLIMA,T2,,0,0,SIMULADOR_OPERACIONES
V001067,AL05,AC013,RT009,AL051166,2026-03-18 08:30:00,2026-03-18 08:30:00,2026-03-18 10:25:00,2026-03-18 10:28:00,REALIZADO,,T1,G3,0,3,SIMULADOR_OPERACIONES
V001068,AL06,AC016,RT016,AL061167,2026-03-18 09:45:00,2026-03-18 09:45:00,2026-03-18 13:00:00,2026-03-18 13:04:00,REALIZADO,,T1,G4,0,4,SIMULADOR_OPERACIONES
V001069,AL01,AC002,RT001,AL011168,2026-03-18 10:00:00,2026-03-18 10:00:00,2026-03-18 11:20:00,2026-03-18 11:20:00,REALIZADO,,T2,G5,0,0,SIMULADOR_OPERACIONES
V001070,AL02,AC005,RT008,AL021169,2026-03-18 11:15:00,2026-03-18 11:15:00,2026-03-18 12:55:00,2026-03-18 12:55:00,REALIZADO,,T1,G6,0,0,SIMULADOR_OPERACIONES
V001071,AL03,AC008,RT015,AL031170,2026-03-18 12:30:00,2026-03-18 12:38:00,2026-03-18 15:45:00,2026-03-18 15:48:00,REALIZADO,,T1,G7,8,3,SIMULADOR_OPERACIONES
V001072,AL04,AC011,RT022,AL041171,2026-03-18 13:45:00,2026-03-18 15:14:00,2026-03-18 18:10:00,2026-03-18 19:35:00,DEMORADO,,T2,G8,89,85,SIMULADOR_OPERACIONES
V001073,AL05,AC014,RT007,AL051172,2026-03-18 14:00:00,2026-03-18 14:00:00,2026-03-18 15:40:00,2026-03-18 15:40:00,REALIZADO,,T1,G9,0,0,SIMULADOR_OPERACIONES
V001074,AL06,AC017,RT014,AL061173,2026-03-18 15:15:00,2026-03-18 15:15:00,2026-03-18 18:50:00,2026-03-18 18:50:00,REALIZADO,,T1,G10,0,0,SIMULADOR_OPERACIONES
V001075,AL01,AC003,RT021,AL011174,2026-03-18 16:30:00,2026-03-18 16:30:00,2026-03-18 20:55:00,2026-03-18 20:55:00,REALIZADO,,T2,G11,0,0,SIMULADOR_OPERACIONES
V001076,AL02,AC006,RT006,AL021175,2026-03-18 17:45:00,2026-03-18 17:53:00,2026-03-18 19:00:00,2026-03-18 19:08:00,REALIZADO,,T1,G12,8,8,SIMULADOR_OPERACIONES
V001077,AL03,AC009,RT013,AL031176,2026-03-18 18:00:00,2026-03-18 18:00:00,2026-03-18 21:35:00,2026-03-18 21:36:00,REALIZADO,,T1,G13,0,1,SIMULADOR_OPERACIONES
V001078,AL04,AC012,RT020,AL041177,2026-03-18 19:15:00,2026-03-18 19:15:00,2026-03-19 00:55:00,2026-03-19 00:57:00,REALIZADO,,T2,G14,0,2,SIMULADOR_OPERACIONES
V001079,AL05,AC015,RT006,AL051178,2026-03-19 20:30:00,2026-03-19 21:40:00,2026-03-19 21:45:00,2026-03-19 22:58:00,DEMORADO,,T1,G15,70,73,SIMULADOR_OPERACIONES
V001080,AL06,AC018,RT013,AL061179,2026-03-19 21:45:00,2026-03-19 21:45:00,2026-03-20 01:20:00,2026-03-20 01:24:00,REALIZADO,,T1,G16,0,4,SIMULADOR_OPERACIONES
V001081,AL01,AC001,RT020,AL011180,2026-03-19 04:00:00,2026-03-19 04:08:00,2026-03-19 09:40:00,2026-03-19 09:41:00,REALIZADO,,T2,G17,8,1,SIMULADOR_OPERACIONES
V001082,AL02,AC004,RT005,AL021181,2026-03-19 05:15:00,2026-03-19 05:15:00,2026-03-19 06:30:00,2026-03-19 06:30:00,REALIZADO,,T1,G18,0,0,SIMULADOR_OPERACIONES
V001083,AL03,AC007,RT012,AL031182,2026-03-19 06:30:00,2026-03-19 06:30:00,2026-03-19 08:10:00,2026-03-19 08:10:00,REALIZADO,,T1,G19,0,0,SIMULADOR_OPERACIONES
V001084,AL04,AC010,RT019,AL041183,2026-03-19 07:45:00,2026-03-19 07:45:00,2026-03-19 13:25:00,2026-03-19 13:25:00,REALIZADO,,T2,G20,0,0,SIMULADOR_OPERACIONES
V001085,AL05,AC013,RT004,AL051184,2026-03-19 08:00:00,2026-03-19 08:00:00,2026-03-19 09:35:00,2026-03-19 09:35:00,REALIZADO,,T1,G21,0,0,SIMULADOR_OPERACIONES
V001086,AL06,AC016,RT011,AL061185,2026-03-19 09:15:00,2026-03-19 10:06:00,2026-03-19 10:55:00,2026-03-19 11:44:00,DEMORADO,,T1,G22,51,49,SIMULADOR_OPERACIONES
V001087,AL01,AC002,RT018,AL011186,2026-03-19 10:30:00,2026-03-19 10:30:00,2026-03-19 14:10:00,2026-03-19 14:10:00,REALIZADO,,T2,G23,0,0,SIMULADOR_OPERACIONES
V001088,AL02,AC005,RT003,AL021187,2026-03-19 11:45:00,2026-03-19 11:45:00,2026-03-19 13:20:00,2026-03-19 13:20:00,REALIZADO,,T1,G24,0,0,SIMULADOR_OPERACIONES
V001089,AL03,AC008,RT010,AL031188,2026-03-19 12:00:00,2026-03-19 12:00:00,2026-03-19 13:55:00,2026-03-19 13:56:00,REALIZADO,,T1,G25,0,1,SIMULADOR_OPERACIONES
V001090,AL04,AC011,RT017,AL041189,2026-03-19 13:15:00,2026-03-19 13:15:00,2026-03-19 16:55:00,2026-03-19 16:57:00,REALIZADO,,T2,G26,0,2,SIMULADOR_OPERACIONES
V001091,AL05,AC014,RT002,AL051190,2026-03-19 14:30:00,2026-03-19 14:38:00,2026-03-19 15:50:00,2026-03-19 16:01:00,REALIZADO,,T1,G27,8,11,SIMULADOR_OPERACIONES
V001092,AL06,AC017,RT009,AL061191,2026-03-19 15:45:00,2026-03-19 15:45:00,2026-03-19 17:40:00,2026-03-19 17:44:00,REALIZADO,,T1,G28,0,4,SIMULADOR_OPERACIONES
V001093,AL01,AC003,RT016,AL011192,2026-03-20 16:00:00,2026-03-20 16:32:00,2026-03-20 19:15:00,2026-03-20 19:40:00,DEMORADO,,T2,G1,32,25,SIMULADOR_OPERACIONES
V001094,AL02,AC006,RT001,AL021193,2026-03-20 17:15:00,2026-03-20 17:15:00,2026-03-20 18:35:00,2026-03-20 18:35:00,REALIZADO,,T1,G2,0,0,SIMULADOR_OPERACIONES
V001095,AL03,AC009,RT008,AL031194,2026-03-20 18:30:00,2026-03-20 18:30:00,2026-03-20 20:10:00,2026-03-20 20:10:00,REALIZADO,,T1,G3,0,0,SIMULADOR_OPERACIONES
V001096,AL04,AC012,RT015,AL041195,2026-03-20 19:45:00,2026-03-20 19:53:00,2026-03-20 23:00:00,2026-03-20 23:04:00,REALIZADO,,T2,G4,8,4,SIMULADOR_OPERACIONES
V001097,AL05,AC015,RT022,AL051196,2026-03-20 20:00:00,2026-03-20 20:00:00,2026-03-21 00:25:00,2026-03-21 00:25:00,REALIZADO,,T1,G5,0,0,SIMULADOR_OPERACIONES
V001098,AL06,AC018,RT007,AL061197,2026-03-20 21:15:00,2026-03-20 21:15:00,2026-03-20 22:55:00,2026-03-20 22:55:00,REALIZADO,,T1,G6,0,0,SIMULADOR_OPERACIONES
V001099,AL01,AC001,RT014,AL011198,2026-03-20 04:30:00,2026-03-20 04:30:00,2026-03-20 08:05:00,2026-03-20 08:05:00,REALIZADO,,T2,G7,0,0,SIMULADOR_OPERACIONES
V001100,AL02,AC004,RT021,AL021199,2026-03-20 05:45:00,2026-03-20 07:34:00,2026-03-20 10:10:00,2026-03-20 11:59:00,DEMORADO,,T1,G8,109,109,SIMULADOR_OPERACIONES
V001101,AL03,AC007,RT007,AL031200,2026-03-20 06:00:00,2026-03-20 06:08:00,2026-03-20 07:40:00,2026-03-20 07:49:00,REALIZADO,,T1,G9,8,9,SIMULADOR_OPERACIONES
V001102,AL04,AC010,RT014,AL041201,2026-03-20 07:15:00,2026-03-20 07:15:00,2026-03-20 10:50:00,2026-03-20 10:52:00,REALIZADO,,T2,G10,0,2,SIMULADOR_OPERACIONES
V001103,AL05,AC013,RT021,AL051202,2026-03-20 08:30:00,2026-03-20 08:30:00,2026-03-20 12:55:00,2026-03-20 12:58:00,REALIZADO,,T1,G11,0,3,SIMULADOR_OPERACIONES
V001104,AL06,AC016,RT006,AL061203,2026-03-20 09:45:00,2026-03-20 09:45:00,2026-03-20 11:00:00,2026-03-20 11:04:00,REALIZADO,,T1,G12,0,4,SIMULADOR_OPERACIONES
V001105,AL01,AC002,RT013,AL011204,2026-03-20 10:00:00,2026-03-20 10:00:00,2026-03-20 13:35:00,2026-03-20 13:35:00,REALIZADO,,T2,G13,0,0,SIMULADOR_OPERACIONES
V001106,AL02,AC005,RT020,AL021205,2026-03-20 11:15:00,2026-03-20 11:23:00,2026-03-20 16:55:00,2026-03-20 16:57:00,REALIZADO,,T1,G14,8,2,SIMULADOR_OPERACIONES
V001107,AL03,AC008,RT005,AL031206,2026-03-21 12:30:00,2026-03-21 14:00:00,2026-03-21 13:45:00,2026-03-21 15:10:00,DEMORADO,,T1,G15,90,85,SIMULADOR_OPERACIONES
V001108,AL04,AC011,RT012,AL041207,2026-03-21 13:45:00,2026-03-21 13:45:00,2026-03-21 15:25:00,2026-03-21 15:25:00,REALIZADO,,T2,G16,0,0,SIMULADOR_OPERACIONES
V001109,AL05,AC014,RT019,AL051208,2026-03-21 14:00:00,2026-03-21 14:00:00,2026-03-21 19:40:00,2026-03-21 19:40:00,REALIZADO,,T1,G17,0,0,SIMULADOR_OPERACIONES
V001110,AL06,AC017,RT004,AL061209,2026-03-21 15:15:00,2026-03-21 15:15:00,2026-03-21 16:50:00,2026-03-21 16:50:00,REALIZADO,,T1,G18,0,0,SIMULADOR_OPERACIONES
V001111,AL01,AC003,RT011,AL011210,2026-03-21 16:30:00,2026-03-21 16:38:00,2026-03-21 18:10:00,2026-03-21 18:17:00,REALIZADO,,T2,G19,8,7,SIMULADOR_OPERACIONES
V001112,AL02,AC006,RT018,AL021211,2026-03-21 17:45:00,2026-03-21 17:45:00,2026-03-21 21:25:00,2026-03-21 21:25:00,REALIZADO,,T1,G20,0,0,SIMULADOR_OPERACIONES
V001113,AL03,AC009,RT003,AL031212,2026-03-21 18:00:00,2026-03-21 18:00:00,2026-03-21 19:35:00,2026-03-21 19:36:00,REALIZADO,,T1,G21,0,1,SIMULADOR_OPERACIONES
V001114,AL04,AC012,RT010,AL041213,2026-03-21 19:15:00,2026-03-21 20:26:00,2026-03-21 21:10:00,2026-03-21 22:23:00,DEMORADO,,T2,G22,71,73,SIMULADOR_OPERACIONES
V001115,AL05,AC015,RT017,AL051214,2026-03-21 20:30:00,2026-03-21 20:30:00,2026-03-22 00:10:00,2026-03-22 00:13:00,REALIZADO,,T1,G23,0,3,SIMULADOR_OPERACIONES
V001116,AL06,AC018,RT002,AL061215,2026-03-21 21:45:00,2026-03-21 21:53:00,2026-03-21 23:05:00,2026-03-21 23:17:00,REALIZADO,,T1,G24,8,12,SIMULADOR_OPERACIONES
V001117,AL01,AC001,RT009,AL011216,2026-03-21 04:00:00,2026-03-21 04:00:00,2026-03-21 05:55:00,2026-03-21 05:55:00,REALIZADO,,T2,G25,0,0,SIMULADOR_OPERACIONES
V001118,AL02,AC004,RT016,AL021217,2026-03-21 05:15:00,2026-03-21 05:15:00,2026-03-21 08:30:00,2026-03-21 08:30:00,REALIZADO,,T1,G26,0,0,SIMULADOR_OPERACIONES
V001119,AL03,AC007,RT001,AL031218,2026-03-21 06:30:00,2026-03-21 06:30:00,2026-03-21 07:50:00,2026-03-21 07:50:00,REALIZADO,,T1,G27,0,0,SIMULADOR_OPERACIONES
V001120,AL04,AC010,RT008,AL041219,2026-03-21 07:45:00,2026-03-21 07:45:00,2026-03-21 09:25:00,2026-03-21 09:25:00,REALIZADO,,T2,G28,0,0,SIMULADOR_OPERACIONES
V001121,AL05,AC013,RT015,AL051220,2026-03-22 08:00:00,2026-03-22 08:52:00,2026-03-22 11:15:00,2026-03-22 12:04:00,DEMORADO,,T1,G1,52,49,SIMULADOR_OPERACIONES
V001122,AL06,AC016,RT022,AL061221,2026-03-22 09:15:00,2026-03-22 09:15:00,2026-03-22 13:40:00,2026-03-22 13:40:00,REALIZADO,,T1,G2,0,0,SIMULADOR_OPERACIONES
V001123,AL01,AC002,RT008,AL011222,2026-03-22 10:30:00,2026-03-22 10:30:00,2026-03-22 12:10:00,2026-03-22 12:10:00,REALIZADO,,T2,G3,0,0,SIMULADOR_OPERACIONES
V001124,AL02,AC005,RT015,AL021223,2026-03-22 11:45:00,2026-03-22 11:45:00,2026-03-22 15:00:00,2026-03-22 15:00:00,REALIZADO,,T1,G4,0,0,SIMULADOR_OPERACIONES
V001125,AL03,AC008,RT022,AL031224,2026-03-22 12:00:00,2026-03-22 12:00:00,2026-03-22 16:25:00,2026-03-22 16:26:00,REALIZADO,,T1,G5,0,1,SIMULADOR_OPERACIONES
V001126,AL04,AC011,RT007,AL041225,2026-03-22 13:15:00,2026-03-22 13:23:00,2026-03-22 14:55:00,2026-03-22 15:05:00,REALIZADO,,T2,G6,8,10,SIMULADOR_OPERACIONES
V001127,AL05,AC014,RT014,AL051226,2026-03-22 14:30:00,2026-03-22 14:30:00,2026-03-22 18:05:00,2026-03-22 18:08:00,REALIZADO,,T1,G7,0,3,SIMULADOR_OPERACIONES
V001128,AL06,AC017,RT021,AL061227,2026-03-22 15:45:00,2026-03-22 16:18:00,2026-03-22 20:10:00,2026-03-22 20:47:00,DEMORADO,,T1,G8,33,37,SIMULADOR_OPERACIONES
V001129,AL01,AC003,RT006,AL011228,2026-03-22 16:00:00,2026-03-22 16:00:00,2026-03-22 17:15:00,2026-03-22 17:15:00,REALIZADO,,T2,G9,0,0,SIMULADOR_OPERACIONES
V001130,AL02,AC006,RT013,AL021229,2026-03-22 17:15:00,2026-03-22 17:15:00,2026-03-22 20:50:00,2026-03-22 20:50:00,REALIZADO,,T1,G10,0,0,SIMULADOR_OPERACIONES
V001131,AL03,AC009,RT020,AL031230,2026-03-22 18:30:00,2026-03-22 18:38:00,2026-03-23 00:10:00,2026-03-23 00:13:00,REALIZADO,,T1,G11,8,3,SIMULADOR_OPERACIONES
V001132,AL04,AC012,RT005,AL041231,2026-03-22 19:45:00,2026-03-22 19:45:00,2026-03-22 21:00:00,2026-03-22 21:00:00,REALIZADO,,T2,G12,0,0,SIMULADOR_OPERACIONES
V001133,AL05,AC015,RT012,AL051232,2026-03-22 20:00:00,2026-03-22 20:00:00,2026-03-22 21:40:00,2026-03-22 21:40:00,REALIZADO,,T1,G13,0,0,SIMULADOR_OPERACIONES
V001134,AL06,AC018,RT019,AL061233,2026-03-22 21:15:00,2026-03-22 21:15:00,2026-03-23 02:55:00,2026-03-23 02:55:00,REALIZADO,,T1,G14,0,0,SIMULADOR_OPERACIONES
V001135,AL01,AC001,RT004,AL011234,2026-03-23 04:30:00,2026-03-23 06:20:00,2026-03-23 06:05:00,2026-03-23 07:54:00,DEMORADO,,T2,G15,110,109,SIMULADOR_OPERACIONES
V001136,AL02,AC004,RT011,AL021235,2026-03-23 05:45:00,2026-03-23 05:53:00,2026-03-23 07:25:00,2026-03-23 07:33:00,REALIZADO,,T1,G16,8,8,SIMULADOR_OPERACIONES
V001137,AL03,AC007,RT018,AL031236,2026-03-23 06:00:00,,2026-03-23 09:40:00,,CANCELADO,MANTENIMIENTO,T1,,0,0,SIMULADOR_OPERACIONES
V001138,AL04,AC010,RT003,AL041237,2026-03-23 07:15:00,2026-03-23 07:15:00,2026-03-23 08:50:00,2026-03-23 08:52:00,REALIZADO,,T2,G18,0,2,SIMULADOR_OPERACIONES
V001139,AL05,AC013,RT010,AL051238,2026-03-23 08:30:00,2026-03-23 08:30:00,2026-03-23 10:25:00,2026-03-23 10:28:00,REALIZADO,,T1,G19,0,3,SIMULADOR_OPERACIONES
V001140,AL06,AC016,RT017,AL061239,2026-03-23 09:45:00,2026-03-23 09:45:00,2026-03-23 13:25:00,2026-03-23 13:29:00,REALIZADO,,T1,G20,0,4,SIMULADOR_OPERACIONES
V001141,AL01,AC002,RT002,AL011240,2026-03-23 10:00:00,2026-03-23 10:08:00,2026-03-23 11:20:00,2026-03-23 11:21:00,REALIZADO,,T2,G21,8,1,SIMULADOR_OPERACIONES
V001142,AL02,AC005,RT009,AL021241,2026-03-23 11:15:00,2026-03-23 12:46:00,2026-03-23 13:10:00,2026-03-23 14:35:00,DEMORADO,,T1,G22,91,85,SIMULADOR_OPERACIONES
V001143,AL03,AC008,RT016,AL031242,2026-03-23 12:30:00,2026-03-23 12:30:00,2026-03-23 15:45:00,2026-03-23 15:45:00,REALIZADO,,T1,G23,0,0,SIMULADOR_OPERACIONES
V001144,AL04,AC011,RT001,AL041243,2026-03-23 13:45:00,2026-03-23 13:45:00,2026-03-23 15:05:00,2026-03-23 15:05:00,REALIZADO,,T2,G24,0,0,SIMULADOR_OPERACIONES
V001145,AL05,AC014,RT009,AL051244,2026-03-23 14:00:00,2026-03-23 14:00:00,2026-03-23 15:55:00,2026-03-23 15:55:00,REALIZADO,,T1,G25,0,0,SIMULADOR_OPERACIONES
V001146,AL06,AC017,RT016,AL061245,2026-03-23 15:15:00,2026-03-23 15:23:00,2026-03-23 18:30:00,2026-03-23 18:36:00,REALIZADO,,T1,G26,8,6,SIMULADOR_OPERACIONES
V001147,AL01,AC003,RT001,AL011246,2026-03-23 16:30:00,2026-03-23 16:30:00,2026-03-23 17:50:00,2026-03-23 17:50:00,REALIZADO,,T2,G27,0,0,SIMULADOR_OPERACIONES
V001148,AL02,AC006,RT008,AL021247,2026-03-23 17:45:00,2026-03-23 17:45:00,2026-03-23 19:25:00,2026-03-23 19:25:00,REALIZADO,,T1,G28,0,0,SIMULADOR_OPERACIONES
V001149,AL03,AC009,RT015,AL031248,2026-03-24 18:00:00,2026-03-24 19:12:00,2026-03-24 21:15:00,2026-03-24 22:28:00,DEMORADO,,T1,G1,72,73,SIMULADOR_OPERACIONES
V001150,AL04,AC012,RT022,AL041249,2026-03-24 19:15:00,2026-03-24 19:15:00,2026-03-24 23:40:00,2026-03-24 23:42:00,REALIZADO,,T2,G2,0,2,SIMULADOR_OPERACIONES
V001151,AL05,AC015,RT007,AL051250,2026-03-24 20:30:00,2026-03-24 20:38:00,2026-03-24 22:10:00,2026-03-24 22:21:00,REALIZADO,,T1,G3,8,11,SIMULADOR_OPERACIONES
V001152,AL06,AC018,RT014,AL061251,2026-03-24 21:45:00,2026-03-24 21:45:00,2026-03-25 01:20:00,2026-03-25 01:24:00,REALIZADO,,T1,G4,0,4,SIMULADOR_OPERACIONES
V001153,AL01,AC001,RT021,AL011252,2026-03-24 04:00:00,2026-03-24 04:00:00,2026-03-24 08:25:00,2026-03-24 08:25:00,REALIZADO,,T2,G5,0,0,SIMULADOR_OPERACIONES
V001154,AL02,AC004,RT006,AL021253,2026-03-24 05:15:00,2026-03-24 05:15:00,2026-03-24 06:30:00,2026-03-24 06:30:00,REALIZADO,,T1,G6,0,0,SIMULADOR_OPERACIONES
V001155,AL03,AC007,RT013,AL031254,2026-03-24 06:30:00,2026-03-24 06:30:00,2026-03-24 10:05:00,2026-03-24 10:05:00,REALIZADO,,T1,G7,0,0,SIMULADOR_OPERACIONES
V001156,AL04,AC010,RT020,AL041255,2026-03-24 07:45:00,2026-03-24 08:38:00,2026-03-24 13:25:00,2026-03-24 14:14:00,DEMORADO,,T2,G8,53,49,SIMULADOR_OPERACIONES
V001157,AL05,AC013,RT005,AL051256,2026-03-24 08:00:00,2026-03-24 08:00:00,2026-03-24 09:15:00,2026-03-24 09:15:00,REALIZADO,,T1,G9,0,0,SIMULADOR_OPERACIONES
V001158,AL06,AC016,RT012,AL061257,2026-03-24 09:15:00,2026-03-24 09:15:00,2026-03-24 10:55:00,2026-03-24 10:55:00,REALIZADO,,T1,G10,0,0,SIMULADOR_OPERACIONES
V001159,AL01,AC002,RT019,AL011258,2026-03-24 10:30:00,2026-03-24 10:30:00,2026-03-24 16:10:00,2026-03-24 16:10:00,REALIZADO,,T2,G11,0,0,SIMULADOR_OPERACIONES
V001160,AL02,AC005,RT004,AL021259,2026-03-24 11:45:00,2026-03-24 11:45:00,2026-03-24 13:20:00,2026-03-24 13:20:00,REALIZADO,,T1,G12,0,0,SIMULADOR_OPERACIONES
V001161,AL03,AC008,RT011,AL031260,2026-03-24 12:00:00,2026-03-24 12:08:00,2026-03-24 13:40:00,2026-03-24 13:49:00,REALIZADO,,T1,G13,8,9,SIMULADOR_OPERACIONES
V001162,AL04,AC011,RT018,AL041261,2026-03-24 13:15:00,2026-03-24 13:15:00,2026-03-24 16:55:00,2026-03-24 16:57:00,REALIZADO,,T2,G14,0,2,SIMULADOR_OPERACIONES
V001163,AL05,AC014,RT003,AL051262,2026-03-25 14:30:00,2026-03-25 15:04:00,2026-03-25 16:05:00,2026-03-25 16:42:00,DEMORADO,,T1,G15,34,37,SIMULADOR_OPERACIONES
V001164,AL06,AC017,RT010,AL061263,2026-03-25 15:45:00,2026-03-25 15:45:00,2026-03-25 17:40:00,2026-03-25 17:44:00,REALIZADO,,T1,G16,0,4,SIMULADOR_OPERACIONES
V001165,AL01,AC003,RT017,AL011264,2026-03-25 16:00:00,2026-03-25 16:00:00,2026-03-25 19:40:00,2026-03-25 19:40:00,REALIZADO,,T2,G17,0,0,SIMULADOR_OPERACIONES
V001166,AL02,AC006,RT002,AL021265,2026-03-25 17:15:00,2026-03-25 17:23:00,2026-03-25 18:35:00,2026-03-25 18:37:00,REALIZADO,,T1,G18,8,2,SIMULADOR_OPERACIONES
V001167,AL03,AC009,RT010,AL031266,2026-03-25 18:30:00,2026-03-25 18:30:00,2026-03-25 20:25:00,2026-03-25 20:25:00,REALIZADO,,T1,G19,0,0,SIMULADOR_OPERACIONES
V001168,AL04,AC012,RT017,AL041267,2026-03-25 19:45:00,2026-03-25 19:45:00,2026-03-25 23:25:00,2026-03-25 23:25:00,REALIZADO,,T2,G20,0,0,SIMULADOR_OPERACIONES
V001169,AL05,AC015,RT002,AL051268,2026-03-25 20:00:00,2026-03-25 20:00:00,2026-03-25 21:20:00,2026-03-25 21:20:00,REALIZADO,,T1,G21,0,0,SIMULADOR_OPERACIONES
V001170,AL06,AC018,RT009,AL061269,2026-03-25 21:15:00,2026-03-25 23:06:00,2026-03-25 23:10:00,2026-03-26 00:59:00,DEMORADO,,T1,G22,111,109,SIMULADOR_OPERACIONES
V001171,AL01,AC001,RT016,AL011270,2026-03-25 04:30:00,2026-03-25 04:38:00,2026-03-25 07:45:00,2026-03-25 07:52:00,REALIZADO,,T2,G23,8,7,SIMULADOR_OPERACIONES
V001172,AL02,AC004,RT001,AL021271,2026-03-25 05:45:00,2026-03-25 05:45:00,2026-03-25 07:05:00,2026-03-25 07:05:00,REALIZADO,,T1,G24,0,0,SIMULADOR_OPERACIONES
V001173,AL03,AC007,RT008,AL031272,2026-03-25 06:00:00,2026-03-25 06:00:00,2026-03-25 07:40:00,2026-03-25 07:41:00,REALIZADO,,T1,G25,0,1,SIMULADOR_OPERACIONES
V001174,AL04,AC010,RT015,AL041273,2026-03-25 07:15:00,2026-03-25 07:15:00,2026-03-25 10:30:00,2026-03-25 10:32:00,REALIZADO,,T2,G26,0,2,SIMULADOR_OPERACIONES
V001175,AL05,AC013,RT022,AL051274,2026-03-25 08:30:00,2026-03-25 08:30:00,2026-03-25 12:55:00,2026-03-25 12:58:00,REALIZADO,,T1,G27,0,3,SIMULADOR_OPERACIONES
V001176,AL06,AC016,RT007,AL061275,2026-03-25 09:45:00,2026-03-25 09:53:00,2026-03-25 11:25:00,2026-03-25 11:37:00,REALIZADO,,T1,G28,8,12,SIMULADOR_OPERACIONES
V001177,AL01,AC002,RT014,AL011276,2026-03-26 10:00:00,2026-03-26 11:32:00,2026-03-26 13:35:00,2026-03-26 15:00:00,DEMORADO,,T2,G1,92,85,SIMULADOR_OPERACIONES
V001178,AL02,AC005,RT021,AL021277,2026-03-26 11:15:00,2026-03-26 11:15:00,2026-03-26 15:40:00,2026-03-26 15:40:00,REALIZADO,,T1,G2,0,0,SIMULADOR_OPERACIONES
V001179,AL03,AC008,RT006,AL031278,2026-03-26 12:30:00,2026-03-26 12:30:00,2026-03-26 13:45:00,2026-03-26 13:45:00,REALIZADO,,T1,G3,0,0,SIMULADOR_OPERACIONES
V001180,AL04,AC011,RT013,AL041279,2026-03-26 13:45:00,2026-03-26 13:45:00,2026-03-26 17:20:00,2026-03-26 17:20:00,REALIZADO,,T2,G4,0,0,SIMULADOR_OPERACIONES
V001181,AL05,AC014,RT020,AL051280,2026-03-26 14:00:00,2026-03-26 14:08:00,2026-03-26 19:40:00,2026-03-26 19:45:00,REALIZADO,,T1,G5,8,5,SIMULADOR_OPERACIONES
V001182,AL06,AC017,RT005,AL061281,2026-03-26 15:15:00,2026-03-26 15:15:00,2026-03-26 16:30:00,2026-03-26 16:30:00,REALIZADO,,T1,G6,0,0,SIMULADOR_OPERACIONES
V001183,AL01,AC003,RT012,AL011282,2026-03-26 16:30:00,2026-03-26 16:30:00,2026-03-26 18:10:00,2026-03-26 18:10:00,REALIZADO,,T2,G7,0,0,SIMULADOR_OPERACIONES
V001184,AL02,AC006,RT019,AL021283,2026-03-26 17:45:00,2026-03-26 18:58:00,2026-03-26 23:25:00,2026-03-27 00:38:00,DEMORADO,,T1,G8,73,73,SIMULADOR_OPERACIONES
V001185,AL03,AC009,RT004,AL031284,2026-03-26 18:00:00,2026-03-26 18:00:00,2026-03-26 19:35:00,2026-03-26 19:36:00,REALIZADO,,T1,G9,0,1,SIMULADOR_OPERACIONES
V001186,AL04,AC012,RT011,AL041285,2026-03-26 19:15:00,2026-03-26 19:23:00,2026-03-26 20:55:00,2026-03-26 21:05:00,REALIZADO,,T2,G10,8,10,SIMULADOR_OPERACIONES
V001187,AL05,AC015,RT018,AL051286,2026-03-26 20:30:00,2026-03-26 20:30:00,2026-03-27 00:10:00,2026-03-27 00:13:00,REALIZADO,,T1,G11,0,3,SIMULADOR_OPERACIONES
V001188,AL06,AC018,RT003,AL061287,2026-03-26 21:45:00,2026-03-26 21:45:00,2026-03-26 23:20:00,2026-03-26 23:24:00,REALIZADO,,T1,G12,0,4,SIMULADOR_OPERACIONES
V001189,AL01,AC001,RT011,AL011288,2026-03-26 04:00:00,2026-03-26 04:00:00,2026-03-26 05:40:00,2026-03-26 05:40:00,REALIZADO,,T2,G13,0,0,SIMULADOR_OPERACIONES
V001190,AL02,AC004,RT018,AL021289,2026-03-26 05:15:00,2026-03-26 05:15:00,2026-03-26 08:55:00,2026-03-26 08:55:00,REALIZADO,,T1,G14,0,0,SIMULADOR_OPERACIONES
V001191,AL03,AC007,RT003,AL031290,2026-03-27 06:30:00,2026-03-27 07:24:00,2026-03-27 08:05:00,2026-03-27 08:54:00,DEMORADO,,T1,G15,54,49,SIMULADOR_OPERACIONES
V001192,AL04,AC010,RT010,AL041291,2026-03-27 07:45:00,2026-03-27 07:45:00,2026-03-27 09:40:00,2026-03-27 09:40:00,REALIZADO,,T2,G16,0,0,SIMULADOR_OPERACIONES
V001193,AL05,AC013,RT017,AL051292,2026-03-27 08:00:00,2026-03-27 08:00:00,2026-03-27 11:40:00,2026-03-27 11:40:00,REALIZADO,,T1,G17,0,0,SIMULADOR_OPERACIONES
V001194,AL06,AC016,RT002,AL061293,2026-03-27 09:15:00,2026-03-27 09:15:00,2026-03-27 10:35:00,2026-03-27 10:35:00,REALIZADO,,T1,G18,0,0,SIMULADOR_OPERACIONES
V001195,AL01,AC002,RT009,AL011294,2026-03-27 10:30:00,2026-03-27 10:30:00,2026-03-27 12:25:00,2026-03-27 12:25:00,REALIZADO,,T2,G19,0,0,SIMULADOR_OPERACIONES
V001196,AL02,AC005,RT016,AL021295,2026-03-27 11:45:00,2026-03-27 11:53:00,2026-03-27 15:00:00,2026-03-27 15:08:00,REALIZADO,,T1,G20,8,8,SIMULADOR_OPERACIONES
V001197,AL03,AC008,RT001,AL031296,2026-03-27 12:00:00,2026-03-27 12:00:00,2026-03-27 13:20:00,2026-03-27 13:21:00,REALIZADO,,T1,G21,0,1,SIMULADOR_OPERACIONES
V001198,AL04,AC011,RT008,AL041297,2026-03-27 13:15:00,2026-03-27 13:50:00,2026-03-27 14:55:00,2026-03-27 15:32:00,DEMORADO,,T2,G22,35,37,SIMULADOR_OPERACIONES
V001199,AL05,AC014,RT015,AL051298,2026-03-27 14:30:00,2026-03-27 14:30:00,2026-03-27 17:45:00,2026-03-27 17:48:00,REALIZADO,,T1,G23,0,3,SIMULADOR_OPERACIONES
V001200,AL06,AC017,RT022,AL061299,2026-03-27 15:45:00,2026-03-27 15:45:00,2026-03-27 20:10:00,2026-03-27 20:14:00,REALIZADO,,T1,G24,0,4,SIMULADOR_OPERACIONES
