venta_id,vuelo_id,fecha_venta_utc,clase_tarifa,canal_venta,boletos_vendidos,boletos_volados,boletos_no_show,tarifa_promedio_usd,ingreso_bruto_usd,descuentos_usd,impuestos_usd,ingreso_neto_usd,moneda
TK0000001,V000001,2025-12-27 04:00:00,ECONOMY,AGENCIA,0,0,0,67.5,0,0,0,0,USD
TK0000002,V000001,2025-12-18 04:00:00,BUSINESS,WEB,0,0,0,162,0,0,0,0,USD
TK0000003,V000002,2025-12-26 05:15:00,ECONOMY,WEB,118,118,0,68.85,8124.3,162.49,974.92,8936.73,USD
TK0000004,V000002,2025-12-17 05:15:00,BUSINESS,APP,9,8,1,165.24,1487.16,29.74,178.46,1635.88,USD
TK0000005,V000003,2025-12-25 06:30:00,ECONOMY,APP,141,141,0,191.88,27055.08,541.1,3246.61,29760.59,USD
TK0000006,V000003,2025-12-16 06:30:00,BUSINESS,AGENCIA,13,11,2,460.51,5986.63,119.73,718.4,6585.3,USD
TK0000007,V000004,2025-12-24 07:45:00,ECONOMY,AGENCIA,104,101,3,333.9,34725.6,694.51,4167.07,38198.16,USD
TK0000008,V000004,2025-12-15 07:45:00,BUSINESS,WEB,12,12,0,801.36,9616.32,192.33,1153.96,10577.95,USD
TK0000009,V000005,2025-12-23 08:00:00,ECONOMY,WEB,127,124,3,72.9,9258.3,185.17,1111,10184.13,USD
TK0000010,V000005,2025-12-14 08:00:00,BUSINESS,APP,6,5,1,174.96,1049.76,21,125.97,1154.73,USD
TK0000011,V000006,2025-12-22 09:15:00,ECONOMY,APP,149,146,3,202.95,30239.55,604.79,3628.75,33263.51,USD
TK0000012,V000006,2025-12-13 09:15:00,BUSINESS,AGENCIA,10,8,2,487.08,4870.8,389.66,584.5,5065.64,USD
TK0000013,V000007,2025-12-21 10:30:00,ECONOMY,AGENCIA,114,108,6,352.8,40219.2,3217.54,4826.3,41827.96,USD
TK0000014,V000007,2025-12-12 10:30:00,BUSINESS,WEB,11,11,0,846.72,9313.92,186.28,1117.67,10245.31,USD
TK0000015,V000008,2025-12-20 11:45:00,ECONOMY,WEB,137,131,6,76.95,10542.15,210.84,1265.06,11596.37,USD
TK0000016,V000008,2025-12-11 11:45:00,BUSINESS,APP,13,12,1,184.68,2400.84,48.02,288.1,2640.92,USD
TK0000017,V000009,2025-12-19 12:00:00,ECONOMY,APP,160,154,6,214.02,34243.2,684.86,4109.18,37667.52,USD
TK0000018,V000009,2025-12-10 12:00:00,BUSINESS,AGENCIA,7,5,2,513.65,3595.55,71.91,431.47,3955.11,USD
TK0000019,V000010,2025-12-18 13:15:00,ECONOMY,AGENCIA,113,113,0,371.7,42002.1,840.04,5040.25,46202.31,USD
TK0000020,V000010,2025-12-09 13:15:00,BUSINESS,WEB,8,8,0,892.08,7136.64,142.73,856.4,7850.31,USD
TK0000021,V000011,2025-12-17 14:30:00,ECONOMY,WEB,136,136,0,81,11016,220.32,1321.92,12117.6,USD
TK0000022,V000011,2025-12-08 14:30:00,BUSINESS,APP,12,11,1,194.4,2332.8,46.66,279.94,2566.08,USD
TK0000023,V000012,2025-12-16 15:45:00,ECONOMY,APP,159,159,0,82.35,13093.65,261.87,1571.24,14403.02,USD
TK0000024,V000012,2025-12-07 15:45:00,BUSINESS,AGENCIA,14,12,2,197.64,2766.96,221.36,332.04,2877.64,USD
TK0000025,V000013,2025-12-15 16:00:00,ECONOMY,AGENCIA,140,137,3,390.6,54684,4374.72,6562.08,56871.36,USD
TK0000026,V000013,2025-12-06 16:00:00,BUSINESS,WEB,5,5,0,937.44,4687.2,93.74,562.46,5155.92,USD
TK0000027,V000014,2025-12-14 17:15:00,ECONOMY,WEB,166,163,3,67.5,11205,224.1,1344.6,12325.5,USD
TK0000028,V000014,2025-12-05 17:15:00,BUSINESS,APP,9,8,1,162,1458,29.16,174.96,1603.8,USD
TK0000029,V000015,2025-12-14 18:30:00,ECONOMY,APP,119,116,3,68.85,8193.15,163.86,983.18,9012.47,USD
TK0000030,V000015,2025-12-05 18:30:00,BUSINESS,AGENCIA,13,11,2,165.24,2148.12,42.96,257.77,2362.93,USD
TK0000031,V000016,2025-12-13 19:45:00,ECONOMY,AGENCIA,149,143,6,191.88,28590.12,571.8,3430.81,31449.13,USD
TK0000032,V000016,2025-12-04 19:45:00,BUSINESS,WEB,14,14,0,460.51,6447.14,128.94,773.66,7091.86,USD
TK0000033,V000017,2025-12-12 20:00:00,ECONOMY,WEB,175,169,6,71.55,12521.25,250.43,1502.55,13773.37,USD
TK0000034,V000017,2025-12-03 20:00:00,BUSINESS,APP,6,5,1,171.72,1030.32,20.61,123.64,1133.35,USD
TK0000035,V000018,2025-12-11 21:15:00,ECONOMY,APP,128,122,6,72.9,9331.2,186.62,1119.74,10264.32,USD
TK0000036,V000018,2025-12-02 21:15:00,BUSINESS,AGENCIA,10,8,2,174.96,1749.6,139.97,209.95,1819.58,USD
TK0000037,V000019,2025-12-10 04:30:00,ECONOMY,AGENCIA,127,127,0,202.95,25774.65,2061.97,3092.96,26805.64,USD
TK0000038,V000019,2025-12-01 04:30:00,BUSINESS,WEB,11,11,0,487.08,5357.88,107.16,642.95,5893.67,USD
TK0000039,V000020,2025-12-09 05:45:00,ECONOMY,WEB,150,150,0,75.6,11340,226.8,1360.8,12474,USD
TK0000040,V000020,2025-11-30 05:45:00,BUSINESS,APP,13,12,1,181.44,2358.72,47.17,283.05,2594.6,USD
TK0000041,V000021,2025-12-08 06:00:00,ECONOMY,APP,110,110,0,76.95,8464.5,169.29,1015.74,9310.95,USD
TK0000042,V000021,2025-11-29 06:00:00,BUSINESS,AGENCIA,7,5,2,184.68,1292.76,25.86,155.13,1422.03,USD
TK0000043,V000022,2025-12-07 07:15:00,ECONOMY,AGENCIA,135,132,3,214.02,28892.7,577.85,3467.12,31781.97,USD
TK0000044,V000022,2025-11-28 07:15:00,BUSINESS,WEB,8,8,0,513.65,4109.2,82.18,493.1,4520.12,USD
TK0000045,V000023,2025-12-06 08:30:00,ECONOMY,WEB,158,155,3,79.65,12584.7,251.69,1510.16,13843.17,USD
TK0000046,V000023,2025-11-27 08:30:00,BUSINESS,APP,12,11,1,191.16,2293.92,45.88,275.27,2523.31,USD
TK0000047,V000024,2025-12-05 09:45:00,ECONOMY,APP,118,115,3,81,9558,191.16,1146.96,10513.8,USD
TK0000048,V000024,2025-11-26 09:45:00,BUSINESS,AGENCIA,14,12,2,194.4,2721.6,217.73,326.59,2830.46,USD
TK0000049,V000025,2025-12-04 10:00:00,ECONOMY,AGENCIA,146,140,6,225.09,32863.14,2629.05,3943.58,34177.67,USD
TK0000050,V000025,2025-11-25 10:00:00,BUSINESS,WEB,5,5,0,540.22,2701.1,54.02,324.13,2971.21,USD
TK0000051,V000026,2025-12-03 11:15:00,ECONOMY,WEB,105,99,6,83.7,8788.5,175.77,1054.62,9667.35,USD
TK0000052,V000026,2025-11-24 11:15:00,BUSINESS,APP,9,8,1,200.88,1807.92,36.16,216.95,1988.71,USD
TK0000053,V000027,2025-12-02 12:30:00,ECONOMY,APP,128,122,6,67.5,8640,172.8,1036.8,9504,USD
TK0000054,V000027,2025-11-23 12:30:00,BUSINESS,AGENCIA,13,11,2,162,2106,42.12,252.72,2316.6,USD
TK0000055,V000028,2025-12-01 13:45:00,ECONOMY,AGENCIA,145,145,0,188.19,27287.55,545.75,3274.51,30016.31,USD
TK0000056,V000028,2025-11-22 13:45:00,BUSINESS,WEB,12,12,0,451.66,5419.92,108.4,650.39,5961.91,USD
TK0000057,V000029,2025-12-01 14:00:00,ECONOMY,WEB,104,104,0,327.6,34070.4,681.41,4088.45,37477.44,USD
TK0000058,V000029,2025-11-22 14:00:00,BUSINESS,APP,6,5,1,786.24,4717.44,94.35,566.09,5189.18,USD
TK0000059,V000030,2025-11-30 15:15:00,ECONOMY,APP,127,127,0,71.55,9086.85,181.74,1090.42,9995.53,USD
TK0000060,V000030,2025-11-21 15:15:00,BUSINESS,AGENCIA,10,8,2,171.72,1717.2,137.38,206.06,1785.88,USD
TK0000061,V000031,2025-11-29 16:30:00,ECONOMY,AGENCIA,176,173,3,199.26,35069.76,2805.58,4208.37,36472.55,USD
TK0000062,V000031,2025-11-20 16:30:00,BUSINESS,WEB,11,11,0,478.22,5260.42,105.21,631.25,5786.46,USD
TK0000063,V000032,2025-11-28 17:45:00,ECONOMY,WEB,129,126,3,346.5,44698.5,893.97,5363.82,49168.35,USD
TK0000064,V000032,2025-11-19 17:45:00,BUSINESS,APP,15,14,1,831.6,12474,249.48,1496.88,13721.4,USD
TK0000065,V000033,2025-11-27 18:00:00,ECONOMY,APP,156,153,3,75.6,11793.6,235.87,1415.23,12972.96,USD
TK0000066,V000033,2025-11-18 18:00:00,BUSINESS,AGENCIA,7,5,2,181.44,1270.08,25.4,152.41,1397.09,USD
TK0000067,V000034,2025-11-26 19:15:00,ECONOMY,AGENCIA,186,180,6,210.33,39121.38,782.43,4694.57,43033.52,USD
TK0000068,V000034,2025-11-17 19:15:00,BUSINESS,WEB,8,8,0,504.79,4038.32,80.77,484.6,4442.15,USD
TK0000069,V000035,2025-11-25 20:30:00,ECONOMY,WEB,139,133,6,365.4,50790.6,1015.81,6094.87,55869.66,USD
TK0000070,V000035,2025-11-16 20:30:00,BUSINESS,APP,12,11,1,876.96,10523.52,210.47,1262.82,11575.87,USD
TK0000071,V000036,2025-11-24 21:45:00,ECONOMY,APP,165,159,6,79.65,13142.25,262.85,1577.07,14456.47,USD
TK0000072,V000036,2025-11-15 21:45:00,BUSINESS,AGENCIA,16,14,2,191.16,3058.56,244.68,367.03,3180.91,USD
TK0000073,V000037,2025-11-23 04:00:00,ECONOMY,AGENCIA,96,96,0,81,7776,622.08,933.12,8087.04,USD
TK0000074,V000037,2025-12-29 04:00:00,BUSINESS,WEB,5,5,0,194.4,972,19.44,116.64,1069.2,USD
TK0000075,V000038,2025-11-22 05:15:00,ECONOMY,WEB,118,118,0,384.3,45347.4,906.95,5441.69,49882.14,USD
TK0000076,V000038,2025-12-28 05:15:00,BUSINESS,APP,9,8,1,922.32,8300.88,166.02,996.11,9130.97,USD
TK0000077,V000039,2025-11-21 06:30:00,ECONOMY,APP,141,141,0,83.7,11801.7,236.03,1416.2,12981.87,USD
TK0000078,V000039,2025-12-27 06:30:00,BUSINESS,AGENCIA,13,11,2,200.88,2611.44,52.23,313.37,2872.58,USD
TK0000079,V000040,2025-11-20 07:45:00,ECONOMY,AGENCIA,104,101,3,67.5,7020,140.4,842.4,7722,USD
TK0000080,V000040,2025-12-26 07:45:00,BUSINESS,WEB,12,12,0,162,1944,38.88,233.28,2138.4,USD
TK0000081,V000041,2025-11-19 08:00:00,ECONOMY,WEB,127,124,3,188.19,23900.13,478,2868.02,26290.15,USD
TK0000082,V000041,2025-12-25 08:00:00,BUSINESS,APP,6,5,1,451.66,2709.96,54.2,325.2,2980.96,USD
TK0000083,V000042,2025-11-18 09:15:00,ECONOMY,APP,149,146,3,70.2,10459.8,209.2,1255.18,11505.78,USD
TK0000084,V000042,2025-12-24 09:15:00,BUSINESS,AGENCIA,10,8,2,168.48,1684.8,134.78,202.18,1752.2,USD
TK0000085,V000043,2025-11-18 10:30:00,ECONOMY,AGENCIA,114,108,6,71.55,8156.7,652.54,978.8,8482.96,USD
TK0000086,V000043,2025-12-24 10:30:00,BUSINESS,WEB,11,11,0,171.72,1888.92,37.78,226.67,2077.81,USD
TK0000087,V000044,2025-11-17 11:45:00,ECONOMY,WEB,137,131,6,199.26,27298.62,545.97,3275.83,30028.48,USD
TK0000088,V000044,2025-12-23 11:45:00,BUSINESS,APP,13,12,1,478.22,6216.86,124.34,746.02,6838.54,USD
TK0000089,V000045,2025-11-16 12:00:00,ECONOMY,APP,160,154,6,74.25,11880,237.6,1425.6,13068,USD
TK0000090,V000045,2025-12-22 12:00:00,BUSINESS,AGENCIA,7,5,2,178.2,1247.4,24.95,149.69,1372.14,USD
TK0000091,V000046,2025-12-30 13:15:00,ECONOMY,AGENCIA,113,113,0,75.6,8542.8,170.86,1025.14,9397.08,USD
TK0000092,V000046,2025-12-21 13:15:00,BUSINESS,WEB,8,8,0,181.44,1451.52,29.03,174.18,1596.67,USD
TK0000093,V000047,2025-12-29 14:30:00,ECONOMY,WEB,136,136,0,210.33,28604.88,572.1,3432.59,31465.37,USD
TK0000094,V000047,2025-12-20 14:30:00,BUSINESS,APP,12,11,1,504.79,6057.48,121.15,726.9,6663.23,USD
TK0000095,V000048,2025-12-28 15:45:00,ECONOMY,APP,159,159,0,78.3,12449.7,248.99,1493.96,13694.67,USD
TK0000096,V000048,2025-12-19 15:45:00,BUSINESS,AGENCIA,14,12,2,187.92,2630.88,210.47,315.71,2736.12,USD
TK0000097,V000049,2025-12-27 16:00:00,ECONOMY,AGENCIA,140,137,3,79.65,11151,892.08,1338.12,11597.04,USD
TK0000098,V000049,2025-12-18 16:00:00,BUSINESS,WEB,5,5,0,191.16,955.8,19.12,114.7,1051.38,USD
TK0000099,V000050,2025-12-26 17:15:00,ECONOMY,WEB,166,163,3,221.4,36752.4,735.05,4410.29,40427.64,USD
TK0000100,V000050,2025-12-17 17:15:00,BUSINESS,APP,9,8,1,531.36,4782.24,95.64,573.87,5260.47,USD
TK0000101,V000051,2025-12-25 18:30:00,ECONOMY,APP,119,116,3,82.35,9799.65,195.99,1175.96,10779.62,USD
TK0000102,V000051,2025-12-16 18:30:00,BUSINESS,AGENCIA,13,11,2,197.64,2569.32,51.39,308.32,2826.25,USD
TK0000103,V000052,2025-12-24 19:45:00,ECONOMY,AGENCIA,149,143,6,83.7,12471.3,249.43,1496.56,13718.43,USD
TK0000104,V000052,2025-12-15 19:45:00,BUSINESS,WEB,14,14,0,200.88,2812.32,56.25,337.48,3093.55,USD
TK0000105,V000053,2025-12-23 20:00:00,ECONOMY,WEB,175,169,6,184.5,32287.5,645.75,3874.5,35516.25,USD
TK0000106,V000053,2025-12-14 20:00:00,BUSINESS,APP,6,5,1,442.8,2656.8,53.14,318.82,2922.48,USD
TK0000107,V000054,2025-12-22 21:15:00,ECONOMY,APP,128,122,6,321.3,41126.4,822.53,4935.17,45239.04,USD
TK0000108,V000054,2025-12-13 21:15:00,BUSINESS,AGENCIA,10,8,2,771.12,7711.2,616.9,925.34,8019.64,USD
TK0000109,V000055,2025-12-21 04:30:00,ECONOMY,AGENCIA,127,127,0,70.2,8915.4,713.23,1069.85,9272.02,USD
TK0000110,V000055,2025-12-12 04:30:00,BUSINESS,WEB,11,11,0,168.48,1853.28,37.07,222.39,2038.6,USD
TK0000111,V000056,2025-12-20 05:45:00,ECONOMY,WEB,150,150,0,195.57,29335.5,586.71,3520.26,32269.05,USD
TK0000112,V000056,2025-12-11 05:45:00,BUSINESS,APP,13,12,1,469.37,6101.81,122.04,732.22,6711.99,USD
TK0000113,V000057,2025-12-20 06:00:00,ECONOMY,APP,110,110,0,340.2,37422,748.44,4490.64,41164.2,USD
TK0000114,V000057,2025-12-11 06:00:00,BUSINESS,AGENCIA,7,5,2,816.48,5715.36,114.31,685.84,6286.89,USD
TK0000115,V000058,2025-12-19 07:15:00,ECONOMY,AGENCIA,135,132,3,74.25,10023.75,200.47,1202.85,11026.13,USD
TK0000116,V000058,2025-12-10 07:15:00,BUSINESS,WEB,8,8,0,178.2,1425.6,28.51,171.07,1568.16,USD
TK0000117,V000059,2025-12-18 08:30:00,ECONOMY,WEB,158,155,3,206.64,32649.12,652.98,3917.89,35914.03,USD
TK0000118,V000059,2025-12-09 08:30:00,BUSINESS,APP,12,11,1,495.94,5951.28,119.03,714.15,6546.4,USD
TK0000119,V000060,2025-12-17 09:45:00,ECONOMY,APP,118,115,3,359.1,42373.8,847.48,5084.86,46611.18,USD
TK0000120,V000060,2025-12-08 09:45:00,BUSINESS,AGENCIA,14,12,2,861.84,12065.76,965.26,1447.89,12548.39,USD
TK0000121,V000061,2025-12-16 10:00:00,ECONOMY,AGENCIA,146,140,6,78.3,11431.8,914.54,1371.82,11889.08,USD
TK0000122,V000061,2025-12-07 10:00:00,BUSINESS,WEB,5,5,0,187.92,939.6,18.79,112.75,1033.56,USD
TK0000123,V000062,2025-12-15 11:15:00,ECONOMY,WEB,105,99,6,79.65,8363.25,167.27,1003.59,9199.57,USD
TK0000124,V000062,2025-12-06 11:15:00,BUSINESS,APP,9,8,1,191.16,1720.44,34.41,206.45,1892.48,USD
TK0000125,V000063,2025-12-14 12:30:00,ECONOMY,APP,128,122,6,378,48384,967.68,5806.08,53222.4,USD
TK0000126,V000063,2025-12-05 12:30:00,BUSINESS,AGENCIA,13,11,2,907.2,11793.6,235.87,1415.23,12972.96,USD
TK0000127,V000064,2025-12-13 13:45:00,ECONOMY,AGENCIA,145,145,0,82.35,11940.75,238.81,1432.89,13134.83,USD
TK0000128,V000064,2025-12-04 13:45:00,BUSINESS,WEB,12,12,0,197.64,2371.68,47.43,284.6,2608.85,USD
TK0000129,V000065,2025-12-12 14:00:00,ECONOMY,WEB,104,104,0,83.7,8704.8,174.1,1044.58,9575.28,USD
TK0000130,V000065,2025-12-03 14:00:00,BUSINESS,APP,6,5,1,200.88,1205.28,24.11,144.63,1325.8,USD
TK0000131,V000066,2025-12-11 15:15:00,ECONOMY,APP,127,127,0,184.5,23431.5,468.63,2811.78,25774.65,USD
TK0000132,V000066,2025-12-02 15:15:00,BUSINESS,AGENCIA,10,8,2,442.8,4428,354.24,531.36,4605.12,USD
TK0000133,V000067,2025-12-10 16:30:00,ECONOMY,AGENCIA,176,173,3,68.85,12117.6,969.41,1454.11,12602.3,USD
TK0000134,V000067,2025-12-01 16:30:00,BUSINESS,WEB,11,11,0,165.24,1817.64,36.35,218.12,1999.41,USD
TK0000135,V000068,2025-12-09 17:45:00,ECONOMY,WEB,129,126,3,70.2,9055.8,181.12,1086.7,9961.38,USD
TK0000136,V000068,2025-11-30 17:45:00,BUSINESS,APP,15,14,1,168.48,2527.2,50.54,303.26,2779.92,USD
TK0000137,V000069,2025-12-08 18:00:00,ECONOMY,APP,156,153,3,195.57,30508.92,610.18,3661.07,33559.81,USD
TK0000138,V000069,2025-11-29 18:00:00,BUSINESS,AGENCIA,7,5,2,469.37,3285.59,65.71,394.27,3614.15,USD
TK0000139,V000070,2025-12-07 19:15:00,ECONOMY,AGENCIA,186,180,6,72.9,13559.4,271.19,1627.13,14915.34,USD
TK0000140,V000070,2025-11-28 19:15:00,BUSINESS,WEB,8,8,0,174.96,1399.68,27.99,167.96,1539.65,USD
TK0000141,V000071,2025-12-07 20:30:00,ECONOMY,WEB,139,133,6,74.25,10320.75,206.41,1238.49,11352.83,USD
TK0000142,V000071,2025-11-28 20:30:00,BUSINESS,APP,12,11,1,178.2,2138.4,42.77,256.61,2352.24,USD
TK0000143,V000072,2025-12-06 21:45:00,ECONOMY,APP,0,0,0,206.64,0,0,0,0,USD
TK0000144,V000072,2025-11-27 21:45:00,BUSINESS,AGENCIA,0,0,0,495.94,0,0,0,0,USD
TK0000145,V000073,2025-12-05 04:00:00,ECONOMY,AGENCIA,96,96,0,76.95,7387.2,590.98,886.46,7682.68,USD
TK0000146,V000073,2025-11-26 04:00:00,BUSINESS,WEB,5,5,0,184.68,923.4,18.47,110.81,1015.74,USD
TK0000147,V000074,2025-12-04 05:15:00,ECONOMY,WEB,118,118,0,78.3,9239.4,184.79,1108.73,10163.34,USD
TK0000148,V000074,2025-11-25 05:15:00,BUSINESS,APP,9,8,1,187.92,1691.28,33.83,202.95,1860.4,USD
TK0000149,V000075,2025-12-03 06:30:00,ECONOMY,APP,141,141,0,217.71,30697.11,613.94,3683.65,33766.82,USD
TK0000150,V000075,2025-11-24 06:30:00,BUSINESS,AGENCIA,13,11,2,522.5,6792.5,135.85,815.1,7471.75,USD
TK0000151,V000076,2025-12-02 07:45:00,ECONOMY,AGENCIA,104,101,3,81,8424,168.48,1010.88,9266.4,USD
TK0000152,V000076,2025-11-23 07:45:00,BUSINESS,WEB,12,12,0,194.4,2332.8,46.66,279.94,2566.08,USD
TK0000153,V000077,2025-12-01 08:00:00,ECONOMY,WEB,127,124,3,82.35,10458.45,209.17,1255.01,11504.29,USD
TK0000154,V000077,2025-11-22 08:00:00,BUSINESS,APP,6,5,1,197.64,1185.84,23.72,142.3,1304.42,USD
TK0000155,V000078,2025-11-30 09:15:00,ECONOMY,APP,149,146,3,228.78,34088.22,681.76,4090.59,37497.05,USD
TK0000156,V000078,2025-11-21 09:15:00,BUSINESS,AGENCIA,10,8,2,549.07,5490.7,439.26,658.88,5710.32,USD
TK0000157,V000079,2025-11-29 10:30:00,ECONOMY,AGENCIA,114,108,6,315,35910,2872.8,4309.2,37346.4,USD
TK0000158,V000079,2025-11-20 10:30:00,BUSINESS,WEB,11,11,0,756,8316,166.32,997.92,9147.6,USD
TK0000159,V000080,2025-11-28 11:45:00,ECONOMY,WEB,137,131,6,68.85,9432.45,188.65,1131.89,10375.69,USD
TK0000160,V000080,2025-11-19 11:45:00,BUSINESS,APP,13,12,1,165.24,2148.12,42.96,257.77,2362.93,USD
TK0000161,V000081,2025-11-27 12:00:00,ECONOMY,APP,160,154,6,191.88,30700.8,614.02,3684.1,33770.88,USD
TK0000162,V000081,2025-11-18 12:00:00,BUSINESS,AGENCIA,7,5,2,460.51,3223.57,64.47,386.83,3545.93,USD
TK0000163,V000082,2025-11-26 13:15:00,ECONOMY,AGENCIA,113,113,0,333.9,37730.7,754.61,4527.68,41503.77,USD
TK0000164,V000082,2026-01-01 13:15:00,BUSINESS,WEB,8,8,0,801.36,6410.88,128.22,769.31,7051.97,USD
TK0000165,V000083,2025-11-25 14:30:00,ECONOMY,WEB,136,136,0,72.9,9914.4,198.29,1189.73,10905.84,USD
TK0000166,V000083,2025-12-31 14:30:00,BUSINESS,APP,12,11,1,174.96,2099.52,41.99,251.94,2309.47,USD
TK0000167,V000084,2025-11-24 15:45:00,ECONOMY,APP,159,159,0,202.95,32269.05,645.38,3872.29,35495.96,USD
TK0000168,V000084,2025-12-30 15:45:00,BUSINESS,AGENCIA,14,12,2,487.08,6819.12,545.53,818.29,7091.88,USD
TK0000169,V000085,2025-11-24 16:00:00,ECONOMY,AGENCIA,140,137,3,352.8,49392,3951.36,5927.04,51367.68,USD
TK0000170,V000085,2025-12-30 16:00:00,BUSINESS,WEB,5,5,0,846.72,4233.6,84.67,508.03,4656.96,USD
TK0000171,V000086,2025-11-23 17:15:00,ECONOMY,WEB,166,163,3,76.95,12773.7,255.47,1532.84,14051.07,USD
TK0000172,V000086,2025-12-29 17:15:00,BUSINESS,APP,9,8,1,184.68,1662.12,33.24,199.45,1828.33,USD
TK0000173,V000087,2025-11-22 18:30:00,ECONOMY,APP,119,116,3,78.3,9317.7,186.35,1118.12,10249.47,USD
TK0000174,V000087,2025-12-28 18:30:00,BUSINESS,AGENCIA,13,11,2,187.92,2442.96,48.86,293.16,2687.26,USD
TK0000175,V000088,2025-11-21 19:45:00,ECONOMY,AGENCIA,149,143,6,371.7,55383.3,1107.67,6646,60921.63,USD
TK0000176,V000088,2025-12-27 19:45:00,BUSINESS,WEB,14,14,0,892.08,12489.12,249.78,1498.69,13738.03,USD
TK0000177,V000089,2025-11-20 20:00:00,ECONOMY,WEB,175,169,6,81,14175,283.5,1701,15592.5,USD
TK0000178,V000089,2025-12-26 20:00:00,BUSINESS,APP,6,5,1,194.4,1166.4,23.33,139.97,1283.04,USD
TK0000179,V000090,2025-11-19 21:15:00,ECONOMY,APP,128,122,6,82.35,10540.8,210.82,1264.9,11594.88,USD
TK0000180,V000090,2025-12-25 21:15:00,BUSINESS,AGENCIA,10,8,2,197.64,1976.4,158.11,237.17,2055.46,USD
TK0000181,V000091,2026-01-02 04:30:00,ECONOMY,AGENCIA,127,127,0,390.6,49606.2,3968.5,5952.74,51590.44,USD
TK0000182,V000091,2025-12-24 04:30:00,BUSINESS,WEB,11,11,0,937.44,10311.84,206.24,1237.42,11343.02,USD
TK0000183,V000092,2026-01-01 05:45:00,ECONOMY,WEB,150,150,0,67.5,10125,202.5,1215,11137.5,USD
TK0000184,V000092,2025-12-23 05:45:00,BUSINESS,APP,13,12,1,162,2106,42.12,252.72,2316.6,USD
TK0000185,V000093,2025-12-31 06:00:00,ECONOMY,APP,110,110,0,68.85,7573.5,151.47,908.82,8330.85,USD
TK0000186,V000093,2025-12-22 06:00:00,BUSINESS,AGENCIA,7,5,2,165.24,1156.68,23.13,138.8,1272.35,USD
TK0000187,V000094,2025-12-30 07:15:00,ECONOMY,AGENCIA,135,132,3,191.88,25903.8,518.08,3108.46,28494.18,USD
TK0000188,V000094,2025-12-21 07:15:00,BUSINESS,WEB,8,8,0,460.51,3684.08,73.68,442.09,4052.49,USD
TK0000189,V000095,2025-12-29 08:30:00,ECONOMY,WEB,158,155,3,71.55,11304.9,226.1,1356.59,12435.39,USD
TK0000190,V000095,2025-12-20 08:30:00,BUSINESS,APP,12,11,1,171.72,2060.64,41.21,247.28,2266.71,USD
TK0000191,V000096,2025-12-28 09:45:00,ECONOMY,APP,118,115,3,72.9,8602.2,172.04,1032.26,9462.42,USD
TK0000192,V000096,2025-12-19 09:45:00,BUSINESS,AGENCIA,14,12,2,174.96,2449.44,195.96,293.93,2547.41,USD
TK0000193,V000097,2025-12-27 10:00:00,ECONOMY,AGENCIA,146,140,6,202.95,29630.7,2370.46,3555.68,30815.92,USD
TK0000194,V000097,2025-12-18 10:00:00,BUSINESS,WEB,5,5,0,487.08,2435.4,48.71,292.25,2678.94,USD
TK0000195,V000098,2025-12-26 11:15:00,ECONOMY,WEB,105,99,6,75.6,7938,158.76,952.56,8731.8,USD
TK0000196,V000098,2025-12-17 11:15:00,BUSINESS,APP,9,8,1,181.44,1632.96,32.66,195.96,1796.26,USD
TK0000197,V000099,2025-12-26 12:30:00,ECONOMY,APP,128,122,6,76.95,9849.6,196.99,1181.95,10834.56,USD
TK0000198,V000099,2025-12-17 12:30:00,BUSINESS,AGENCIA,13,11,2,184.68,2400.84,48.02,288.1,2640.92,USD
TK0000199,V000100,2025-12-25 13:45:00,ECONOMY,AGENCIA,145,145,0,214.02,31032.9,620.66,3723.95,34136.19,USD
TK0000200,V000100,2025-12-16 13:45:00,BUSINESS,WEB,12,12,0,513.65,6163.8,123.28,739.66,6780.18,USD
TK0000201,V000101,2025-12-24 14:00:00,ECONOMY,WEB,104,104,0,79.65,8283.6,165.67,994.03,9111.96,USD
TK0000202,V000101,2025-12-15 14:00:00,BUSINESS,APP,6,5,1,191.16,1146.96,22.94,137.64,1261.66,USD
TK0000203,V000102,2025-12-23 15:15:00,ECONOMY,APP,127,127,0,81,10287,205.74,1234.44,11315.7,USD
TK0000204,V000102,2025-12-14 15:15:00,BUSINESS,AGENCIA,10,8,2,194.4,1944,155.52,233.28,2021.76,USD
TK0000205,V000103,2025-12-22 16:30:00,ECONOMY,AGENCIA,176,173,3,225.09,39615.84,3169.27,4753.9,41200.47,USD
TK0000206,V000103,2025-12-13 16:30:00,BUSINESS,WEB,11,11,0,540.22,5942.42,118.85,713.09,6536.66,USD
TK0000207,V000104,2025-12-21 17:45:00,ECONOMY,WEB,129,126,3,390.6,50387.4,1007.75,6046.49,55426.14,USD
TK0000208,V000104,2025-12-12 17:45:00,BUSINESS,APP,15,14,1,937.44,14061.6,281.23,1687.39,15467.76,USD
TK0000209,V000105,2025-12-20 18:00:00,ECONOMY,APP,156,153,3,67.5,10530,210.6,1263.6,11583,USD
TK0000210,V000105,2025-12-11 18:00:00,BUSINESS,AGENCIA,7,5,2,162,1134,22.68,136.08,1247.4,USD
TK0000211,V000106,2025-12-19 19:15:00,ECONOMY,AGENCIA,186,180,6,188.19,35003.34,700.07,4200.4,38503.67,USD
TK0000212,V000106,2025-12-10 19:15:00,BUSINESS,WEB,8,8,0,451.66,3613.28,72.27,433.59,3974.6,USD
TK0000213,V000107,2025-12-18 20:30:00,ECONOMY,WEB,139,133,6,327.6,45536.4,910.73,5464.37,50090.04,USD
TK0000214,V000107,2025-12-09 20:30:00,BUSINESS,APP,12,11,1,786.24,9434.88,188.7,1132.19,10378.37,USD
TK0000215,V000108,2025-12-17 21:45:00,ECONOMY,APP,165,159,6,71.55,11805.75,236.12,1416.69,12986.32,USD
TK0000216,V000108,2025-12-08 21:45:00,BUSINESS,AGENCIA,16,14,2,171.72,2747.52,219.8,329.7,2857.42,USD
TK0000217,V000109,2025-12-16 04:00:00,ECONOMY,AGENCIA,96,96,0,199.26,19128.96,1530.32,2295.48,19894.12,USD
TK0000218,V000109,2025-12-07 04:00:00,BUSINESS,WEB,5,5,0,478.22,2391.1,47.82,286.93,2630.21,USD
TK0000219,V000110,2025-12-15 05:15:00,ECONOMY,WEB,118,118,0,346.5,40887,817.74,4906.44,44975.7,USD
TK0000220,V000110,2025-12-06 05:15:00,BUSINESS,APP,9,8,1,831.6,7484.4,149.69,898.13,8232.84,USD
TK0000221,V000111,2025-12-14 06:30:00,ECONOMY,APP,141,141,0,75.6,10659.6,213.19,1279.15,11725.56,USD
TK0000222,V000111,2025-12-05 06:30:00,BUSINESS,AGENCIA,13,11,2,181.44,2358.72,47.17,283.05,2594.6,USD
TK0000223,V000112,2025-12-13 07:45:00,ECONOMY,AGENCIA,104,101,3,210.33,21874.32,437.49,2624.92,24061.75,USD
TK0000224,V000112,2025-12-04 07:45:00,BUSINESS,WEB,12,12,0,504.79,6057.48,121.15,726.9,6663.23,USD
TK0000225,V000113,2025-12-13 08:00:00,ECONOMY,WEB,127,124,3,365.4,46405.8,928.12,5568.7,51046.38,USD
TK0000226,V000113,2025-12-04 08:00:00,BUSINESS,APP,6,5,1,876.96,5261.76,105.24,631.41,5787.93,USD
TK0000227,V000114,2025-12-12 09:15:00,ECONOMY,APP,149,146,3,79.65,11867.85,237.36,1424.14,13054.63,USD
TK0000228,V000114,2025-12-03 09:15:00,BUSINESS,AGENCIA,10,8,2,191.16,1911.6,152.93,229.39,1988.06,USD
TK0000229,V000115,2025-12-11 10:30:00,ECONOMY,AGENCIA,114,108,6,81,9234,738.72,1108.08,9603.36,USD
TK0000230,V000115,2025-12-02 10:30:00,BUSINESS,WEB,11,11,0,194.4,2138.4,42.77,256.61,2352.24,USD
TK0000231,V000116,2025-12-10 11:45:00,ECONOMY,WEB,137,131,6,384.3,52649.1,1052.98,6317.89,57914.01,USD
TK0000232,V000116,2025-12-01 11:45:00,BUSINESS,APP,13,12,1,922.32,11990.16,239.8,1438.82,13189.18,USD
TK0000233,V000117,2025-12-09 12:00:00,ECONOMY,APP,160,154,6,83.7,13392,267.84,1607.04,14731.2,USD
TK0000234,V000117,2025-11-30 12:00:00,BUSINESS,AGENCIA,7,5,2,200.88,1406.16,28.12,168.74,1546.78,USD
TK0000235,V000118,2025-12-08 13:15:00,ECONOMY,AGENCIA,113,113,0,67.5,7627.5,152.55,915.3,8390.25,USD
TK0000236,V000118,2025-11-29 13:15:00,BUSINESS,WEB,8,8,0,162,1296,25.92,155.52,1425.6,USD
TK0000237,V000119,2025-12-07 14:30:00,ECONOMY,WEB,136,136,0,188.19,25593.84,511.88,3071.26,28153.22,USD
TK0000238,V000119,2025-11-28 14:30:00,BUSINESS,APP,12,11,1,451.66,5419.92,108.4,650.39,5961.91,USD
TK0000239,V000120,2025-12-06 15:45:00,ECONOMY,APP,159,159,0,70.2,11161.8,223.24,1339.42,12277.98,USD
TK0000240,V000120,2025-11-27 15:45:00,BUSINESS,AGENCIA,14,12,2,168.48,2358.72,188.7,283.05,2453.07,USD
TK0000241,V000121,2025-12-05 16:00:00,ECONOMY,AGENCIA,140,137,3,71.55,10017,801.36,1202.04,10417.68,USD
TK0000242,V000121,2025-11-26 16:00:00,BUSINESS,WEB,5,5,0,171.72,858.6,17.17,103.03,944.46,USD
TK0000243,V000122,2025-12-04 17:15:00,ECONOMY,WEB,166,163,3,199.26,33077.16,661.54,3969.26,36384.88,USD
TK0000244,V000122,2025-11-25 17:15:00,BUSINESS,APP,9,8,1,478.22,4303.98,86.08,516.48,4734.38,USD
TK0000245,V000123,2025-12-03 18:30:00,ECONOMY,APP,119,116,3,74.25,8835.75,176.72,1060.29,9719.32,USD
TK0000246,V000123,2025-11-24 18:30:00,BUSINESS,AGENCIA,13,11,2,178.2,2316.6,46.33,277.99,2548.26,USD
TK0000247,V000124,2025-12-02 19:45:00,ECONOMY,AGENCIA,149,143,6,75.6,11264.4,225.29,1351.73,12390.84,USD
TK0000248,V000124,2025-11-23 19:45:00,BUSINESS,WEB,14,14,0,181.44,2540.16,50.8,304.82,2794.18,USD
TK0000249,V000125,2025-12-01 20:00:00,ECONOMY,WEB,175,169,6,210.33,36807.75,736.15,4416.93,40488.53,USD
TK0000250,V000125,2025-11-22 20:00:00,BUSINESS,APP,6,5,1,504.79,3028.74,60.57,363.45,3331.62,USD
TK0000251,V000126,2025-11-30 21:15:00,ECONOMY,APP,128,122,6,78.3,10022.4,200.45,1202.69,11024.64,USD
TK0000252,V000126,2025-11-21 21:15:00,BUSINESS,AGENCIA,10,8,2,187.92,1879.2,150.34,225.5,1954.36,USD
TK0000253,V000127,2025-11-30 04:30:00,ECONOMY,AGENCIA,127,127,0,79.65,10115.55,809.24,1213.87,10520.18,USD
TK0000254,V000127,2026-01-05 04:30:00,BUSINESS,WEB,11,11,0,191.16,2102.76,42.06,252.33,2313.03,USD
TK0000255,V000128,2025-11-29 05:45:00,ECONOMY,WEB,150,150,0,221.4,33210,664.2,3985.2,36531,USD
TK0000256,V000128,2026-01-04 05:45:00,BUSINESS,APP,13,12,1,531.36,6907.68,138.15,828.92,7598.45,USD
TK0000257,V000129,2025-11-28 06:00:00,ECONOMY,APP,110,110,0,384.3,42273,845.46,5072.76,46500.3,USD
TK0000258,V000129,2026-01-03 06:00:00,BUSINESS,AGENCIA,7,5,2,922.32,6456.24,129.12,774.75,7101.87,USD
TK0000259,V000130,2025-11-27 07:15:00,ECONOMY,AGENCIA,135,132,3,83.7,11299.5,225.99,1355.94,12429.45,USD
TK0000260,V000130,2026-01-02 07:15:00,BUSINESS,WEB,8,8,0,200.88,1607.04,32.14,192.84,1767.74,USD
TK0000261,V000131,2025-11-26 08:30:00,ECONOMY,WEB,158,155,3,184.5,29151,583.02,3498.12,32066.1,USD
TK0000262,V000131,2026-01-01 08:30:00,BUSINESS,APP,12,11,1,442.8,5313.6,106.27,637.63,5844.96,USD
TK0000263,V000132,2025-11-25 09:45:00,ECONOMY,APP,118,115,3,321.3,37913.4,758.27,4549.61,41704.74,USD
TK0000264,V000132,2025-12-31 09:45:00,BUSINESS,AGENCIA,14,12,2,771.12,10795.68,863.65,1295.48,11227.51,USD
TK0000265,V000133,2025-11-24 10:00:00,ECONOMY,AGENCIA,146,140,6,70.2,10249.2,819.94,1229.9,10659.16,USD
TK0000266,V000133,2025-12-30 10:00:00,BUSINESS,WEB,5,5,0,168.48,842.4,16.85,101.09,926.64,USD
TK0000267,V000134,2025-11-23 11:15:00,ECONOMY,WEB,105,99,6,195.57,20534.85,410.7,2464.18,22588.33,USD
TK0000268,V000134,2025-12-29 11:15:00,BUSINESS,APP,9,8,1,469.37,4224.33,84.49,506.92,4646.76,USD
TK0000269,V000135,2025-11-22 12:30:00,ECONOMY,APP,128,122,6,340.2,43545.6,870.91,5225.47,47900.16,USD
TK0000270,V000135,2025-12-28 12:30:00,BUSINESS,AGENCIA,13,11,2,816.48,10614.24,212.28,1273.71,11675.67,USD
TK0000271,V000136,2026-01-05 13:45:00,ECONOMY,AGENCIA,145,145,0,74.25,10766.25,215.33,1291.95,11842.87,USD
TK0000272,V000136,2025-12-27 13:45:00,BUSINESS,WEB,12,12,0,178.2,2138.4,42.77,256.61,2352.24,USD
TK0000273,V000137,2026-01-04 14:00:00,ECONOMY,WEB,104,104,0,206.64,21490.56,429.81,2578.87,23639.62,USD
TK0000274,V000137,2025-12-26 14:00:00,BUSINESS,APP,6,5,1,495.94,2975.64,59.51,357.08,3273.21,USD
TK0000275,V000138,2026-01-03 15:15:00,ECONOMY,APP,127,127,0,359.1,45605.7,912.11,5472.68,50166.27,USD
TK0000276,V000138,2025-12-25 15:15:00,BUSINESS,AGENCIA,10,8,2,861.84,8618.4,689.47,1034.21,8963.14,USD
TK0000277,V000139,2026-01-02 16:30:00,ECONOMY,AGENCIA,176,173,3,78.3,13780.8,1102.46,1653.7,14332.04,USD
TK0000278,V000139,2025-12-24 16:30:00,BUSINESS,WEB,11,11,0,187.92,2067.12,41.34,248.05,2273.83,USD
TK0000279,V000140,2026-01-01 17:45:00,ECONOMY,WEB,129,126,3,79.65,10274.85,205.5,1232.98,11302.33,USD
TK0000280,V000140,2025-12-23 17:45:00,BUSINESS,APP,15,14,1,191.16,2867.4,57.35,344.09,3154.14,USD
TK0000281,V000141,2026-01-01 18:00:00,ECONOMY,APP,156,153,3,378,58968,1179.36,7076.16,64864.8,USD
TK0000282,V000141,2025-12-23 18:00:00,BUSINESS,AGENCIA,7,5,2,907.2,6350.4,127.01,762.05,6985.44,USD
TK0000283,V000142,2025-12-31 19:15:00,ECONOMY,AGENCIA,186,180,6,82.35,15317.1,306.34,1838.05,16848.81,USD
TK0000284,V000142,2025-12-22 19:15:00,BUSINESS,WEB,8,8,0,197.64,1581.12,31.62,189.73,1739.23,USD
TK0000285,V000143,2025-12-30 20:30:00,ECONOMY,WEB,0,0,0,83.7,0,0,0,0,USD
TK0000286,V000143,2025-12-21 20:30:00,BUSINESS,APP,0,0,0,200.88,0,0,0,0,USD
TK0000287,V000144,2025-12-29 21:45:00,ECONOMY,APP,165,159,6,184.5,30442.5,608.85,3653.1,33486.75,USD
TK0000288,V000144,2025-12-20 21:45:00,BUSINESS,AGENCIA,16,14,2,442.8,7084.8,566.78,850.18,7368.2,USD
TK0000289,V000145,2025-12-28 04:00:00,ECONOMY,AGENCIA,96,96,0,68.85,6609.6,528.77,793.15,6873.98,USD
TK0000290,V000145,2025-12-19 04:00:00,BUSINESS,WEB,5,5,0,165.24,826.2,16.52,99.14,908.82,USD
TK0000291,V000146,2025-12-27 05:15:00,ECONOMY,WEB,118,118,0,70.2,8283.6,165.67,994.03,9111.96,USD
TK0000292,V000146,2025-12-18 05:15:00,BUSINESS,APP,9,8,1,168.48,1516.32,30.33,181.96,1667.95,USD
TK0000293,V000147,2025-12-26 06:30:00,ECONOMY,APP,141,141,0,195.57,27575.37,551.51,3309.04,30332.9,USD
TK0000294,V000147,2025-12-17 06:30:00,BUSINESS,AGENCIA,13,11,2,469.37,6101.81,122.04,732.22,6711.99,USD
TK0000295,V000148,2025-12-25 07:45:00,ECONOMY,AGENCIA,104,101,3,72.9,7581.6,151.63,909.79,8339.76,USD
TK0000296,V000148,2025-12-16 07:45:00,BUSINESS,WEB,12,12,0,174.96,2099.52,41.99,251.94,2309.47,USD
TK0000297,V000149,2025-12-24 08:00:00,ECONOMY,WEB,127,124,3,74.25,9429.75,188.59,1131.57,10372.73,USD
TK0000298,V000149,2025-12-15 08:00:00,BUSINESS,APP,6,5,1,178.2,1069.2,21.38,128.3,1176.12,USD
TK0000299,V000150,2025-12-23 09:15:00,ECONOMY,APP,149,146,3,206.64,30789.36,615.79,3694.72,33868.29,USD
TK0000300,V000150,2025-12-14 09:15:00,BUSINESS,AGENCIA,10,8,2,495.94,4959.4,396.75,595.13,5157.78,USD
TK0000301,V000151,2025-12-22 10:30:00,ECONOMY,AGENCIA,114,108,6,76.95,8772.3,701.78,1052.68,9123.2,USD
TK0000302,V000151,2025-12-13 10:30:00,BUSINESS,WEB,11,11,0,184.68,2031.48,40.63,243.78,2234.63,USD
TK0000303,V000152,2025-12-21 11:45:00,ECONOMY,WEB,137,131,6,78.3,10727.1,214.54,1287.25,11799.81,USD
TK0000304,V000152,2025-12-12 11:45:00,BUSINESS,APP,13,12,1,187.92,2442.96,48.86,293.16,2687.26,USD
TK0000305,V000153,2025-12-20 12:00:00,ECONOMY,APP,160,154,6,217.71,34833.6,696.67,4180.03,38316.96,USD
TK0000306,V000153,2025-12-11 12:00:00,BUSINESS,AGENCIA,7,5,2,522.5,3657.5,73.15,438.9,4023.25,USD
TK0000307,V000154,2025-12-19 13:15:00,ECONOMY,AGENCIA,113,113,0,378,42714,854.28,5125.68,46985.4,USD
TK0000308,V000154,2025-12-10 13:15:00,BUSINESS,WEB,8,8,0,907.2,7257.6,145.15,870.91,7983.36,USD
TK0000309,V000155,2025-12-19 14:30:00,ECONOMY,WEB,136,136,0,82.35,11199.6,223.99,1343.95,12319.56,USD
TK0000310,V000155,2025-12-10 14:30:00,BUSINESS,APP,12,11,1,197.64,2371.68,47.43,284.6,2608.85,USD
TK0000311,V000156,2025-12-18 15:45:00,ECONOMY,APP,159,159,0,228.78,36376.02,727.52,4365.12,40013.62,USD
TK0000312,V000156,2025-12-09 15:45:00,BUSINESS,AGENCIA,14,12,2,549.07,7686.98,614.96,922.44,7994.46,USD
TK0000313,V000157,2025-12-17 16:00:00,ECONOMY,AGENCIA,140,137,3,315,44100,3528,5292,45864,USD
TK0000314,V000157,2025-12-08 16:00:00,BUSINESS,WEB,5,5,0,756,3780,75.6,453.6,4158,USD
TK0000315,V000158,2025-12-16 17:15:00,ECONOMY,WEB,166,163,3,68.85,11429.1,228.58,1371.49,12572.01,USD
TK0000316,V000158,2025-12-07 17:15:00,BUSINESS,APP,9,8,1,165.24,1487.16,29.74,178.46,1635.88,USD
TK0000317,V000159,2025-12-15 18:30:00,ECONOMY,APP,119,116,3,191.88,22833.72,456.67,2740.05,25117.1,USD
TK0000318,V000159,2025-12-06 18:30:00,BUSINESS,AGENCIA,13,11,2,460.51,5986.63,119.73,718.4,6585.3,USD
TK0000319,V000160,2025-12-14 19:45:00,ECONOMY,AGENCIA,149,143,6,333.9,49751.1,995.02,5970.13,54726.21,USD
TK0000320,V000160,2025-12-05 19:45:00,BUSINESS,WEB,14,14,0,801.36,11219.04,224.38,1346.28,12340.94,USD
TK0000321,V000161,2025-12-13 20:00:00,ECONOMY,WEB,175,169,6,72.9,12757.5,255.15,1530.9,14033.25,USD
TK0000322,V000161,2025-12-04 20:00:00,BUSINESS,APP,6,5,1,174.96,1049.76,21,125.97,1154.73,USD
TK0000323,V000162,2025-12-12 21:15:00,ECONOMY,APP,128,122,6,202.95,25977.6,519.55,3117.31,28575.36,USD
TK0000324,V000162,2025-12-03 21:15:00,BUSINESS,AGENCIA,10,8,2,487.08,4870.8,389.66,584.5,5065.64,USD
TK0000325,V000163,2025-12-11 04:30:00,ECONOMY,AGENCIA,127,127,0,352.8,44805.6,3584.45,5376.67,46597.82,USD
TK0000326,V000163,2025-12-02 04:30:00,BUSINESS,WEB,11,11,0,846.72,9313.92,186.28,1117.67,10245.31,USD
TK0000327,V000164,2025-12-10 05:45:00,ECONOMY,WEB,150,150,0,76.95,11542.5,230.85,1385.1,12696.75,USD
TK0000328,V000164,2025-12-01 05:45:00,BUSINESS,APP,13,12,1,184.68,2400.84,48.02,288.1,2640.92,USD
TK0000329,V000165,2025-12-09 06:00:00,ECONOMY,APP,110,110,0,78.3,8613,172.26,1033.56,9474.3,USD
TK0000330,V000165,2025-11-30 06:00:00,BUSINESS,AGENCIA,7,5,2,187.92,1315.44,26.31,157.85,1446.98,USD
TK0000331,V000166,2025-12-08 07:15:00,ECONOMY,AGENCIA,135,132,3,371.7,50179.5,1003.59,6021.54,55197.45,USD
TK0000332,V000166,2025-11-29 07:15:00,BUSINESS,WEB,8,8,0,892.08,7136.64,142.73,856.4,7850.31,USD
TK0000333,V000167,2025-12-07 08:30:00,ECONOMY,WEB,158,155,3,81,12798,255.96,1535.76,14077.8,USD
TK0000334,V000167,2025-11-28 08:30:00,BUSINESS,APP,12,11,1,194.4,2332.8,46.66,279.94,2566.08,USD
TK0000335,V000168,2025-12-06 09:45:00,ECONOMY,APP,118,115,3,82.35,9717.3,194.35,1166.08,10689.03,USD
TK0000336,V000168,2025-11-27 09:45:00,BUSINESS,AGENCIA,14,12,2,197.64,2766.96,221.36,332.04,2877.64,USD
TK0000337,V000169,2025-12-06 10:00:00,ECONOMY,AGENCIA,146,140,6,228.78,33401.88,2672.15,4008.23,34737.96,USD
TK0000338,V000169,2025-11-27 10:00:00,BUSINESS,WEB,5,5,0,549.07,2745.35,54.91,329.44,3019.88,USD
TK0000339,V000170,2025-12-05 11:15:00,ECONOMY,WEB,105,99,6,67.5,7087.5,141.75,850.5,7796.25,USD
TK0000340,V000170,2025-11-26 11:15:00,BUSINESS,APP,9,8,1,162,1458,29.16,174.96,1603.8,USD
TK0000341,V000171,2025-12-04 12:30:00,ECONOMY,APP,128,122,6,68.85,8812.8,176.26,1057.54,9694.08,USD
TK0000342,V000171,2025-11-25 12:30:00,BUSINESS,AGENCIA,13,11,2,165.24,2148.12,42.96,257.77,2362.93,USD
TK0000343,V000172,2025-12-03 13:45:00,ECONOMY,AGENCIA,145,145,0,191.88,27822.6,556.45,3338.71,30604.86,USD
TK0000344,V000172,2026-01-08 13:45:00,BUSINESS,WEB,12,12,0,460.51,5526.12,110.52,663.13,6078.73,USD
TK0000345,V000173,2025-12-02 14:00:00,ECONOMY,WEB,104,104,0,71.55,7441.2,148.82,892.94,8185.32,USD
TK0000346,V000173,2026-01-07 14:00:00,BUSINESS,APP,6,5,1,171.72,1030.32,20.61,123.64,1133.35,USD
TK0000347,V000174,2025-12-01 15:15:00,ECONOMY,APP,127,127,0,72.9,9258.3,185.17,1111,10184.13,USD
TK0000348,V000174,2026-01-06 15:15:00,BUSINESS,AGENCIA,10,8,2,174.96,1749.6,139.97,209.95,1819.58,USD
TK0000349,V000175,2025-11-30 16:30:00,ECONOMY,AGENCIA,176,173,3,202.95,35719.2,2857.54,4286.3,37147.96,USD
TK0000350,V000175,2026-01-05 16:30:00,BUSINESS,WEB,11,11,0,487.08,5357.88,107.16,642.95,5893.67,USD
TK0000351,V000176,2025-11-29 17:45:00,ECONOMY,WEB,129,126,3,75.6,9752.4,195.05,1170.29,10727.64,USD
TK0000352,V000176,2026-01-04 17:45:00,BUSINESS,APP,15,14,1,181.44,2721.6,54.43,326.59,2993.76,USD
TK0000353,V000177,2025-11-28 18:00:00,ECONOMY,APP,156,153,3,76.95,12004.2,240.08,1440.5,13204.62,USD
TK0000354,V000177,2026-01-03 18:00:00,BUSINESS,AGENCIA,7,5,2,184.68,1292.76,25.86,155.13,1422.03,USD
TK0000355,V000178,2025-11-27 19:15:00,ECONOMY,AGENCIA,186,180,6,214.02,39807.72,796.15,4776.93,43788.5,USD
TK0000356,V000178,2026-01-02 19:15:00,BUSINESS,WEB,8,8,0,513.65,4109.2,82.18,493.1,4520.12,USD
TK0000357,V000179,2025-11-26 20:30:00,ECONOMY,WEB,139,133,6,79.65,11071.35,221.43,1328.56,12178.48,USD
TK0000358,V000179,2026-01-01 20:30:00,BUSINESS,APP,12,11,1,191.16,2293.92,45.88,275.27,2523.31,USD
TK0000359,V000180,2025-11-25 21:45:00,ECONOMY,APP,165,159,6,81,13365,267.3,1603.8,14701.5,USD
TK0000360,V000180,2025-12-31 21:45:00,BUSINESS,AGENCIA,16,14,2,194.4,3110.4,248.83,373.25,3234.82,USD
TK0000361,V000181,2026-01-08 04:00:00,ECONOMY,AGENCIA,96,96,0,225.09,21608.64,1728.69,2593.04,22472.99,USD
TK0000362,V000181,2025-12-30 04:00:00,BUSINESS,WEB,5,5,0,540.22,2701.1,54.02,324.13,2971.21,USD
TK0000363,V000182,2026-01-07 05:15:00,ECONOMY,WEB,118,118,0,390.6,46090.8,921.82,5530.9,50699.88,USD
TK0000364,V000182,2025-12-29 05:15:00,BUSINESS,APP,9,8,1,937.44,8436.96,168.74,1012.44,9280.66,USD
TK0000365,V000183,2026-01-07 06:30:00,ECONOMY,APP,141,141,0,67.5,9517.5,190.35,1142.1,10469.25,USD
TK0000366,V000183,2025-12-29 06:30:00,BUSINESS,AGENCIA,13,11,2,162,2106,42.12,252.72,2316.6,USD
TK0000367,V000184,2026-01-06 07:45:00,ECONOMY,AGENCIA,104,101,3,188.19,19571.76,391.44,2348.61,21528.93,USD
TK0000368,V000184,2025-12-28 07:45:00,BUSINESS,WEB,12,12,0,451.66,5419.92,108.4,650.39,5961.91,USD
TK0000369,V000185,2026-01-05 08:00:00,ECONOMY,WEB,127,124,3,327.6,41605.2,832.1,4992.62,45765.72,USD
TK0000370,V000185,2025-12-27 08:00:00,BUSINESS,APP,6,5,1,786.24,4717.44,94.35,566.09,5189.18,USD
TK0000371,V000186,2026-01-04 09:15:00,ECONOMY,APP,149,146,3,71.55,10660.95,213.22,1279.31,11727.04,USD
TK0000372,V000186,2025-12-26 09:15:00,BUSINESS,AGENCIA,10,8,2,171.72,1717.2,137.38,206.06,1785.88,USD
TK0000373,V000187,2026-01-03 10:30:00,ECONOMY,AGENCIA,114,108,6,199.26,22715.64,1817.25,2725.88,23624.27,USD
TK0000374,V000187,2025-12-25 10:30:00,BUSINESS,WEB,11,11,0,478.22,5260.42,105.21,631.25,5786.46,USD
TK0000375,V000188,2026-01-02 11:45:00,ECONOMY,WEB,137,131,6,346.5,47470.5,949.41,5696.46,52217.55,USD
TK0000376,V000188,2025-12-24 11:45:00,BUSINESS,APP,13,12,1,831.6,10810.8,216.22,1297.3,11891.88,USD
TK0000377,V000189,2026-01-01 12:00:00,ECONOMY,APP,160,154,6,75.6,12096,241.92,1451.52,13305.6,USD
TK0000378,V000189,2025-12-23 12:00:00,BUSINESS,AGENCIA,7,5,2,181.44,1270.08,25.4,152.41,1397.09,USD
TK0000379,V000190,2025-12-31 13:15:00,ECONOMY,AGENCIA,113,113,0,76.95,8695.35,173.91,1043.44,9564.88,USD
TK0000380,V000190,2025-12-22 13:15:00,BUSINESS,WEB,8,8,0,184.68,1477.44,29.55,177.29,1625.18,USD
TK0000381,V000191,2025-12-30 14:30:00,ECONOMY,WEB,136,136,0,365.4,49694.4,993.89,5963.33,54663.84,USD
TK0000382,V000191,2025-12-21 14:30:00,BUSINESS,APP,12,11,1,876.96,10523.52,210.47,1262.82,11575.87,USD
TK0000383,V000192,2025-12-29 15:45:00,ECONOMY,APP,159,159,0,79.65,12664.35,253.29,1519.72,13930.78,USD
TK0000384,V000192,2025-12-20 15:45:00,BUSINESS,AGENCIA,14,12,2,191.16,2676.24,214.1,321.15,2783.29,USD
TK0000385,V000193,2025-12-28 16:00:00,ECONOMY,AGENCIA,140,137,3,81,11340,907.2,1360.8,11793.6,USD
TK0000386,V000193,2025-12-19 16:00:00,BUSINESS,WEB,5,5,0,194.4,972,19.44,116.64,1069.2,USD
TK0000387,V000194,2025-12-27 17:15:00,ECONOMY,WEB,166,163,3,225.09,37364.94,747.3,4483.79,41101.43,USD
TK0000388,V000194,2025-12-18 17:15:00,BUSINESS,APP,9,8,1,540.22,4861.98,97.24,583.44,5348.18,USD
TK0000389,V000195,2025-12-26 18:30:00,ECONOMY,APP,119,116,3,83.7,9960.3,199.21,1195.24,10956.33,USD
TK0000390,V000195,2025-12-17 18:30:00,BUSINESS,AGENCIA,13,11,2,200.88,2611.44,52.23,313.37,2872.58,USD
TK0000391,V000196,2025-12-25 19:45:00,ECONOMY,AGENCIA,149,143,6,67.5,10057.5,201.15,1206.9,11063.25,USD
TK0000392,V000196,2025-12-16 19:45:00,BUSINESS,WEB,14,14,0,162,2268,45.36,272.16,2494.8,USD
TK0000393,V000197,2025-12-25 20:00:00,ECONOMY,WEB,175,169,6,188.19,32933.25,658.66,3951.99,36226.58,USD
TK0000394,V000197,2025-12-16 20:00:00,BUSINESS,APP,6,5,1,451.66,2709.96,54.2,325.2,2980.96,USD
TK0000395,V000198,2025-12-24 21:15:00,ECONOMY,APP,128,122,6,70.2,8985.6,179.71,1078.27,9884.16,USD
TK0000396,V000198,2025-12-15 21:15:00,BUSINESS,AGENCIA,10,8,2,168.48,1684.8,134.78,202.18,1752.2,USD
TK0000397,V000199,2025-12-23 04:30:00,ECONOMY,AGENCIA,127,127,0,71.55,9086.85,726.95,1090.42,9450.32,USD
TK0000398,V000199,2025-12-14 04:30:00,BUSINESS,WEB,11,11,0,171.72,1888.92,37.78,226.67,2077.81,USD
TK0000399,V000200,2025-12-22 05:45:00,ECONOMY,WEB,150,150,0,199.26,29889,597.78,3586.68,32877.9,USD
TK0000400,V000200,2025-12-13 05:45:00,BUSINESS,APP,13,12,1,478.22,6216.86,124.34,746.02,6838.54,USD
TK0000401,V000201,2025-12-21 06:00:00,ECONOMY,APP,110,110,0,74.25,8167.5,163.35,980.1,8984.25,USD
TK0000402,V000201,2025-12-12 06:00:00,BUSINESS,AGENCIA,7,5,2,178.2,1247.4,24.95,149.69,1372.14,USD
TK0000403,V000202,2025-12-20 07:15:00,ECONOMY,AGENCIA,135,132,3,75.6,10206,204.12,1224.72,11226.6,USD
TK0000404,V000202,2025-12-11 07:15:00,BUSINESS,WEB,8,8,0,181.44,1451.52,29.03,174.18,1596.67,USD
TK0000405,V000203,2025-12-19 08:30:00,ECONOMY,WEB,158,155,3,210.33,33232.14,664.64,3987.86,36555.36,USD
TK0000406,V000203,2025-12-10 08:30:00,BUSINESS,APP,12,11,1,504.79,6057.48,121.15,726.9,6663.23,USD
TK0000407,V000204,2025-12-18 09:45:00,ECONOMY,APP,118,115,3,78.3,9239.4,184.79,1108.73,10163.34,USD
TK0000408,V000204,2025-12-09 09:45:00,BUSINESS,AGENCIA,14,12,2,187.92,2630.88,210.47,315.71,2736.12,USD
TK0000409,V000205,2025-12-17 10:00:00,ECONOMY,AGENCIA,146,140,6,79.65,11628.9,930.31,1395.47,12094.06,USD
TK0000410,V000205,2025-12-08 10:00:00,BUSINESS,WEB,5,5,0,191.16,955.8,19.12,114.7,1051.38,USD
TK0000411,V000206,2025-12-16 11:15:00,ECONOMY,WEB,105,99,6,221.4,23247,464.94,2789.64,25571.7,USD
TK0000412,V000206,2025-12-07 11:15:00,BUSINESS,APP,9,8,1,531.36,4782.24,95.64,573.87,5260.47,USD
TK0000413,V000207,2025-12-15 12:30:00,ECONOMY,APP,128,122,6,384.3,49190.4,983.81,5902.85,54109.44,USD
TK0000414,V000207,2025-12-06 12:30:00,BUSINESS,AGENCIA,13,11,2,922.32,11990.16,239.8,1438.82,13189.18,USD
TK0000415,V000208,2025-12-14 13:45:00,ECONOMY,AGENCIA,145,145,0,83.7,12136.5,242.73,1456.38,13350.15,USD
TK0000416,V000208,2025-12-05 13:45:00,BUSINESS,WEB,12,12,0,200.88,2410.56,48.21,289.27,2651.62,USD
TK0000417,V000209,2025-12-13 14:00:00,ECONOMY,WEB,104,104,0,184.5,19188,383.76,2302.56,21106.8,USD
TK0000418,V000209,2025-12-04 14:00:00,BUSINESS,APP,6,5,1,442.8,2656.8,53.14,318.82,2922.48,USD
TK0000419,V000210,2025-12-12 15:15:00,ECONOMY,APP,127,127,0,321.3,40805.1,816.1,4896.61,44885.61,USD
TK0000420,V000210,2025-12-03 15:15:00,BUSINESS,AGENCIA,10,8,2,771.12,7711.2,616.9,925.34,8019.64,USD
TK0000421,V000211,2025-12-12 16:30:00,ECONOMY,AGENCIA,176,173,3,70.2,12355.2,988.42,1482.62,12849.4,USD
TK0000422,V000211,2025-12-03 16:30:00,BUSINESS,WEB,11,11,0,168.48,1853.28,37.07,222.39,2038.6,USD
TK0000423,V000212,2025-12-11 17:45:00,ECONOMY,WEB,129,126,3,195.57,25228.53,504.57,3027.42,27751.38,USD
TK0000424,V000212,2025-12-02 17:45:00,BUSINESS,APP,15,14,1,469.37,7040.55,140.81,844.87,7744.61,USD
TK0000425,V000213,2025-12-10 18:00:00,ECONOMY,APP,156,153,3,340.2,53071.2,1061.42,6368.54,58378.32,USD
TK0000426,V000213,2025-12-01 18:00:00,BUSINESS,AGENCIA,7,5,2,816.48,5715.36,114.31,685.84,6286.89,USD
TK0000427,V000214,2025-12-09 19:15:00,ECONOMY,AGENCIA,0,0,0,74.25,0,0,0,0,USD
TK0000428,V000214,2025-11-30 19:15:00,BUSINESS,WEB,0,0,0,178.2,0,0,0,0,USD
TK0000429,V000215,2025-12-08 20:30:00,ECONOMY,WEB,139,133,6,75.6,10508.4,210.17,1261.01,11559.24,USD
TK0000430,V000215,2025-11-29 20:30:00,BUSINESS,APP,12,11,1,181.44,2177.28,43.55,261.27,2395,USD
TK0000431,V000216,2025-12-07 21:45:00,ECONOMY,APP,165,159,6,359.1,59251.5,1185.03,7110.18,65176.65,USD
TK0000432,V000216,2025-11-28 21:45:00,BUSINESS,AGENCIA,16,14,2,861.84,13789.44,1103.16,1654.73,14341.01,USD
TK0000433,V000217,2025-12-06 04:00:00,ECONOMY,AGENCIA,96,96,0,78.3,7516.8,601.34,902.02,7817.48,USD
TK0000434,V000217,2026-01-11 04:00:00,BUSINESS,WEB,5,5,0,187.92,939.6,18.79,112.75,1033.56,USD
TK0000435,V000218,2025-12-05 05:15:00,ECONOMY,WEB,118,118,0,79.65,9398.7,187.97,1127.84,10338.57,USD
TK0000436,V000218,2026-01-10 05:15:00,BUSINESS,APP,9,8,1,191.16,1720.44,34.41,206.45,1892.48,USD
TK0000437,V000219,2025-12-04 06:30:00,ECONOMY,APP,141,141,0,221.4,31217.4,624.35,3746.09,34339.14,USD
TK0000438,V000219,2026-01-09 06:30:00,BUSINESS,AGENCIA,13,11,2,531.36,6907.68,138.15,828.92,7598.45,USD
TK0000439,V000220,2025-12-03 07:45:00,ECONOMY,AGENCIA,104,101,3,82.35,8564.4,171.29,1027.73,9420.84,USD
TK0000440,V000220,2026-01-08 07:45:00,BUSINESS,WEB,12,12,0,197.64,2371.68,47.43,284.6,2608.85,USD
TK0000441,V000221,2025-12-02 08:00:00,ECONOMY,WEB,127,124,3,83.7,10629.9,212.6,1275.59,11692.89,USD
TK0000442,V000221,2026-01-07 08:00:00,BUSINESS,APP,6,5,1,200.88,1205.28,24.11,144.63,1325.8,USD
TK0000443,V000222,2025-12-01 09:15:00,ECONOMY,APP,149,146,3,184.5,27490.5,549.81,3298.86,30239.55,USD
TK0000444,V000222,2026-01-06 09:15:00,BUSINESS,AGENCIA,10,8,2,442.8,4428,354.24,531.36,4605.12,USD
TK0000445,V000223,2025-11-30 10:30:00,ECONOMY,AGENCIA,114,108,6,68.85,7848.9,627.91,941.87,8162.86,USD
TK0000446,V000223,2026-01-05 10:30:00,BUSINESS,WEB,11,11,0,165.24,1817.64,36.35,218.12,1999.41,USD
TK0000447,V000224,2025-11-29 11:45:00,ECONOMY,WEB,137,131,6,70.2,9617.4,192.35,1154.09,10579.14,USD
TK0000448,V000224,2026-01-04 11:45:00,BUSINESS,APP,13,12,1,168.48,2190.24,43.8,262.83,2409.27,USD
TK0000449,V000225,2025-11-29 12:00:00,ECONOMY,APP,160,154,6,195.57,31291.2,625.82,3754.94,34420.32,USD
TK0000450,V000225,2026-01-04 12:00:00,BUSINESS,AGENCIA,7,5,2,469.37,3285.59,65.71,394.27,3614.15,USD
TK0000451,V000226,2026-01-12 13:15:00,ECONOMY,AGENCIA,113,113,0,72.9,8237.7,164.75,988.52,9061.47,USD
TK0000452,V000226,2026-01-03 13:15:00,BUSINESS,WEB,8,8,0,174.96,1399.68,27.99,167.96,1539.65,USD
TK0000453,V000227,2026-01-11 14:30:00,ECONOMY,WEB,136,136,0,74.25,10098,201.96,1211.76,11107.8,USD
TK0000454,V000227,2026-01-02 14:30:00,BUSINESS,APP,12,11,1,178.2,2138.4,42.77,256.61,2352.24,USD
TK0000455,V000228,2026-01-10 15:45:00,ECONOMY,APP,159,159,0,206.64,32855.76,657.12,3942.69,36141.33,USD
TK0000456,V000228,2026-01-01 15:45:00,BUSINESS,AGENCIA,14,12,2,495.94,6943.16,555.45,833.18,7220.89,USD
TK0000457,V000229,2026-01-09 16:00:00,ECONOMY,AGENCIA,140,137,3,76.95,10773,861.84,1292.76,11203.92,USD
TK0000458,V000229,2025-12-31 16:00:00,BUSINESS,WEB,5,5,0,184.68,923.4,18.47,110.81,1015.74,USD
TK0000459,V000230,2026-01-08 17:15:00,ECONOMY,WEB,166,163,3,78.3,12997.8,259.96,1559.74,14297.58,USD
TK0000460,V000230,2025-12-30 17:15:00,BUSINESS,APP,9,8,1,187.92,1691.28,33.83,202.95,1860.4,USD
TK0000461,V000231,2026-01-07 18:30:00,ECONOMY,APP,119,116,3,217.71,25907.49,518.15,3108.9,28498.24,USD
TK0000462,V000231,2025-12-29 18:30:00,BUSINESS,AGENCIA,13,11,2,522.5,6792.5,135.85,815.1,7471.75,USD
TK0000463,V000232,2026-01-06 19:45:00,ECONOMY,AGENCIA,149,143,6,378,56322,1126.44,6758.64,61954.2,USD
TK0000464,V000232,2025-12-28 19:45:00,BUSINESS,WEB,14,14,0,907.2,12700.8,254.02,1524.1,13970.88,USD
TK0000465,V000233,2026-01-05 20:00:00,ECONOMY,WEB,175,169,6,82.35,14411.25,288.23,1729.35,15852.37,USD
TK0000466,V000233,2025-12-27 20:00:00,BUSINESS,APP,6,5,1,197.64,1185.84,23.72,142.3,1304.42,USD
TK0000467,V000234,2026-01-04 21:15:00,ECONOMY,APP,128,122,6,228.78,29283.84,585.68,3514.06,32212.22,USD
TK0000468,V000234,2025-12-26 21:15:00,BUSINESS,AGENCIA,10,8,2,549.07,5490.7,439.26,658.88,5710.32,USD
TK0000469,V000235,2026-01-03 04:30:00,ECONOMY,AGENCIA,127,127,0,315,40005,3200.4,4800.6,41605.2,USD
TK0000470,V000235,2025-12-25 04:30:00,BUSINESS,WEB,11,11,0,756,8316,166.32,997.92,9147.6,USD
TK0000471,V000236,2026-01-02 05:45:00,ECONOMY,WEB,150,150,0,68.85,10327.5,206.55,1239.3,11360.25,USD
TK0000472,V000236,2025-12-24 05:45:00,BUSINESS,APP,13,12,1,165.24,2148.12,42.96,257.77,2362.93,USD
TK0000473,V000237,2026-01-01 06:00:00,ECONOMY,APP,110,110,0,191.88,21106.8,422.14,2532.82,23217.48,USD
TK0000474,V000237,2025-12-23 06:00:00,BUSINESS,AGENCIA,7,5,2,460.51,3223.57,64.47,386.83,3545.93,USD
TK0000475,V000238,2025-12-31 07:15:00,ECONOMY,AGENCIA,135,132,3,333.9,45076.5,901.53,5409.18,49584.15,USD
TK0000476,V000238,2025-12-22 07:15:00,BUSINESS,WEB,8,8,0,801.36,6410.88,128.22,769.31,7051.97,USD
TK0000477,V000239,2025-12-31 08:30:00,ECONOMY,WEB,158,155,3,72.9,11518.2,230.36,1382.18,12670.02,USD
TK0000478,V000239,2025-12-22 08:30:00,BUSINESS,APP,12,11,1,174.96,2099.52,41.99,251.94,2309.47,USD
TK0000479,V000240,2025-12-30 09:45:00,ECONOMY,APP,118,115,3,74.25,8761.5,175.23,1051.38,9637.65,USD
TK0000480,V000240,2025-12-21 09:45:00,BUSINESS,AGENCIA,14,12,2,178.2,2494.8,199.58,299.38,2594.6,USD
TK0000481,V000241,2025-12-29 10:00:00,ECONOMY,AGENCIA,146,140,6,352.8,51508.8,4120.7,6181.06,53569.16,USD
TK0000482,V000241,2025-12-20 10:00:00,BUSINESS,WEB,5,5,0,846.72,4233.6,84.67,508.03,4656.96,USD
TK0000483,V000242,2025-12-28 11:15:00,ECONOMY,WEB,105,99,6,76.95,8079.75,161.59,969.57,8887.73,USD
TK0000484,V000242,2025-12-19 11:15:00,BUSINESS,APP,9,8,1,184.68,1662.12,33.24,199.45,1828.33,USD
TK0000485,V000243,2025-12-27 12:30:00,ECONOMY,APP,128,122,6,78.3,10022.4,200.45,1202.69,11024.64,USD
TK0000486,V000243,2025-12-18 12:30:00,BUSINESS,AGENCIA,13,11,2,187.92,2442.96,48.86,293.16,2687.26,USD
TK0000487,V000244,2025-12-26 13:45:00,ECONOMY,AGENCIA,145,145,0,371.7,53896.5,1077.93,6467.58,59286.15,USD
TK0000488,V000244,2025-12-17 13:45:00,BUSINESS,WEB,12,12,0,892.08,10704.96,214.1,1284.6,11775.46,USD
TK0000489,V000245,2025-12-25 14:00:00,ECONOMY,WEB,104,104,0,81,8424,168.48,1010.88,9266.4,USD
TK0000490,V000245,2025-12-16 14:00:00,BUSINESS,APP,6,5,1,194.4,1166.4,23.33,139.97,1283.04,USD
TK0000491,V000246,2025-12-24 15:15:00,ECONOMY,APP,127,127,0,82.35,10458.45,209.17,1255.01,11504.29,USD
TK0000492,V000246,2025-12-15 15:15:00,BUSINESS,AGENCIA,10,8,2,197.64,1976.4,158.11,237.17,2055.46,USD
TK0000493,V000247,2025-12-23 16:30:00,ECONOMY,AGENCIA,176,173,3,228.78,40265.28,3221.22,4831.83,41875.89,USD
TK0000494,V000247,2025-12-14 16:30:00,BUSINESS,WEB,11,11,0,549.07,6039.77,120.8,724.77,6643.74,USD
TK0000495,V000248,2025-12-22 17:45:00,ECONOMY,WEB,129,126,3,67.5,8707.5,174.15,1044.9,9578.25,USD
TK0000496,V000248,2025-12-13 17:45:00,BUSINESS,APP,15,14,1,162,2430,48.6,291.6,2673,USD
TK0000497,V000249,2025-12-21 18:00:00,ECONOMY,APP,156,153,3,68.85,10740.6,214.81,1288.87,11814.66,USD
TK0000498,V000249,2025-12-12 18:00:00,BUSINESS,AGENCIA,7,5,2,165.24,1156.68,23.13,138.8,1272.35,USD
TK0000499,V000250,2025-12-20 19:15:00,ECONOMY,AGENCIA,186,180,6,191.88,35689.68,713.79,4282.76,39258.65,USD
TK0000500,V000250,2025-12-11 19:15:00,BUSINESS,WEB,8,8,0,460.51,3684.08,73.68,442.09,4052.49,USD
TK0000501,V000251,2025-12-19 20:30:00,ECONOMY,WEB,139,133,6,71.55,9945.45,198.91,1193.45,10939.99,USD
TK0000502,V000251,2025-12-10 20:30:00,BUSINESS,APP,12,11,1,171.72,2060.64,41.21,247.28,2266.71,USD
TK0000503,V000252,2025-12-18 21:45:00,ECONOMY,APP,165,159,6,72.9,12028.5,240.57,1443.42,13231.35,USD
TK0000504,V000252,2025-12-09 21:45:00,BUSINESS,AGENCIA,16,14,2,174.96,2799.36,223.95,335.92,2911.33,USD
TK0000505,V000253,2025-12-18 04:00:00,ECONOMY,AGENCIA,96,96,0,202.95,19483.2,1558.66,2337.98,20262.52,USD
TK0000506,V000253,2025-12-09 04:00:00,BUSINESS,WEB,5,5,0,487.08,2435.4,48.71,292.25,2678.94,USD
TK0000507,V000254,2025-12-17 05:15:00,ECONOMY,WEB,118,118,0,75.6,8920.8,178.42,1070.5,9812.88,USD
TK0000508,V000254,2025-12-08 05:15:00,BUSINESS,APP,9,8,1,181.44,1632.96,32.66,195.96,1796.26,USD
TK0000509,V000255,2025-12-16 06:30:00,ECONOMY,APP,141,141,0,76.95,10849.95,217,1301.99,11934.94,USD
TK0000510,V000255,2025-12-07 06:30:00,BUSINESS,AGENCIA,13,11,2,184.68,2400.84,48.02,288.1,2640.92,USD
TK0000511,V000256,2025-12-15 07:45:00,ECONOMY,AGENCIA,104,101,3,214.02,22258.08,445.16,2670.97,24483.89,USD
TK0000512,V000256,2025-12-06 07:45:00,BUSINESS,WEB,12,12,0,513.65,6163.8,123.28,739.66,6780.18,USD
TK0000513,V000257,2025-12-14 08:00:00,ECONOMY,WEB,127,124,3,371.7,47205.9,944.12,5664.71,51926.49,USD
TK0000514,V000257,2025-12-05 08:00:00,BUSINESS,APP,6,5,1,892.08,5352.48,107.05,642.3,5887.73,USD
TK0000515,V000258,2025-12-13 09:15:00,ECONOMY,APP,149,146,3,81,12069,241.38,1448.28,13275.9,USD
TK0000516,V000258,2025-12-04 09:15:00,BUSINESS,AGENCIA,10,8,2,194.4,1944,155.52,233.28,2021.76,USD
TK0000517,V000259,2025-12-12 10:30:00,ECONOMY,AGENCIA,114,108,6,225.09,25660.26,2052.82,3079.23,26686.67,USD
TK0000518,V000259,2025-12-03 10:30:00,BUSINESS,WEB,11,11,0,540.22,5942.42,118.85,713.09,6536.66,USD
TK0000519,V000260,2025-12-11 11:45:00,ECONOMY,WEB,137,131,6,390.6,53512.2,1070.24,6421.46,58863.42,USD
TK0000520,V000260,2025-12-02 11:45:00,BUSINESS,APP,13,12,1,937.44,12186.72,243.73,1462.41,13405.4,USD
TK0000521,V000261,2025-12-10 12:00:00,ECONOMY,APP,160,154,6,67.5,10800,216,1296,11880,USD
TK0000522,V000261,2025-12-01 12:00:00,BUSINESS,AGENCIA,7,5,2,162,1134,22.68,136.08,1247.4,USD
TK0000523,V000262,2025-12-09 13:15:00,ECONOMY,AGENCIA,113,113,0,188.19,21265.47,425.31,2551.86,23392.02,USD
TK0000524,V000262,2026-01-14 13:15:00,BUSINESS,WEB,8,8,0,451.66,3613.28,72.27,433.59,3974.6,USD
TK0000525,V000263,2025-12-08 14:30:00,ECONOMY,WEB,136,136,0,327.6,44553.6,891.07,5346.43,49008.96,USD
TK0000526,V000263,2026-01-13 14:30:00,BUSINESS,APP,12,11,1,786.24,9434.88,188.7,1132.19,10378.37,USD
TK0000527,V000264,2025-12-07 15:45:00,ECONOMY,APP,159,159,0,71.55,11376.45,227.53,1365.17,12514.09,USD
TK0000528,V000264,2026-01-12 15:45:00,BUSINESS,AGENCIA,14,12,2,171.72,2404.08,192.33,288.49,2500.24,USD
TK0000529,V000265,2025-12-06 16:00:00,ECONOMY,AGENCIA,140,137,3,199.26,27896.4,2231.71,3347.57,29012.26,USD
TK0000530,V000265,2026-01-11 16:00:00,BUSINESS,WEB,5,5,0,478.22,2391.1,47.82,286.93,2630.21,USD
TK0000531,V000266,2025-12-05 17:15:00,ECONOMY,WEB,166,163,3,346.5,57519,1150.38,6902.28,63270.9,USD
TK0000532,V000266,2026-01-10 17:15:00,BUSINESS,APP,9,8,1,831.6,7484.4,149.69,898.13,8232.84,USD
TK0000533,V000267,2025-12-05 18:30:00,ECONOMY,APP,119,116,3,75.6,8996.4,179.93,1079.57,9896.04,USD
TK0000534,V000267,2026-01-10 18:30:00,BUSINESS,AGENCIA,13,11,2,181.44,2358.72,47.17,283.05,2594.6,USD
TK0000535,V000268,2025-12-04 19:45:00,ECONOMY,AGENCIA,149,143,6,76.95,11465.55,229.31,1375.87,12612.11,USD
TK0000536,V000268,2026-01-09 19:45:00,BUSINESS,WEB,14,14,0,184.68,2585.52,51.71,310.26,2844.07,USD
TK0000537,V000269,2025-12-03 20:00:00,ECONOMY,WEB,175,169,6,365.4,63945,1278.9,7673.4,70339.5,USD
TK0000538,V000269,2026-01-08 20:00:00,BUSINESS,APP,6,5,1,876.96,5261.76,105.24,631.41,5787.93,USD
TK0000539,V000270,2025-12-02 21:15:00,ECONOMY,APP,128,122,6,79.65,10195.2,203.9,1223.42,11214.72,USD
TK0000540,V000270,2026-01-07 21:15:00,BUSINESS,AGENCIA,10,8,2,191.16,1911.6,152.93,229.39,1988.06,USD
TK0000541,V000271,2026-01-15 04:30:00,ECONOMY,AGENCIA,127,127,0,81,10287,822.96,1234.44,10698.48,USD
TK0000542,V000271,2026-01-06 04:30:00,BUSINESS,WEB,11,11,0,194.4,2138.4,42.77,256.61,2352.24,USD
TK0000543,V000272,2026-01-14 05:45:00,ECONOMY,WEB,150,150,0,225.09,33763.5,675.27,4051.62,37139.85,USD
TK0000544,V000272,2026-01-05 05:45:00,BUSINESS,APP,13,12,1,540.22,7022.86,140.46,842.74,7725.14,USD
TK0000545,V000273,2026-01-13 06:00:00,ECONOMY,APP,110,110,0,83.7,9207,184.14,1104.84,10127.7,USD
TK0000546,V000273,2026-01-04 06:00:00,BUSINESS,AGENCIA,7,5,2,200.88,1406.16,28.12,168.74,1546.78,USD
TK0000547,V000274,2026-01-12 07:15:00,ECONOMY,AGENCIA,135,132,3,67.5,9112.5,182.25,1093.5,10023.75,USD
TK0000548,V000274,2026-01-03 07:15:00,BUSINESS,WEB,8,8,0,162,1296,25.92,155.52,1425.6,USD
TK0000549,V000275,2026-01-11 08:30:00,ECONOMY,WEB,158,155,3,188.19,29734.02,594.68,3568.08,32707.42,USD
TK0000550,V000275,2026-01-02 08:30:00,BUSINESS,APP,12,11,1,451.66,5419.92,108.4,650.39,5961.91,USD
TK0000551,V000276,2026-01-10 09:45:00,ECONOMY,APP,118,115,3,70.2,8283.6,165.67,994.03,9111.96,USD
TK0000552,V000276,2026-01-01 09:45:00,BUSINESS,AGENCIA,14,12,2,168.48,2358.72,188.7,283.05,2453.07,USD
TK0000553,V000277,2026-01-09 10:00:00,ECONOMY,AGENCIA,146,140,6,71.55,10446.3,835.7,1253.56,10864.16,USD
TK0000554,V000277,2025-12-31 10:00:00,BUSINESS,WEB,5,5,0,171.72,858.6,17.17,103.03,944.46,USD
TK0000555,V000278,2026-01-08 11:15:00,ECONOMY,WEB,105,99,6,199.26,20922.3,418.45,2510.68,23014.53,USD
TK0000556,V000278,2025-12-30 11:15:00,BUSINESS,APP,9,8,1,478.22,4303.98,86.08,516.48,4734.38,USD
TK0000557,V000279,2026-01-07 12:30:00,ECONOMY,APP,128,122,6,74.25,9504,190.08,1140.48,10454.4,USD
TK0000558,V000279,2025-12-29 12:30:00,BUSINESS,AGENCIA,13,11,2,178.2,2316.6,46.33,277.99,2548.26,USD
TK0000559,V000280,2026-01-06 13:45:00,ECONOMY,AGENCIA,145,145,0,75.6,10962,219.24,1315.44,12058.2,USD
TK0000560,V000280,2025-12-28 13:45:00,BUSINESS,WEB,12,12,0,181.44,2177.28,43.55,261.27,2395,USD
TK0000561,V000281,2026-01-06 14:00:00,ECONOMY,WEB,104,104,0,210.33,21874.32,437.49,2624.92,24061.75,USD
TK0000562,V000281,2025-12-28 14:00:00,BUSINESS,APP,6,5,1,504.79,3028.74,60.57,363.45,3331.62,USD
TK0000563,V000282,2026-01-05 15:15:00,ECONOMY,APP,127,127,0,365.4,46405.8,928.12,5568.7,51046.38,USD
TK0000564,V000282,2025-12-27 15:15:00,BUSINESS,AGENCIA,10,8,2,876.96,8769.6,701.57,1052.35,9120.38,USD
TK0000565,V000283,2026-01-04 16:30:00,ECONOMY,AGENCIA,176,173,3,79.65,14018.4,1121.47,1682.21,14579.14,USD
TK0000566,V000283,2025-12-26 16:30:00,BUSINESS,WEB,11,11,0,191.16,2102.76,42.06,252.33,2313.03,USD
TK0000567,V000284,2026-01-03 17:45:00,ECONOMY,WEB,129,126,3,221.4,28560.6,571.21,3427.27,31416.66,USD
TK0000568,V000284,2025-12-25 17:45:00,BUSINESS,APP,15,14,1,531.36,7970.4,159.41,956.45,8767.44,USD
TK0000569,V000285,2026-01-02 18:00:00,ECONOMY,APP,0,0,0,384.3,0,0,0,0,USD
TK0000570,V000285,2025-12-24 18:00:00,BUSINESS,AGENCIA,0,0,0,922.32,0,0,0,0,USD
TK0000571,V000286,2026-01-01 19:15:00,ECONOMY,AGENCIA,186,180,6,83.7,15568.2,311.36,1868.18,17125.02,USD
TK0000572,V000286,2025-12-23 19:15:00,BUSINESS,WEB,8,8,0,200.88,1607.04,32.14,192.84,1767.74,USD
TK0000573,V000287,2025-12-31 20:30:00,ECONOMY,WEB,139,133,6,184.5,25645.5,512.91,3077.46,28210.05,USD
TK0000574,V000287,2025-12-22 20:30:00,BUSINESS,APP,12,11,1,442.8,5313.6,106.27,637.63,5844.96,USD
TK0000575,V000288,2025-12-30 21:45:00,ECONOMY,APP,165,159,6,321.3,53014.5,1060.29,6361.74,58315.95,USD
TK0000576,V000288,2025-12-21 21:45:00,BUSINESS,AGENCIA,16,14,2,771.12,12337.92,987.03,1480.55,12831.44,USD
TK0000577,V000289,2025-12-29 04:00:00,ECONOMY,AGENCIA,96,96,0,70.2,6739.2,539.14,808.7,7008.76,USD
TK0000578,V000289,2025-12-20 04:00:00,BUSINESS,WEB,5,5,0,168.48,842.4,16.85,101.09,926.64,USD
TK0000579,V000290,2025-12-28 05:15:00,ECONOMY,WEB,118,118,0,195.57,23077.26,461.55,2769.27,25384.98,USD
TK0000580,V000290,2025-12-19 05:15:00,BUSINESS,APP,9,8,1,469.37,4224.33,84.49,506.92,4646.76,USD
TK0000581,V000291,2025-12-27 06:30:00,ECONOMY,APP,141,141,0,340.2,47968.2,959.36,5756.18,52765.02,USD
TK0000582,V000291,2025-12-18 06:30:00,BUSINESS,AGENCIA,13,11,2,816.48,10614.24,212.28,1273.71,11675.67,USD
TK0000583,V000292,2025-12-26 07:45:00,ECONOMY,AGENCIA,104,101,3,74.25,7722,154.44,926.64,8494.2,USD
TK0000584,V000292,2025-12-17 07:45:00,BUSINESS,WEB,12,12,0,178.2,2138.4,42.77,256.61,2352.24,USD
TK0000585,V000293,2025-12-25 08:00:00,ECONOMY,WEB,127,124,3,75.6,9601.2,192.02,1152.14,10561.32,USD
TK0000586,V000293,2025-12-16 08:00:00,BUSINESS,APP,6,5,1,181.44,1088.64,21.77,130.64,1197.51,USD
TK0000587,V000294,2025-12-24 09:15:00,ECONOMY,APP,149,146,3,359.1,53505.9,1070.12,6420.71,58856.49,USD
TK0000588,V000294,2025-12-15 09:15:00,BUSINESS,AGENCIA,10,8,2,861.84,8618.4,689.47,1034.21,8963.14,USD
TK0000589,V000295,2025-12-24 10:30:00,ECONOMY,AGENCIA,114,108,6,78.3,8926.2,714.1,1071.14,9283.24,USD
TK0000590,V000295,2025-12-15 10:30:00,BUSINESS,WEB,11,11,0,187.92,2067.12,41.34,248.05,2273.83,USD
TK0000591,V000296,2025-12-23 11:45:00,ECONOMY,WEB,137,131,6,79.65,10912.05,218.24,1309.45,12003.26,USD
TK0000592,V000296,2025-12-14 11:45:00,BUSINESS,APP,13,12,1,191.16,2485.08,49.7,298.21,2733.59,USD
TK0000593,V000297,2025-12-22 12:00:00,ECONOMY,APP,160,154,6,221.4,35424,708.48,4250.88,38966.4,USD
TK0000594,V000297,2025-12-13 12:00:00,BUSINESS,AGENCIA,7,5,2,531.36,3719.52,74.39,446.34,4091.47,USD
TK0000595,V000298,2025-12-21 13:15:00,ECONOMY,AGENCIA,113,113,0,82.35,9305.55,186.11,1116.67,10236.11,USD
TK0000596,V000298,2025-12-12 13:15:00,BUSINESS,WEB,8,8,0,197.64,1581.12,31.62,189.73,1739.23,USD
TK0000597,V000299,2025-12-20 14:30:00,ECONOMY,WEB,136,136,0,83.7,11383.2,227.66,1365.98,12521.52,USD
TK0000598,V000299,2025-12-11 14:30:00,BUSINESS,APP,12,11,1,200.88,2410.56,48.21,289.27,2651.62,USD
TK0000599,V000300,2025-12-19 15:45:00,ECONOMY,APP,159,159,0,184.5,29335.5,586.71,3520.26,32269.05,USD
TK0000600,V000300,2025-12-10 15:45:00,BUSINESS,AGENCIA,14,12,2,442.8,6199.2,495.94,743.9,6447.16,USD
TK0000601,V000301,2025-12-18 16:00:00,ECONOMY,AGENCIA,140,137,3,68.85,9639,771.12,1156.68,10024.56,USD
TK0000602,V000301,2025-12-09 16:00:00,BUSINESS,WEB,5,5,0,165.24,826.2,16.52,99.14,908.82,USD
TK0000603,V000302,2025-12-17 17:15:00,ECONOMY,WEB,166,163,3,70.2,11653.2,233.06,1398.38,12818.52,USD
TK0000604,V000302,2025-12-08 17:15:00,BUSINESS,APP,9,8,1,168.48,1516.32,30.33,181.96,1667.95,USD
TK0000605,V000303,2025-12-16 18:30:00,ECONOMY,APP,119,116,3,195.57,23272.83,465.46,2792.74,25600.11,USD
TK0000606,V000303,2025-12-07 18:30:00,BUSINESS,AGENCIA,13,11,2,469.37,6101.81,122.04,732.22,6711.99,USD
TK0000607,V000304,2025-12-15 19:45:00,ECONOMY,AGENCIA,149,143,6,72.9,10862.1,217.24,1303.45,11948.31,USD
TK0000608,V000304,2025-12-06 19:45:00,BUSINESS,WEB,14,14,0,174.96,2449.44,48.99,293.93,2694.38,USD
TK0000609,V000305,2025-12-14 20:00:00,ECONOMY,WEB,175,169,6,74.25,12993.75,259.88,1559.25,14293.12,USD
TK0000610,V000305,2025-12-05 20:00:00,BUSINESS,APP,6,5,1,178.2,1069.2,21.38,128.3,1176.12,USD
TK0000611,V000306,2025-12-13 21:15:00,ECONOMY,APP,128,122,6,206.64,26449.92,529,3173.99,29094.91,USD
TK0000612,V000306,2025-12-04 21:15:00,BUSINESS,AGENCIA,10,8,2,495.94,4959.4,396.75,595.13,5157.78,USD
TK0000613,V000307,2025-12-12 04:30:00,ECONOMY,AGENCIA,127,127,0,359.1,45605.7,3648.46,5472.68,47429.92,USD
TK0000614,V000307,2026-01-17 04:30:00,BUSINESS,WEB,11,11,0,861.84,9480.24,189.6,1137.63,10428.27,USD
TK0000615,V000308,2025-12-11 05:45:00,ECONOMY,WEB,150,150,0,78.3,11745,234.9,1409.4,12919.5,USD
TK0000616,V000308,2026-01-16 05:45:00,BUSINESS,APP,13,12,1,187.92,2442.96,48.86,293.16,2687.26,USD
TK0000617,V000309,2025-12-11 06:00:00,ECONOMY,APP,110,110,0,217.71,23948.1,478.96,2873.77,26342.91,USD
TK0000618,V000309,2026-01-16 06:00:00,BUSINESS,AGENCIA,7,5,2,522.5,3657.5,73.15,438.9,4023.25,USD
TK0000619,V000310,2025-12-10 07:15:00,ECONOMY,AGENCIA,135,132,3,378,51030,1020.6,6123.6,56133,USD
TK0000620,V000310,2026-01-15 07:15:00,BUSINESS,WEB,8,8,0,907.2,7257.6,145.15,870.91,7983.36,USD
TK0000621,V000311,2025-12-09 08:30:00,ECONOMY,WEB,158,155,3,82.35,13011.3,260.23,1561.36,14312.43,USD
TK0000622,V000311,2026-01-14 08:30:00,BUSINESS,APP,12,11,1,197.64,2371.68,47.43,284.6,2608.85,USD
TK0000623,V000312,2025-12-08 09:45:00,ECONOMY,APP,118,115,3,228.78,26996.04,539.92,3239.52,29695.64,USD
TK0000624,V000312,2026-01-13 09:45:00,BUSINESS,AGENCIA,14,12,2,549.07,7686.98,614.96,922.44,7994.46,USD
TK0000625,V000313,2025-12-07 10:00:00,ECONOMY,AGENCIA,146,140,6,315,45990,3679.2,5518.8,47829.6,USD
TK0000626,V000313,2026-01-12 10:00:00,BUSINESS,WEB,5,5,0,756,3780,75.6,453.6,4158,USD
TK0000627,V000314,2025-12-06 11:15:00,ECONOMY,WEB,105,99,6,68.85,7229.25,144.59,867.51,7952.17,USD
TK0000628,V000314,2026-01-11 11:15:00,BUSINESS,APP,9,8,1,165.24,1487.16,29.74,178.46,1635.88,USD
TK0000629,V000315,2025-12-05 12:30:00,ECONOMY,APP,128,122,6,191.88,24560.64,491.21,2947.28,27016.71,USD
TK0000630,V000315,2026-01-10 12:30:00,BUSINESS,AGENCIA,13,11,2,460.51,5986.63,119.73,718.4,6585.3,USD
TK0000631,V000316,2026-01-18 13:45:00,ECONOMY,AGENCIA,145,145,0,333.9,48415.5,968.31,5809.86,53257.05,USD
TK0000632,V000316,2026-01-09 13:45:00,BUSINESS,WEB,12,12,0,801.36,9616.32,192.33,1153.96,10577.95,USD
TK0000633,V000317,2026-01-17 14:00:00,ECONOMY,WEB,104,104,0,72.9,7581.6,151.63,909.79,8339.76,USD
TK0000634,V000317,2026-01-08 14:00:00,BUSINESS,APP,6,5,1,174.96,1049.76,21,125.97,1154.73,USD
TK0000635,V000318,2026-01-16 15:15:00,ECONOMY,APP,127,127,0,74.25,9429.75,188.59,1131.57,10372.73,USD
TK0000636,V000318,2026-01-07 15:15:00,BUSINESS,AGENCIA,10,8,2,178.2,1782,142.56,213.84,1853.28,USD
TK0000637,V000319,2026-01-15 16:30:00,ECONOMY,AGENCIA,176,173,3,352.8,62092.8,4967.42,7451.14,64576.52,USD
TK0000638,V000319,2026-01-06 16:30:00,BUSINESS,WEB,11,11,0,846.72,9313.92,186.28,1117.67,10245.31,USD
TK0000639,V000320,2026-01-14 17:45:00,ECONOMY,WEB,129,126,3,76.95,9926.55,198.53,1191.19,10919.21,USD
TK0000640,V000320,2026-01-05 17:45:00,BUSINESS,APP,15,14,1,184.68,2770.2,55.4,332.42,3047.22,USD
TK0000641,V000321,2026-01-13 18:00:00,ECONOMY,APP,156,153,3,78.3,12214.8,244.3,1465.78,13436.28,USD
TK0000642,V000321,2026-01-04 18:00:00,BUSINESS,AGENCIA,7,5,2,187.92,1315.44,26.31,157.85,1446.98,USD
TK0000643,V000322,2026-01-12 19:15:00,ECONOMY,AGENCIA,186,180,6,217.71,40494.06,809.88,4859.29,44543.47,USD
TK0000644,V000322,2026-01-03 19:15:00,BUSINESS,WEB,8,8,0,522.5,4180,83.6,501.6,4598,USD
TK0000645,V000323,2026-01-12 20:30:00,ECONOMY,WEB,139,133,6,81,11259,225.18,1351.08,12384.9,USD
TK0000646,V000323,2026-01-03 20:30:00,BUSINESS,APP,12,11,1,194.4,2332.8,46.66,279.94,2566.08,USD
TK0000647,V000324,2026-01-11 21:45:00,ECONOMY,APP,165,159,6,82.35,13587.75,271.75,1630.53,14946.53,USD
TK0000648,V000324,2026-01-02 21:45:00,BUSINESS,AGENCIA,16,14,2,197.64,3162.24,252.98,379.47,3288.73,USD
TK0000649,V000325,2026-01-10 04:00:00,ECONOMY,AGENCIA,96,96,0,228.78,21962.88,1757.03,2635.55,22841.4,USD
TK0000650,V000325,2026-01-01 04:00:00,BUSINESS,WEB,5,5,0,549.07,2745.35,54.91,329.44,3019.88,USD
TK0000651,V000326,2026-01-09 05:15:00,ECONOMY,WEB,118,118,0,67.5,7965,159.3,955.8,8761.5,USD
TK0000652,V000326,2025-12-31 05:15:00,BUSINESS,APP,9,8,1,162,1458,29.16,174.96,1603.8,USD
TK0000653,V000327,2026-01-08 06:30:00,ECONOMY,APP,141,141,0,68.85,9707.85,194.16,1164.94,10678.63,USD
TK0000654,V000327,2025-12-30 06:30:00,BUSINESS,AGENCIA,13,11,2,165.24,2148.12,42.96,257.77,2362.93,USD
TK0000655,V000328,2026-01-07 07:45:00,ECONOMY,AGENCIA,104,101,3,191.88,19955.52,399.11,2394.66,21951.07,USD
TK0000656,V000328,2025-12-29 07:45:00,BUSINESS,WEB,12,12,0,460.51,5526.12,110.52,663.13,6078.73,USD
TK0000657,V000329,2026-01-06 08:00:00,ECONOMY,WEB,127,124,3,71.55,9086.85,181.74,1090.42,9995.53,USD
TK0000658,V000329,2025-12-28 08:00:00,BUSINESS,APP,6,5,1,171.72,1030.32,20.61,123.64,1133.35,USD
TK0000659,V000330,2026-01-05 09:15:00,ECONOMY,APP,149,146,3,72.9,10862.1,217.24,1303.45,11948.31,USD
TK0000660,V000330,2025-12-27 09:15:00,BUSINESS,AGENCIA,10,8,2,174.96,1749.6,139.97,209.95,1819.58,USD
TK0000661,V000331,2026-01-04 10:30:00,ECONOMY,AGENCIA,114,108,6,202.95,23136.3,1850.9,2776.36,24061.76,USD
TK0000662,V000331,2025-12-26 10:30:00,BUSINESS,WEB,11,11,0,487.08,5357.88,107.16,642.95,5893.67,USD
TK0000663,V000332,2026-01-03 11:45:00,ECONOMY,WEB,137,131,6,75.6,10357.2,207.14,1242.86,11392.92,USD
TK0000664,V000332,2025-12-25 11:45:00,BUSINESS,APP,13,12,1,181.44,2358.72,47.17,283.05,2594.6,USD
TK0000665,V000333,2026-01-02 12:00:00,ECONOMY,APP,160,154,6,76.95,12312,246.24,1477.44,13543.2,USD
TK0000666,V000333,2025-12-24 12:00:00,BUSINESS,AGENCIA,7,5,2,184.68,1292.76,25.86,155.13,1422.03,USD
TK0000667,V000334,2026-01-01 13:15:00,ECONOMY,AGENCIA,113,113,0,214.02,24184.26,483.69,2902.11,26602.68,USD
TK0000668,V000334,2025-12-23 13:15:00,BUSINESS,WEB,8,8,0,513.65,4109.2,82.18,493.1,4520.12,USD
TK0000669,V000335,2025-12-31 14:30:00,ECONOMY,WEB,136,136,0,371.7,50551.2,1011.02,6066.14,55606.32,USD
TK0000670,V000335,2025-12-22 14:30:00,BUSINESS,APP,12,11,1,892.08,10704.96,214.1,1284.6,11775.46,USD
TK0000671,V000336,2025-12-30 15:45:00,ECONOMY,APP,159,159,0,81,12879,257.58,1545.48,14166.9,USD
TK0000672,V000336,2025-12-21 15:45:00,BUSINESS,AGENCIA,14,12,2,194.4,2721.6,217.73,326.59,2830.46,USD
TK0000673,V000337,2025-12-30 16:00:00,ECONOMY,AGENCIA,140,137,3,225.09,31512.6,2521.01,3781.51,32773.1,USD
TK0000674,V000337,2025-12-21 16:00:00,BUSINESS,WEB,5,5,0,540.22,2701.1,54.02,324.13,2971.21,USD
TK0000675,V000338,2025-12-29 17:15:00,ECONOMY,WEB,166,163,3,390.6,64839.6,1296.79,7780.75,71323.56,USD
TK0000676,V000338,2025-12-20 17:15:00,BUSINESS,APP,9,8,1,937.44,8436.96,168.74,1012.44,9280.66,USD
TK0000677,V000339,2025-12-28 18:30:00,ECONOMY,APP,119,116,3,67.5,8032.5,160.65,963.9,8835.75,USD
TK0000678,V000339,2025-12-19 18:30:00,BUSINESS,AGENCIA,13,11,2,162,2106,42.12,252.72,2316.6,USD
TK0000679,V000340,2025-12-27 19:45:00,ECONOMY,AGENCIA,149,143,6,188.19,28040.31,560.81,3364.84,30844.34,USD
TK0000680,V000340,2025-12-18 19:45:00,BUSINESS,WEB,14,14,0,451.66,6323.24,126.46,758.79,6955.57,USD
TK0000681,V000341,2025-12-26 20:00:00,ECONOMY,WEB,175,169,6,327.6,57330,1146.6,6879.6,63063,USD
TK0000682,V000341,2025-12-17 20:00:00,BUSINESS,APP,6,5,1,786.24,4717.44,94.35,566.09,5189.18,USD
TK0000683,V000342,2025-12-25 21:15:00,ECONOMY,APP,128,122,6,71.55,9158.4,183.17,1099.01,10074.24,USD
TK0000684,V000342,2025-12-16 21:15:00,BUSINESS,AGENCIA,10,8,2,171.72,1717.2,137.38,206.06,1785.88,USD
TK0000685,V000343,2025-12-24 04:30:00,ECONOMY,AGENCIA,127,127,0,72.9,9258.3,740.66,1111,9628.64,USD
TK0000686,V000343,2025-12-15 04:30:00,BUSINESS,WEB,11,11,0,174.96,1924.56,38.49,230.95,2117.02,USD
TK0000687,V000344,2025-12-23 05:45:00,ECONOMY,WEB,150,150,0,346.5,51975,1039.5,6237,57172.5,USD
TK0000688,V000344,2025-12-14 05:45:00,BUSINESS,APP,13,12,1,831.6,10810.8,216.22,1297.3,11891.88,USD
TK0000689,V000345,2025-12-22 06:00:00,ECONOMY,APP,110,110,0,75.6,8316,166.32,997.92,9147.6,USD
TK0000690,V000345,2025-12-13 06:00:00,BUSINESS,AGENCIA,7,5,2,181.44,1270.08,25.4,152.41,1397.09,USD
TK0000691,V000346,2025-12-21 07:15:00,ECONOMY,AGENCIA,135,132,3,76.95,10388.25,207.77,1246.59,11427.07,USD
TK0000692,V000346,2025-12-12 07:15:00,BUSINESS,WEB,8,8,0,184.68,1477.44,29.55,177.29,1625.18,USD
TK0000693,V000347,2025-12-20 08:30:00,ECONOMY,WEB,158,155,3,214.02,33815.16,676.3,4057.82,37196.68,USD
TK0000694,V000347,2025-12-11 08:30:00,BUSINESS,APP,12,11,1,513.65,6163.8,123.28,739.66,6780.18,USD
TK0000695,V000348,2025-12-19 09:45:00,ECONOMY,APP,118,115,3,79.65,9398.7,187.97,1127.84,10338.57,USD
TK0000696,V000348,2025-12-10 09:45:00,BUSINESS,AGENCIA,14,12,2,191.16,2676.24,214.1,321.15,2783.29,USD
TK0000697,V000349,2025-12-18 10:00:00,ECONOMY,AGENCIA,146,140,6,81,11826,946.08,1419.12,12299.04,USD
TK0000698,V000349,2025-12-09 10:00:00,BUSINESS,WEB,5,5,0,194.4,972,19.44,116.64,1069.2,USD
TK0000699,V000350,2025-12-17 11:15:00,ECONOMY,WEB,105,99,6,225.09,23634.45,472.69,2836.13,25997.89,USD
TK0000700,V000350,2025-12-08 11:15:00,BUSINESS,APP,9,8,1,540.22,4861.98,97.24,583.44,5348.18,USD
TK0000701,V000351,2025-12-17 12:30:00,ECONOMY,APP,128,122,6,83.7,10713.6,214.27,1285.63,11784.96,USD
TK0000702,V000351,2025-12-08 12:30:00,BUSINESS,AGENCIA,13,11,2,200.88,2611.44,52.23,313.37,2872.58,USD
TK0000703,V000352,2025-12-16 13:45:00,ECONOMY,AGENCIA,145,145,0,67.5,9787.5,195.75,1174.5,10766.25,USD
TK0000704,V000352,2026-01-21 13:45:00,BUSINESS,WEB,12,12,0,162,1944,38.88,233.28,2138.4,USD
TK0000705,V000353,2025-12-15 14:00:00,ECONOMY,WEB,104,104,0,188.19,19571.76,391.44,2348.61,21528.93,USD
TK0000706,V000353,2026-01-20 14:00:00,BUSINESS,APP,6,5,1,451.66,2709.96,54.2,325.2,2980.96,USD
TK0000707,V000354,2025-12-14 15:15:00,ECONOMY,APP,127,127,0,70.2,8915.4,178.31,1069.85,9806.94,USD
TK0000708,V000354,2026-01-19 15:15:00,BUSINESS,AGENCIA,10,8,2,168.48,1684.8,134.78,202.18,1752.2,USD
TK0000709,V000355,2025-12-13 16:30:00,ECONOMY,AGENCIA,176,173,3,71.55,12592.8,1007.42,1511.14,13096.52,USD
TK0000710,V000355,2026-01-18 16:30:00,BUSINESS,WEB,11,11,0,171.72,1888.92,37.78,226.67,2077.81,USD
TK0000711,V000356,2025-12-12 17:45:00,ECONOMY,WEB,0,0,0,199.26,0,0,0,0,USD
TK0000712,V000356,2026-01-17 17:45:00,BUSINESS,APP,0,0,0,478.22,0,0,0,0,USD
TK0000713,V000357,2025-12-11 18:00:00,ECONOMY,APP,156,153,3,74.25,11583,231.66,1389.96,12741.3,USD
TK0000714,V000357,2026-01-16 18:00:00,BUSINESS,AGENCIA,7,5,2,178.2,1247.4,24.95,149.69,1372.14,USD
TK0000715,V000358,2025-12-10 19:15:00,ECONOMY,AGENCIA,186,180,6,75.6,14061.6,281.23,1687.39,15467.76,USD
TK0000716,V000358,2026-01-15 19:15:00,BUSINESS,WEB,8,8,0,181.44,1451.52,29.03,174.18,1596.67,USD
TK0000717,V000359,2025-12-09 20:30:00,ECONOMY,WEB,139,133,6,210.33,29235.87,584.72,3508.3,32159.45,USD
TK0000718,V000359,2026-01-14 20:30:00,BUSINESS,APP,12,11,1,504.79,6057.48,121.15,726.9,6663.23,USD
TK0000719,V000360,2025-12-08 21:45:00,ECONOMY,APP,165,159,6,365.4,60291,1205.82,7234.92,66320.1,USD
TK0000720,V000360,2026-01-13 21:45:00,BUSINESS,AGENCIA,16,14,2,876.96,14031.36,1122.51,1683.76,14592.61,USD
TK0000721,V000361,2026-01-21 04:00:00,ECONOMY,AGENCIA,96,96,0,79.65,7646.4,611.71,917.57,7952.26,USD
TK0000722,V000361,2026-01-12 04:00:00,BUSINESS,WEB,5,5,0,191.16,955.8,19.12,114.7,1051.38,USD
TK0000723,V000362,2026-01-20 05:15:00,ECONOMY,WEB,118,118,0,221.4,26125.2,522.5,3135.02,28737.72,USD
TK0000724,V000362,2026-01-11 05:15:00,BUSINESS,APP,9,8,1,531.36,4782.24,95.64,573.87,5260.47,USD
TK0000725,V000363,2026-01-19 06:30:00,ECONOMY,APP,141,141,0,384.3,54186.3,1083.73,6502.36,59604.93,USD
TK0000726,V000363,2026-01-10 06:30:00,BUSINESS,AGENCIA,13,11,2,922.32,11990.16,239.8,1438.82,13189.18,USD
TK0000727,V000364,2026-01-18 07:45:00,ECONOMY,AGENCIA,104,101,3,83.7,8704.8,174.1,1044.58,9575.28,USD
TK0000728,V000364,2026-01-09 07:45:00,BUSINESS,WEB,12,12,0,200.88,2410.56,48.21,289.27,2651.62,USD
TK0000729,V000365,2026-01-18 08:00:00,ECONOMY,WEB,127,124,3,184.5,23431.5,468.63,2811.78,25774.65,USD
TK0000730,V000365,2026-01-09 08:00:00,BUSINESS,APP,6,5,1,442.8,2656.8,53.14,318.82,2922.48,USD
TK0000731,V000366,2026-01-17 09:15:00,ECONOMY,APP,149,146,3,321.3,47873.7,957.47,5744.84,52661.07,USD
TK0000732,V000366,2026-01-08 09:15:00,BUSINESS,AGENCIA,10,8,2,771.12,7711.2,616.9,925.34,8019.64,USD
TK0000733,V000367,2026-01-16 10:30:00,ECONOMY,AGENCIA,114,108,6,70.2,8002.8,640.22,960.34,8322.92,USD
TK0000734,V000367,2026-01-07 10:30:00,BUSINESS,WEB,11,11,0,168.48,1853.28,37.07,222.39,2038.6,USD
TK0000735,V000368,2026-01-15 11:45:00,ECONOMY,WEB,137,131,6,71.55,9802.35,196.05,1176.28,10782.58,USD
TK0000736,V000368,2026-01-06 11:45:00,BUSINESS,APP,13,12,1,171.72,2232.36,44.65,267.88,2455.59,USD
TK0000737,V000369,2026-01-14 12:00:00,ECONOMY,APP,160,154,6,340.2,54432,1088.64,6531.84,59875.2,USD
TK0000738,V000369,2026-01-05 12:00:00,BUSINESS,AGENCIA,7,5,2,816.48,5715.36,114.31,685.84,6286.89,USD
TK0000739,V000370,2026-01-13 13:15:00,ECONOMY,AGENCIA,113,113,0,74.25,8390.25,167.81,1006.83,9229.27,USD
TK0000740,V000370,2026-01-04 13:15:00,BUSINESS,WEB,8,8,0,178.2,1425.6,28.51,171.07,1568.16,USD
TK0000741,V000371,2026-01-12 14:30:00,ECONOMY,WEB,136,136,0,75.6,10281.6,205.63,1233.79,11309.76,USD
TK0000742,V000371,2026-01-03 14:30:00,BUSINESS,APP,12,11,1,181.44,2177.28,43.55,261.27,2395,USD
TK0000743,V000372,2026-01-11 15:45:00,ECONOMY,APP,159,159,0,210.33,33442.47,668.85,4013.1,36786.72,USD
TK0000744,V000372,2026-01-02 15:45:00,BUSINESS,AGENCIA,14,12,2,504.79,7067.06,565.36,848.05,7349.75,USD
TK0000745,V000373,2026-01-10 16:00:00,ECONOMY,AGENCIA,140,137,3,78.3,10962,876.96,1315.44,11400.48,USD
TK0000746,V000373,2026-01-01 16:00:00,BUSINESS,WEB,5,5,0,187.92,939.6,18.79,112.75,1033.56,USD
TK0000747,V000374,2026-01-09 17:15:00,ECONOMY,WEB,166,163,3,79.65,13221.9,264.44,1586.63,14544.09,USD
TK0000748,V000374,2025-12-31 17:15:00,BUSINESS,APP,9,8,1,191.16,1720.44,34.41,206.45,1892.48,USD
TK0000749,V000375,2026-01-08 18:30:00,ECONOMY,APP,119,116,3,221.4,26346.6,526.93,3161.59,28981.26,USD
TK0000750,V000375,2025-12-30 18:30:00,BUSINESS,AGENCIA,13,11,2,531.36,6907.68,138.15,828.92,7598.45,USD
TK0000751,V000376,2026-01-07 19:45:00,ECONOMY,AGENCIA,149,143,6,82.35,12270.15,245.4,1472.42,13497.17,USD
TK0000752,V000376,2025-12-29 19:45:00,BUSINESS,WEB,14,14,0,197.64,2766.96,55.34,332.04,3043.66,USD
TK0000753,V000377,2026-01-06 20:00:00,ECONOMY,WEB,175,169,6,83.7,14647.5,292.95,1757.7,16112.25,USD
TK0000754,V000377,2025-12-28 20:00:00,BUSINESS,APP,6,5,1,200.88,1205.28,24.11,144.63,1325.8,USD
TK0000755,V000378,2026-01-05 21:15:00,ECONOMY,APP,128,122,6,184.5,23616,472.32,2833.92,25977.6,USD
TK0000756,V000378,2025-12-27 21:15:00,BUSINESS,AGENCIA,10,8,2,442.8,4428,354.24,531.36,4605.12,USD
TK0000757,V000379,2026-01-05 04:30:00,ECONOMY,AGENCIA,127,127,0,68.85,8743.95,699.52,1049.27,9093.7,USD
TK0000758,V000379,2025-12-27 04:30:00,BUSINESS,WEB,11,11,0,165.24,1817.64,36.35,218.12,1999.41,USD
TK0000759,V000380,2026-01-04 05:45:00,ECONOMY,WEB,150,150,0,70.2,10530,210.6,1263.6,11583,USD
TK0000760,V000380,2025-12-26 05:45:00,BUSINESS,APP,13,12,1,168.48,2190.24,43.8,262.83,2409.27,USD
TK0000761,V000381,2026-01-03 06:00:00,ECONOMY,APP,110,110,0,195.57,21512.7,430.25,2581.52,23663.97,USD
TK0000762,V000381,2025-12-25 06:00:00,BUSINESS,AGENCIA,7,5,2,469.37,3285.59,65.71,394.27,3614.15,USD
TK0000763,V000382,2026-01-02 07:15:00,ECONOMY,AGENCIA,135,132,3,72.9,9841.5,196.83,1180.98,10825.65,USD
TK0000764,V000382,2025-12-24 07:15:00,BUSINESS,WEB,8,8,0,174.96,1399.68,27.99,167.96,1539.65,USD
TK0000765,V000383,2026-01-01 08:30:00,ECONOMY,WEB,158,155,3,74.25,11731.5,234.63,1407.78,12904.65,USD
TK0000766,V000383,2025-12-23 08:30:00,BUSINESS,APP,12,11,1,178.2,2138.4,42.77,256.61,2352.24,USD
TK0000767,V000384,2025-12-31 09:45:00,ECONOMY,APP,118,115,3,206.64,24383.52,487.67,2926.02,26821.87,USD
TK0000768,V000384,2025-12-22 09:45:00,BUSINESS,AGENCIA,14,12,2,495.94,6943.16,555.45,833.18,7220.89,USD
TK0000769,V000385,2025-12-30 10:00:00,ECONOMY,AGENCIA,146,140,6,359.1,52428.6,4194.29,6291.43,54525.74,USD
TK0000770,V000385,2025-12-21 10:00:00,BUSINESS,WEB,5,5,0,861.84,4309.2,86.18,517.1,4740.12,USD
TK0000771,V000386,2025-12-29 11:15:00,ECONOMY,WEB,105,99,6,78.3,8221.5,164.43,986.58,9043.65,USD
TK0000772,V000386,2025-12-20 11:15:00,BUSINESS,APP,9,8,1,187.92,1691.28,33.83,202.95,1860.4,USD
TK0000773,V000387,2025-12-28 12:30:00,ECONOMY,APP,128,122,6,217.71,27866.88,557.34,3344.03,30653.57,USD
TK0000774,V000387,2025-12-19 12:30:00,BUSINESS,AGENCIA,13,11,2,522.5,6792.5,135.85,815.1,7471.75,USD
TK0000775,V000388,2025-12-27 13:45:00,ECONOMY,AGENCIA,145,145,0,378,54810,1096.2,6577.2,60291,USD
TK0000776,V000388,2025-12-18 13:45:00,BUSINESS,WEB,12,12,0,907.2,10886.4,217.73,1306.37,11975.04,USD
TK0000777,V000389,2025-12-26 14:00:00,ECONOMY,WEB,104,104,0,82.35,8564.4,171.29,1027.73,9420.84,USD
TK0000778,V000389,2025-12-17 14:00:00,BUSINESS,APP,6,5,1,197.64,1185.84,23.72,142.3,1304.42,USD
TK0000779,V000390,2025-12-25 15:15:00,ECONOMY,APP,127,127,0,228.78,29055.06,581.1,3486.61,31960.57,USD
TK0000780,V000390,2025-12-16 15:15:00,BUSINESS,AGENCIA,10,8,2,549.07,5490.7,439.26,658.88,5710.32,USD
TK0000781,V000391,2025-12-24 16:30:00,ECONOMY,AGENCIA,176,173,3,315,55440,4435.2,6652.8,57657.6,USD
TK0000782,V000391,2025-12-15 16:30:00,BUSINESS,WEB,11,11,0,756,8316,166.32,997.92,9147.6,USD
TK0000783,V000392,2025-12-23 17:45:00,ECONOMY,WEB,129,126,3,68.85,8881.65,177.63,1065.8,9769.82,USD
TK0000784,V000392,2025-12-14 17:45:00,BUSINESS,APP,15,14,1,165.24,2478.6,49.57,297.43,2726.46,USD
TK0000785,V000393,2025-12-23 18:00:00,ECONOMY,APP,156,153,3,70.2,10951.2,219.02,1314.14,12046.32,USD
TK0000786,V000393,2025-12-14 18:00:00,BUSINESS,AGENCIA,7,5,2,168.48,1179.36,23.59,141.52,1297.29,USD
TK0000787,V000394,2025-12-22 19:15:00,ECONOMY,AGENCIA,186,180,6,333.9,62105.4,1242.11,7452.65,68315.94,USD
TK0000788,V000394,2025-12-13 19:15:00,BUSINESS,WEB,8,8,0,801.36,6410.88,128.22,769.31,7051.97,USD
TK0000789,V000395,2025-12-21 20:30:00,ECONOMY,WEB,139,133,6,72.9,10133.1,202.66,1215.97,11146.41,USD
TK0000790,V000395,2025-12-12 20:30:00,BUSINESS,APP,12,11,1,174.96,2099.52,41.99,251.94,2309.47,USD
TK0000791,V000396,2025-12-20 21:45:00,ECONOMY,APP,165,159,6,74.25,12251.25,245.03,1470.15,13476.37,USD
TK0000792,V000396,2025-12-11 21:45:00,BUSINESS,AGENCIA,16,14,2,178.2,2851.2,228.1,342.14,2965.24,USD
TK0000793,V000397,2025-12-19 04:00:00,ECONOMY,AGENCIA,96,96,0,352.8,33868.8,2709.5,4064.26,35223.56,USD
TK0000794,V000397,2026-01-24 04:00:00,BUSINESS,WEB,5,5,0,846.72,4233.6,84.67,508.03,4656.96,USD
TK0000795,V000398,2025-12-18 05:15:00,ECONOMY,WEB,118,118,0,76.95,9080.1,181.6,1089.61,9988.11,USD
TK0000796,V000398,2026-01-23 05:15:00,BUSINESS,APP,9,8,1,184.68,1662.12,33.24,199.45,1828.33,USD
TK0000797,V000399,2025-12-17 06:30:00,ECONOMY,APP,141,141,0,78.3,11040.3,220.81,1324.84,12144.33,USD
TK0000798,V000399,2026-01-22 06:30:00,BUSINESS,AGENCIA,13,11,2,187.92,2442.96,48.86,293.16,2687.26,USD
TK0000799,V000400,2025-12-16 07:45:00,ECONOMY,AGENCIA,104,101,3,217.71,22641.84,452.84,2717.02,24906.02,USD
TK0000800,V000400,2026-01-21 07:45:00,BUSINESS,WEB,12,12,0,522.5,6270,125.4,752.4,6897,USD
TK0000801,V000401,2025-12-15 08:00:00,ECONOMY,WEB,127,124,3,81,10287,205.74,1234.44,11315.7,USD
TK0000802,V000401,2026-01-20 08:00:00,BUSINESS,APP,6,5,1,194.4,1166.4,23.33,139.97,1283.04,USD
TK0000803,V000402,2025-12-14 09:15:00,ECONOMY,APP,149,146,3,82.35,12270.15,245.4,1472.42,13497.17,USD
TK0000804,V000402,2026-01-19 09:15:00,BUSINESS,AGENCIA,10,8,2,197.64,1976.4,158.11,237.17,2055.46,USD
TK0000805,V000403,2025-12-13 10:30:00,ECONOMY,AGENCIA,114,108,6,228.78,26080.92,2086.47,3129.71,27124.16,USD
TK0000806,V000403,2026-01-18 10:30:00,BUSINESS,WEB,11,11,0,549.07,6039.77,120.8,724.77,6643.74,USD
TK0000807,V000404,2025-12-12 11:45:00,ECONOMY,WEB,137,131,6,67.5,9247.5,184.95,1109.7,10172.25,USD
TK0000808,V000404,2026-01-17 11:45:00,BUSINESS,APP,13,12,1,162,2106,42.12,252.72,2316.6,USD
TK0000809,V000405,2025-12-11 12:00:00,ECONOMY,APP,160,154,6,68.85,11016,220.32,1321.92,12117.6,USD
TK0000810,V000405,2026-01-16 12:00:00,BUSINESS,AGENCIA,7,5,2,165.24,1156.68,23.13,138.8,1272.35,USD
TK0000811,V000406,2026-01-24 13:15:00,ECONOMY,AGENCIA,113,113,0,191.88,21682.44,433.65,2601.89,23850.68,USD
TK0000812,V000406,2026-01-15 13:15:00,BUSINESS,WEB,8,8,0,460.51,3684.08,73.68,442.09,4052.49,USD
TK0000813,V000407,2026-01-24 14:30:00,ECONOMY,WEB,136,136,0,71.55,9730.8,194.62,1167.7,10703.88,USD
TK0000814,V000407,2026-01-15 14:30:00,BUSINESS,APP,12,11,1,171.72,2060.64,41.21,247.28,2266.71,USD
TK0000815,V000408,2026-01-23 15:45:00,ECONOMY,APP,159,159,0,72.9,11591.1,231.82,1390.93,12750.21,USD
TK0000816,V000408,2026-01-14 15:45:00,BUSINESS,AGENCIA,14,12,2,174.96,2449.44,195.96,293.93,2547.41,USD
TK0000817,V000409,2026-01-22 16:00:00,ECONOMY,AGENCIA,140,137,3,202.95,28413,2273.04,3409.56,29549.52,USD
TK0000818,V000409,2026-01-13 16:00:00,BUSINESS,WEB,5,5,0,487.08,2435.4,48.71,292.25,2678.94,USD
TK0000819,V000410,2026-01-21 17:15:00,ECONOMY,WEB,166,163,3,352.8,58564.8,1171.3,7027.78,64421.28,USD
TK0000820,V000410,2026-01-12 17:15:00,BUSINESS,APP,9,8,1,846.72,7620.48,152.41,914.46,8382.53,USD
TK0000821,V000411,2026-01-20 18:30:00,ECONOMY,APP,119,116,3,76.95,9157.05,183.14,1098.85,10072.76,USD
TK0000822,V000411,2026-01-11 18:30:00,BUSINESS,AGENCIA,13,11,2,184.68,2400.84,48.02,288.1,2640.92,USD
TK0000823,V000412,2026-01-19 19:45:00,ECONOMY,AGENCIA,149,143,6,214.02,31888.98,637.78,3826.68,35077.88,USD
TK0000824,V000412,2026-01-10 19:45:00,BUSINESS,WEB,14,14,0,513.65,7191.1,143.82,862.93,7910.21,USD
TK0000825,V000413,2026-01-18 20:00:00,ECONOMY,WEB,175,169,6,371.7,65047.5,1300.95,7805.7,71552.25,USD
TK0000826,V000413,2026-01-09 20:00:00,BUSINESS,APP,6,5,1,892.08,5352.48,107.05,642.3,5887.73,USD
TK0000827,V000414,2026-01-17 21:15:00,ECONOMY,APP,128,122,6,81,10368,207.36,1244.16,11404.8,USD
TK0000828,V000414,2026-01-08 21:15:00,BUSINESS,AGENCIA,10,8,2,194.4,1944,155.52,233.28,2021.76,USD
TK0000829,V000415,2026-01-16 04:30:00,ECONOMY,AGENCIA,127,127,0,225.09,28586.43,2286.91,3430.37,29729.89,USD
TK0000830,V000415,2026-01-07 04:30:00,BUSINESS,WEB,11,11,0,540.22,5942.42,118.85,713.09,6536.66,USD
TK0000831,V000416,2026-01-15 05:45:00,ECONOMY,WEB,150,150,0,390.6,58590,1171.8,7030.8,64449,USD
TK0000832,V000416,2026-01-06 05:45:00,BUSINESS,APP,13,12,1,937.44,12186.72,243.73,1462.41,13405.4,USD
TK0000833,V000417,2026-01-14 06:00:00,ECONOMY,APP,110,110,0,67.5,7425,148.5,891,8167.5,USD
TK0000834,V000417,2026-01-05 06:00:00,BUSINESS,AGENCIA,7,5,2,162,1134,22.68,136.08,1247.4,USD
TK0000835,V000418,2026-01-13 07:15:00,ECONOMY,AGENCIA,135,132,3,68.85,9294.75,185.9,1115.37,10224.22,USD
TK0000836,V000418,2026-01-04 07:15:00,BUSINESS,WEB,8,8,0,165.24,1321.92,26.44,158.63,1454.11,USD
TK0000837,V000419,2026-01-12 08:30:00,ECONOMY,WEB,158,155,3,327.6,51760.8,1035.22,6211.3,56936.88,USD
TK0000838,V000419,2026-01-03 08:30:00,BUSINESS,APP,12,11,1,786.24,9434.88,188.7,1132.19,10378.37,USD
TK0000839,V000420,2026-01-11 09:45:00,ECONOMY,APP,118,115,3,71.55,8442.9,168.86,1013.15,9287.19,USD
TK0000840,V000420,2026-01-02 09:45:00,BUSINESS,AGENCIA,14,12,2,171.72,2404.08,192.33,288.49,2500.24,USD
TK0000841,V000421,2026-01-11 10:00:00,ECONOMY,AGENCIA,146,140,6,72.9,10643.4,851.47,1277.21,11069.14,USD
TK0000842,V000421,2026-01-02 10:00:00,BUSINESS,WEB,5,5,0,174.96,874.8,17.5,104.98,962.28,USD
TK0000843,V000422,2026-01-10 11:15:00,ECONOMY,WEB,105,99,6,346.5,36382.5,727.65,4365.9,40020.75,USD
TK0000844,V000422,2026-01-01 11:15:00,BUSINESS,APP,9,8,1,831.6,7484.4,149.69,898.13,8232.84,USD
TK0000845,V000423,2026-01-09 12:30:00,ECONOMY,APP,128,122,6,75.6,9676.8,193.54,1161.22,10644.48,USD
TK0000846,V000423,2025-12-31 12:30:00,BUSINESS,AGENCIA,13,11,2,181.44,2358.72,47.17,283.05,2594.6,USD
TK0000847,V000424,2026-01-08 13:45:00,ECONOMY,AGENCIA,145,145,0,76.95,11157.75,223.16,1338.93,12273.52,USD
TK0000848,V000424,2025-12-30 13:45:00,BUSINESS,WEB,12,12,0,184.68,2216.16,44.32,265.94,2437.78,USD
TK0000849,V000425,2026-01-07 14:00:00,ECONOMY,WEB,104,104,0,214.02,22258.08,445.16,2670.97,24483.89,USD
TK0000850,V000425,2025-12-29 14:00:00,BUSINESS,APP,6,5,1,513.65,3081.9,61.64,369.83,3390.09,USD
TK0000851,V000426,2026-01-06 15:15:00,ECONOMY,APP,127,127,0,79.65,10115.55,202.31,1213.87,11127.11,USD
TK0000852,V000426,2025-12-28 15:15:00,BUSINESS,AGENCIA,10,8,2,191.16,1911.6,152.93,229.39,1988.06,USD
TK0000853,V000427,2026-01-05 16:30:00,ECONOMY,AGENCIA,0,0,0,81,0,0,0,0,USD
TK0000854,V000427,2025-12-27 16:30:00,BUSINESS,WEB,0,0,0,194.4,0,0,0,0,USD
TK0000855,V000428,2026-01-04 17:45:00,ECONOMY,WEB,129,126,3,225.09,29036.61,580.73,3484.39,31940.27,USD
TK0000856,V000428,2025-12-26 17:45:00,BUSINESS,APP,15,14,1,540.22,8103.3,162.07,972.4,8913.63,USD
TK0000857,V000429,2026-01-03 18:00:00,ECONOMY,APP,156,153,3,83.7,13057.2,261.14,1566.86,14362.92,USD
TK0000858,V000429,2025-12-25 18:00:00,BUSINESS,AGENCIA,7,5,2,200.88,1406.16,28.12,168.74,1546.78,USD
TK0000859,V000430,2026-01-02 19:15:00,ECONOMY,AGENCIA,186,180,6,67.5,12555,251.1,1506.6,13810.5,USD
TK0000860,V000430,2025-12-24 19:15:00,BUSINESS,WEB,8,8,0,162,1296,25.92,155.52,1425.6,USD
TK0000861,V000431,2026-01-01 20:30:00,ECONOMY,WEB,139,133,6,188.19,26158.41,523.17,3139.01,28774.25,USD
TK0000862,V000431,2025-12-23 20:30:00,BUSINESS,APP,12,11,1,451.66,5419.92,108.4,650.39,5961.91,USD
TK0000863,V000432,2025-12-31 21:45:00,ECONOMY,APP,165,159,6,70.2,11583,231.66,1389.96,12741.3,USD
TK0000864,V000432,2025-12-22 21:45:00,BUSINESS,AGENCIA,16,14,2,168.48,2695.68,215.65,323.48,2803.51,USD
TK0000865,V000433,2025-12-30 04:00:00,ECONOMY,AGENCIA,96,96,0,71.55,6868.8,549.5,824.26,7143.56,USD
TK0000866,V000433,2025-12-21 04:00:00,BUSINESS,WEB,5,5,0,171.72,858.6,17.17,103.03,944.46,USD
TK0000867,V000434,2025-12-29 05:15:00,ECONOMY,WEB,118,118,0,199.26,23512.68,470.25,2821.52,25863.95,USD
TK0000868,V000434,2025-12-20 05:15:00,BUSINESS,APP,9,8,1,478.22,4303.98,86.08,516.48,4734.38,USD
TK0000869,V000435,2025-12-29 06:30:00,ECONOMY,APP,141,141,0,346.5,48856.5,977.13,5862.78,53742.15,USD
TK0000870,V000435,2025-12-20 06:30:00,BUSINESS,AGENCIA,13,11,2,831.6,10810.8,216.22,1297.3,11891.88,USD
TK0000871,V000436,2025-12-28 07:45:00,ECONOMY,AGENCIA,104,101,3,75.6,7862.4,157.25,943.49,8648.64,USD
TK0000872,V000436,2025-12-19 07:45:00,BUSINESS,WEB,12,12,0,181.44,2177.28,43.55,261.27,2395,USD
TK0000873,V000437,2025-12-27 08:00:00,ECONOMY,WEB,127,124,3,210.33,26711.91,534.24,3205.43,29383.1,USD
TK0000874,V000437,2025-12-18 08:00:00,BUSINESS,APP,6,5,1,504.79,3028.74,60.57,363.45,3331.62,USD
TK0000875,V000438,2025-12-26 09:15:00,ECONOMY,APP,149,146,3,365.4,54444.6,1088.89,6533.35,59889.06,USD
TK0000876,V000438,2025-12-17 09:15:00,BUSINESS,AGENCIA,10,8,2,876.96,8769.6,701.57,1052.35,9120.38,USD
TK0000877,V000439,2025-12-25 10:30:00,ECONOMY,AGENCIA,114,108,6,79.65,9080.1,726.41,1089.61,9443.3,USD
TK0000878,V000439,2025-12-16 10:30:00,BUSINESS,WEB,11,11,0,191.16,2102.76,42.06,252.33,2313.03,USD
TK0000879,V000440,2025-12-24 11:45:00,ECONOMY,WEB,137,131,6,221.4,30331.8,606.64,3639.82,33364.98,USD
TK0000880,V000440,2025-12-15 11:45:00,BUSINESS,APP,13,12,1,531.36,6907.68,138.15,828.92,7598.45,USD
TK0000881,V000441,2025-12-23 12:00:00,ECONOMY,APP,160,154,6,384.3,61488,1229.76,7378.56,67636.8,USD
TK0000882,V000441,2025-12-14 12:00:00,BUSINESS,AGENCIA,7,5,2,922.32,6456.24,129.12,774.75,7101.87,USD
TK0000883,V000442,2025-12-22 13:15:00,ECONOMY,AGENCIA,113,113,0,83.7,9458.1,189.16,1134.97,10403.91,USD
TK0000884,V000442,2026-01-27 13:15:00,BUSINESS,WEB,8,8,0,200.88,1607.04,32.14,192.84,1767.74,USD
TK0000885,V000443,2025-12-21 14:30:00,ECONOMY,WEB,136,136,0,184.5,25092,501.84,3011.04,27601.2,USD
TK0000886,V000443,2026-01-26 14:30:00,BUSINESS,APP,12,11,1,442.8,5313.6,106.27,637.63,5844.96,USD
TK0000887,V000444,2025-12-20 15:45:00,ECONOMY,APP,159,159,0,321.3,51086.7,1021.73,6130.4,56195.37,USD
TK0000888,V000444,2026-01-25 15:45:00,BUSINESS,AGENCIA,14,12,2,771.12,10795.68,863.65,1295.48,11227.51,USD
TK0000889,V000445,2025-12-19 16:00:00,ECONOMY,AGENCIA,140,137,3,70.2,9828,786.24,1179.36,10221.12,USD
TK0000890,V000445,2026-01-24 16:00:00,BUSINESS,WEB,5,5,0,168.48,842.4,16.85,101.09,926.64,USD
TK0000891,V000446,2025-12-18 17:15:00,ECONOMY,WEB,166,163,3,71.55,11877.3,237.55,1425.28,13065.03,USD
TK0000892,V000446,2026-01-23 17:15:00,BUSINESS,APP,9,8,1,171.72,1545.48,30.91,185.46,1700.03,USD
TK0000893,V000447,2025-12-17 18:30:00,ECONOMY,APP,119,116,3,340.2,40483.8,809.68,4858.06,44532.18,USD
TK0000894,V000447,2026-01-22 18:30:00,BUSINESS,AGENCIA,13,11,2,816.48,10614.24,212.28,1273.71,11675.67,USD
TK0000895,V000448,2025-12-16 19:45:00,ECONOMY,AGENCIA,149,143,6,74.25,11063.25,221.27,1327.59,12169.57,USD
TK0000896,V000448,2026-01-21 19:45:00,BUSINESS,WEB,14,14,0,178.2,2494.8,49.9,299.38,2744.28,USD
TK0000897,V000449,2025-12-16 20:00:00,ECONOMY,WEB,175,169,6,75.6,13230,264.6,1587.6,14553,USD
TK0000898,V000449,2026-01-21 20:00:00,BUSINESS,APP,6,5,1,181.44,1088.64,21.77,130.64,1197.51,USD
TK0000899,V000450,2025-12-15 21:15:00,ECONOMY,APP,128,122,6,210.33,26922.24,538.44,3230.67,29614.47,USD
TK0000900,V000450,2026-01-20 21:15:00,BUSINESS,AGENCIA,10,8,2,504.79,5047.9,403.83,605.75,5249.82,USD
TK0000901,V000451,2026-01-28 04:30:00,ECONOMY,AGENCIA,127,127,0,78.3,9944.1,795.53,1193.29,10341.86,USD
TK0000902,V000451,2026-01-19 04:30:00,BUSINESS,WEB,11,11,0,187.92,2067.12,41.34,248.05,2273.83,USD
TK0000903,V000452,2026-01-27 05:45:00,ECONOMY,WEB,150,150,0,79.65,11947.5,238.95,1433.7,13142.25,USD
TK0000904,V000452,2026-01-18 05:45:00,BUSINESS,APP,13,12,1,191.16,2485.08,49.7,298.21,2733.59,USD
TK0000905,V000453,2026-01-26 06:00:00,ECONOMY,APP,110,110,0,221.4,24354,487.08,2922.48,26789.4,USD
TK0000906,V000453,2026-01-17 06:00:00,BUSINESS,AGENCIA,7,5,2,531.36,3719.52,74.39,446.34,4091.47,USD
TK0000907,V000454,2026-01-25 07:15:00,ECONOMY,AGENCIA,135,132,3,82.35,11117.25,222.34,1334.07,12228.98,USD
TK0000908,V000454,2026-01-16 07:15:00,BUSINESS,WEB,8,8,0,197.64,1581.12,31.62,189.73,1739.23,USD
TK0000909,V000455,2026-01-24 08:30:00,ECONOMY,WEB,158,155,3,83.7,13224.6,264.49,1586.95,14547.06,USD
TK0000910,V000455,2026-01-15 08:30:00,BUSINESS,APP,12,11,1,200.88,2410.56,48.21,289.27,2651.62,USD
TK0000911,V000456,2026-01-23 09:45:00,ECONOMY,APP,118,115,3,184.5,21771,435.42,2612.52,23948.1,USD
TK0000912,V000456,2026-01-14 09:45:00,BUSINESS,AGENCIA,14,12,2,442.8,6199.2,495.94,743.9,6447.16,USD
TK0000913,V000457,2026-01-22 10:00:00,ECONOMY,AGENCIA,146,140,6,68.85,10052.1,804.17,1206.25,10454.18,USD
TK0000914,V000457,2026-01-13 10:00:00,BUSINESS,WEB,5,5,0,165.24,826.2,16.52,99.14,908.82,USD
TK0000915,V000458,2026-01-21 11:15:00,ECONOMY,WEB,105,99,6,70.2,7371,147.42,884.52,8108.1,USD
TK0000916,V000458,2026-01-12 11:15:00,BUSINESS,APP,9,8,1,168.48,1516.32,30.33,181.96,1667.95,USD
TK0000917,V000459,2026-01-20 12:30:00,ECONOMY,APP,128,122,6,195.57,25032.96,500.66,3003.96,27536.26,USD
TK0000918,V000459,2026-01-11 12:30:00,BUSINESS,AGENCIA,13,11,2,469.37,6101.81,122.04,732.22,6711.99,USD
TK0000919,V000460,2026-01-19 13:45:00,ECONOMY,AGENCIA,145,145,0,340.2,49329,986.58,5919.48,54261.9,USD
TK0000920,V000460,2026-01-10 13:45:00,BUSINESS,WEB,12,12,0,816.48,9797.76,195.96,1175.73,10777.53,USD
TK0000921,V000461,2026-01-18 14:00:00,ECONOMY,WEB,104,104,0,74.25,7722,154.44,926.64,8494.2,USD
TK0000922,V000461,2026-01-09 14:00:00,BUSINESS,APP,6,5,1,178.2,1069.2,21.38,128.3,1176.12,USD
TK0000923,V000462,2026-01-17 15:15:00,ECONOMY,APP,127,127,0,206.64,26243.28,524.87,3149.19,28867.6,USD
TK0000924,V000462,2026-01-08 15:15:00,BUSINESS,AGENCIA,10,8,2,495.94,4959.4,396.75,595.13,5157.78,USD
TK0000925,V000463,2026-01-17 16:30:00,ECONOMY,AGENCIA,176,173,3,359.1,63201.6,5056.13,7584.19,65729.66,USD
TK0000926,V000463,2026-01-08 16:30:00,BUSINESS,WEB,11,11,0,861.84,9480.24,189.6,1137.63,10428.27,USD
TK0000927,V000464,2026-01-16 17:45:00,ECONOMY,WEB,129,126,3,78.3,10100.7,202.01,1212.08,11110.77,USD
TK0000928,V000464,2026-01-07 17:45:00,BUSINESS,APP,15,14,1,187.92,2818.8,56.38,338.26,3100.68,USD
TK0000929,V000465,2026-01-15 18:00:00,ECONOMY,APP,156,153,3,217.71,33962.76,679.26,4075.53,37359.03,USD
TK0000930,V000465,2026-01-06 18:00:00,BUSINESS,AGENCIA,7,5,2,522.5,3657.5,73.15,438.9,4023.25,USD
TK0000931,V000466,2026-01-14 19:15:00,ECONOMY,AGENCIA,186,180,6,378,70308,1406.16,8436.96,77338.8,USD
TK0000932,V000466,2026-01-05 19:15:00,BUSINESS,WEB,8,8,0,907.2,7257.6,145.15,870.91,7983.36,USD
TK0000933,V000467,2026-01-13 20:30:00,ECONOMY,WEB,139,133,6,82.35,11446.65,228.93,1373.6,12591.32,USD
TK0000934,V000467,2026-01-04 20:30:00,BUSINESS,APP,12,11,1,197.64,2371.68,47.43,284.6,2608.85,USD
TK0000935,V000468,2026-01-12 21:45:00,ECONOMY,APP,165,159,6,228.78,37748.7,754.97,4529.84,41523.57,USD
TK0000936,V000468,2026-01-03 21:45:00,BUSINESS,AGENCIA,16,14,2,549.07,8785.12,702.81,1054.21,9136.52,USD
TK0000937,V000469,2026-01-11 04:00:00,ECONOMY,AGENCIA,96,96,0,315,30240,2419.2,3628.8,31449.6,USD
TK0000938,V000469,2026-01-02 04:00:00,BUSINESS,WEB,5,5,0,756,3780,75.6,453.6,4158,USD
TK0000939,V000470,2026-01-10 05:15:00,ECONOMY,WEB,118,118,0,68.85,8124.3,162.49,974.92,8936.73,USD
TK0000940,V000470,2026-01-01 05:15:00,BUSINESS,APP,9,8,1,165.24,1487.16,29.74,178.46,1635.88,USD
TK0000941,V000471,2026-01-09 06:30:00,ECONOMY,APP,141,141,0,70.2,9898.2,197.96,1187.78,10888.02,USD
TK0000942,V000471,2025-12-31 06:30:00,BUSINESS,AGENCIA,13,11,2,168.48,2190.24,43.8,262.83,2409.27,USD
TK0000943,V000472,2026-01-08 07:45:00,ECONOMY,AGENCIA,104,101,3,333.9,34725.6,694.51,4167.07,38198.16,USD
TK0000944,V000472,2025-12-30 07:45:00,BUSINESS,WEB,12,12,0,801.36,9616.32,192.33,1153.96,10577.95,USD
TK0000945,V000473,2026-01-07 08:00:00,ECONOMY,WEB,127,124,3,72.9,9258.3,185.17,1111,10184.13,USD
TK0000946,V000473,2025-12-29 08:00:00,BUSINESS,APP,6,5,1,174.96,1049.76,21,125.97,1154.73,USD
TK0000947,V000474,2026-01-06 09:15:00,ECONOMY,APP,149,146,3,74.25,11063.25,221.27,1327.59,12169.57,USD
TK0000948,V000474,2025-12-28 09:15:00,BUSINESS,AGENCIA,10,8,2,178.2,1782,142.56,213.84,1853.28,USD
TK0000949,V000475,2026-01-05 10:30:00,ECONOMY,AGENCIA,114,108,6,206.64,23556.96,1884.56,2826.84,24499.24,USD
TK0000950,V000475,2025-12-27 10:30:00,BUSINESS,WEB,11,11,0,495.94,5455.34,109.11,654.64,6000.87,USD
TK0000951,V000476,2026-01-04 11:45:00,ECONOMY,WEB,137,131,6,76.95,10542.15,210.84,1265.06,11596.37,USD
TK0000952,V000476,2025-12-26 11:45:00,BUSINESS,APP,13,12,1,184.68,2400.84,48.02,288.1,2640.92,USD
TK0000953,V000477,2026-01-04 12:00:00,ECONOMY,APP,160,154,6,78.3,12528,250.56,1503.36,13780.8,USD
TK0000954,V000477,2025-12-26 12:00:00,BUSINESS,AGENCIA,7,5,2,187.92,1315.44,26.31,157.85,1446.98,USD
TK0000955,V000478,2026-01-03 13:15:00,ECONOMY,AGENCIA,113,113,0,217.71,24601.23,492.02,2952.15,27061.36,USD
TK0000956,V000478,2025-12-25 13:15:00,BUSINESS,WEB,8,8,0,522.5,4180,83.6,501.6,4598,USD
TK0000957,V000479,2026-01-02 14:30:00,ECONOMY,WEB,136,136,0,81,11016,220.32,1321.92,12117.6,USD
TK0000958,V000479,2025-12-24 14:30:00,BUSINESS,APP,12,11,1,194.4,2332.8,46.66,279.94,2566.08,USD
TK0000959,V000480,2026-01-01 15:45:00,ECONOMY,APP,159,159,0,82.35,13093.65,261.87,1571.24,14403.02,USD
TK0000960,V000480,2025-12-23 15:45:00,BUSINESS,AGENCIA,14,12,2,197.64,2766.96,221.36,332.04,2877.64,USD
TK0000961,V000481,2025-12-31 16:00:00,ECONOMY,AGENCIA,140,137,3,228.78,32029.2,2562.34,3843.5,33310.36,USD
TK0000962,V000481,2025-12-22 16:00:00,BUSINESS,WEB,5,5,0,549.07,2745.35,54.91,329.44,3019.88,USD
TK0000963,V000482,2025-12-30 17:15:00,ECONOMY,WEB,166,163,3,67.5,11205,224.1,1344.6,12325.5,USD
TK0000964,V000482,2025-12-21 17:15:00,BUSINESS,APP,9,8,1,162,1458,29.16,174.96,1603.8,USD
TK0000965,V000483,2025-12-29 18:30:00,ECONOMY,APP,119,116,3,68.85,8193.15,163.86,983.18,9012.47,USD
TK0000966,V000483,2025-12-20 18:30:00,BUSINESS,AGENCIA,13,11,2,165.24,2148.12,42.96,257.77,2362.93,USD
TK0000967,V000484,2025-12-28 19:45:00,ECONOMY,AGENCIA,149,143,6,191.88,28590.12,571.8,3430.81,31449.13,USD
TK0000968,V000484,2025-12-19 19:45:00,BUSINESS,WEB,14,14,0,460.51,6447.14,128.94,773.66,7091.86,USD
TK0000969,V000485,2025-12-27 20:00:00,ECONOMY,WEB,175,169,6,71.55,12521.25,250.43,1502.55,13773.37,USD
TK0000970,V000485,2025-12-18 20:00:00,BUSINESS,APP,6,5,1,171.72,1030.32,20.61,123.64,1133.35,USD
TK0000971,V000486,2025-12-26 21:15:00,ECONOMY,APP,128,122,6,72.9,9331.2,186.62,1119.74,10264.32,USD
TK0000972,V000486,2025-12-17 21:15:00,BUSINESS,AGENCIA,10,8,2,174.96,1749.6,139.97,209.95,1819.58,USD
TK0000973,V000487,2025-12-25 04:30:00,ECONOMY,AGENCIA,127,127,0,202.95,25774.65,2061.97,3092.96,26805.64,USD
TK0000974,V000487,2026-01-30 04:30:00,BUSINESS,WEB,11,11,0,487.08,5357.88,107.16,642.95,5893.67,USD
TK0000975,V000488,2025-12-24 05:45:00,ECONOMY,WEB,150,150,0,352.8,52920,1058.4,6350.4,58212,USD
TK0000976,V000488,2026-01-29 05:45:00,BUSINESS,APP,13,12,1,846.72,11007.36,220.15,1320.88,12108.09,USD
TK0000977,V000489,2025-12-23 06:00:00,ECONOMY,APP,110,110,0,76.95,8464.5,169.29,1015.74,9310.95,USD
TK0000978,V000489,2026-01-28 06:00:00,BUSINESS,AGENCIA,7,5,2,184.68,1292.76,25.86,155.13,1422.03,USD
TK0000979,V000490,2025-12-22 07:15:00,ECONOMY,AGENCIA,135,132,3,214.02,28892.7,577.85,3467.12,31781.97,USD
TK0000980,V000490,2026-01-27 07:15:00,BUSINESS,WEB,8,8,0,513.65,4109.2,82.18,493.1,4520.12,USD
TK0000981,V000491,2025-12-22 08:30:00,ECONOMY,WEB,158,155,3,371.7,58728.6,1174.57,7047.43,64601.46,USD
TK0000982,V000491,2026-01-27 08:30:00,BUSINESS,APP,12,11,1,892.08,10704.96,214.1,1284.6,11775.46,USD
TK0000983,V000492,2025-12-21 09:45:00,ECONOMY,APP,118,115,3,81,9558,191.16,1146.96,10513.8,USD
TK0000984,V000492,2026-01-26 09:45:00,BUSINESS,AGENCIA,14,12,2,194.4,2721.6,217.73,326.59,2830.46,USD
TK0000985,V000493,2025-12-20 10:00:00,ECONOMY,AGENCIA,146,140,6,225.09,32863.14,2629.05,3943.58,34177.67,USD
TK0000986,V000493,2026-01-25 10:00:00,BUSINESS,WEB,5,5,0,540.22,2701.1,54.02,324.13,2971.21,USD
TK0000987,V000494,2025-12-19 11:15:00,ECONOMY,WEB,105,99,6,390.6,41013,820.26,4921.56,45114.3,USD
TK0000988,V000494,2026-01-24 11:15:00,BUSINESS,APP,9,8,1,937.44,8436.96,168.74,1012.44,9280.66,USD
TK0000989,V000495,2025-12-18 12:30:00,ECONOMY,APP,128,122,6,67.5,8640,172.8,1036.8,9504,USD
TK0000990,V000495,2026-01-23 12:30:00,BUSINESS,AGENCIA,13,11,2,162,2106,42.12,252.72,2316.6,USD
TK0000991,V000496,2026-01-31 13:45:00,ECONOMY,AGENCIA,145,145,0,68.85,9983.25,199.66,1197.99,10981.58,USD
TK0000992,V000496,2026-01-22 13:45:00,BUSINESS,WEB,12,12,0,165.24,1982.88,39.66,237.95,2181.17,USD
TK0000993,V000497,2026-01-30 14:00:00,ECONOMY,WEB,104,104,0,327.6,34070.4,681.41,4088.45,37477.44,USD
TK0000994,V000497,2026-01-21 14:00:00,BUSINESS,APP,6,5,1,786.24,4717.44,94.35,566.09,5189.18,USD
TK0000995,V000498,2026-01-29 15:15:00,ECONOMY,APP,0,0,0,71.55,0,0,0,0,USD
TK0000996,V000498,2026-01-20 15:15:00,BUSINESS,AGENCIA,0,0,0,171.72,0,0,0,0,USD
TK0000997,V000499,2026-01-28 16:30:00,ECONOMY,AGENCIA,176,173,3,72.9,12830.4,1026.43,1539.65,13343.62,USD
TK0000998,V000499,2026-01-19 16:30:00,BUSINESS,WEB,11,11,0,174.96,1924.56,38.49,230.95,2117.02,USD
TK0000999,V000500,2026-01-27 17:45:00,ECONOMY,WEB,129,126,3,202.95,26180.55,523.61,3141.67,28798.61,USD
TK0001000,V000500,2026-01-18 17:45:00,BUSINESS,APP,15,14,1,487.08,7306.2,146.12,876.74,8036.82,USD
TK0001001,V000501,2026-01-26 18:00:00,ECONOMY,APP,156,153,3,75.6,11793.6,235.87,1415.23,12972.96,USD
TK0001002,V000501,2026-01-17 18:00:00,BUSINESS,AGENCIA,7,5,2,181.44,1270.08,25.4,152.41,1397.09,USD
TK0001003,V000502,2026-01-25 19:15:00,ECONOMY,AGENCIA,186,180,6,76.95,14312.7,286.25,1717.52,15743.97,USD
TK0001004,V000502,2026-01-16 19:15:00,BUSINESS,WEB,8,8,0,184.68,1477.44,29.55,177.29,1625.18,USD
TK0001005,V000503,2026-01-24 20:30:00,ECONOMY,WEB,139,133,6,214.02,29748.78,594.98,3569.85,32723.65,USD
TK0001006,V000503,2026-01-15 20:30:00,BUSINESS,APP,12,11,1,513.65,6163.8,123.28,739.66,6780.18,USD
TK0001007,V000504,2026-01-23 21:45:00,ECONOMY,APP,165,159,6,79.65,13142.25,262.85,1577.07,14456.47,USD
TK0001008,V000504,2026-01-14 21:45:00,BUSINESS,AGENCIA,16,14,2,191.16,3058.56,244.68,367.03,3180.91,USD
TK0001009,V000505,2026-01-23 04:00:00,ECONOMY,AGENCIA,96,96,0,81,7776,622.08,933.12,8087.04,USD
TK0001010,V000505,2026-01-14 04:00:00,BUSINESS,WEB,5,5,0,194.4,972,19.44,116.64,1069.2,USD
TK0001011,V000506,2026-01-22 05:15:00,ECONOMY,WEB,118,118,0,225.09,26560.62,531.21,3187.27,29216.68,USD
TK0001012,V000506,2026-01-13 05:15:00,BUSINESS,APP,9,8,1,540.22,4861.98,97.24,583.44,5348.18,USD
TK0001013,V000507,2026-01-21 06:30:00,ECONOMY,APP,141,141,0,83.7,11801.7,236.03,1416.2,12981.87,USD
TK0001014,V000507,2026-01-12 06:30:00,BUSINESS,AGENCIA,13,11,2,200.88,2611.44,52.23,313.37,2872.58,USD
TK0001015,V000508,2026-01-20 07:45:00,ECONOMY,AGENCIA,104,101,3,67.5,7020,140.4,842.4,7722,USD
TK0001016,V000508,2026-01-11 07:45:00,BUSINESS,WEB,12,12,0,162,1944,38.88,233.28,2138.4,USD
TK0001017,V000509,2026-01-19 08:00:00,ECONOMY,WEB,127,124,3,188.19,23900.13,478,2868.02,26290.15,USD
TK0001018,V000509,2026-01-10 08:00:00,BUSINESS,APP,6,5,1,451.66,2709.96,54.2,325.2,2980.96,USD
TK0001019,V000510,2026-01-18 09:15:00,ECONOMY,APP,149,146,3,70.2,10459.8,209.2,1255.18,11505.78,USD
TK0001020,V000510,2026-01-09 09:15:00,BUSINESS,AGENCIA,10,8,2,168.48,1684.8,134.78,202.18,1752.2,USD
TK0001021,V000511,2026-01-17 10:30:00,ECONOMY,AGENCIA,114,108,6,71.55,8156.7,652.54,978.8,8482.96,USD
TK0001022,V000511,2026-01-08 10:30:00,BUSINESS,WEB,11,11,0,171.72,1888.92,37.78,226.67,2077.81,USD
TK0001023,V000512,2026-01-16 11:45:00,ECONOMY,WEB,137,131,6,199.26,27298.62,545.97,3275.83,30028.48,USD
TK0001024,V000512,2026-01-07 11:45:00,BUSINESS,APP,13,12,1,478.22,6216.86,124.34,746.02,6838.54,USD
TK0001025,V000513,2026-01-15 12:00:00,ECONOMY,APP,160,154,6,346.5,55440,1108.8,6652.8,60984,USD
TK0001026,V000513,2026-01-06 12:00:00,BUSINESS,AGENCIA,7,5,2,831.6,5821.2,116.42,698.54,6403.32,USD
TK0001027,V000514,2026-01-14 13:15:00,ECONOMY,AGENCIA,113,113,0,75.6,8542.8,170.86,1025.14,9397.08,USD
TK0001028,V000514,2026-01-05 13:15:00,BUSINESS,WEB,8,8,0,181.44,1451.52,29.03,174.18,1596.67,USD
TK0001029,V000515,2026-01-13 14:30:00,ECONOMY,WEB,136,136,0,210.33,28604.88,572.1,3432.59,31465.37,USD
TK0001030,V000515,2026-01-04 14:30:00,BUSINESS,APP,12,11,1,504.79,6057.48,121.15,726.9,6663.23,USD
TK0001031,V000516,2026-01-12 15:45:00,ECONOMY,APP,159,159,0,365.4,58098.6,1161.97,6971.83,63908.46,USD
TK0001032,V000516,2026-01-03 15:45:00,BUSINESS,AGENCIA,14,12,2,876.96,12277.44,982.2,1473.29,12768.53,USD
TK0001033,V000517,2026-01-11 16:00:00,ECONOMY,AGENCIA,140,137,3,79.65,11151,892.08,1338.12,11597.04,USD
TK0001034,V000517,2026-01-02 16:00:00,BUSINESS,WEB,5,5,0,191.16,955.8,19.12,114.7,1051.38,USD
TK0001035,V000518,2026-01-10 17:15:00,ECONOMY,WEB,166,163,3,221.4,36752.4,735.05,4410.29,40427.64,USD
TK0001036,V000518,2026-01-01 17:15:00,BUSINESS,APP,9,8,1,531.36,4782.24,95.64,573.87,5260.47,USD
TK0001037,V000519,2026-01-10 18:30:00,ECONOMY,APP,119,116,3,384.3,45731.7,914.63,5487.8,50304.87,USD
TK0001038,V000519,2026-01-01 18:30:00,BUSINESS,AGENCIA,13,11,2,922.32,11990.16,239.8,1438.82,13189.18,USD
TK0001039,V000520,2026-01-09 19:45:00,ECONOMY,AGENCIA,149,143,6,83.7,12471.3,249.43,1496.56,13718.43,USD
TK0001040,V000520,2025-12-31 19:45:00,BUSINESS,WEB,14,14,0,200.88,2812.32,56.25,337.48,3093.55,USD
TK0001041,V000521,2026-01-08 20:00:00,ECONOMY,WEB,175,169,6,67.5,11812.5,236.25,1417.5,12993.75,USD
TK0001042,V000521,2025-12-30 20:00:00,BUSINESS,APP,6,5,1,162,972,19.44,116.64,1069.2,USD
TK0001043,V000522,2026-01-07 21:15:00,ECONOMY,APP,128,122,6,321.3,41126.4,822.53,4935.17,45239.04,USD
TK0001044,V000522,2025-12-29 21:15:00,BUSINESS,AGENCIA,10,8,2,771.12,7711.2,616.9,925.34,8019.64,USD
TK0001045,V000523,2026-01-06 04:30:00,ECONOMY,AGENCIA,127,127,0,70.2,8915.4,713.23,1069.85,9272.02,USD
TK0001046,V000523,2025-12-28 04:30:00,BUSINESS,WEB,11,11,0,168.48,1853.28,37.07,222.39,2038.6,USD
TK0001047,V000524,2026-01-05 05:45:00,ECONOMY,WEB,150,150,0,71.55,10732.5,214.65,1287.9,11805.75,USD
TK0001048,V000524,2025-12-27 05:45:00,BUSINESS,APP,13,12,1,171.72,2232.36,44.65,267.88,2455.59,USD
TK0001049,V000525,2026-01-04 06:00:00,ECONOMY,APP,110,110,0,199.26,21918.6,438.37,2630.23,24110.46,USD
TK0001050,V000525,2025-12-26 06:00:00,BUSINESS,AGENCIA,7,5,2,478.22,3347.54,66.95,401.7,3682.29,USD
TK0001051,V000526,2026-01-03 07:15:00,ECONOMY,AGENCIA,135,132,3,74.25,10023.75,200.47,1202.85,11026.13,USD
TK0001052,V000526,2025-12-25 07:15:00,BUSINESS,WEB,8,8,0,178.2,1425.6,28.51,171.07,1568.16,USD
TK0001053,V000527,2026-01-02 08:30:00,ECONOMY,WEB,158,155,3,75.6,11944.8,238.9,1433.38,13139.28,USD
TK0001054,V000527,2025-12-24 08:30:00,BUSINESS,APP,12,11,1,181.44,2177.28,43.55,261.27,2395,USD
TK0001055,V000528,2026-01-01 09:45:00,ECONOMY,APP,118,115,3,210.33,24818.94,496.38,2978.27,27300.83,USD
TK0001056,V000528,2025-12-23 09:45:00,BUSINESS,AGENCIA,14,12,2,504.79,7067.06,565.36,848.05,7349.75,USD
TK0001057,V000529,2025-12-31 10:00:00,ECONOMY,AGENCIA,146,140,6,78.3,11431.8,914.54,1371.82,11889.08,USD
TK0001058,V000529,2025-12-22 10:00:00,BUSINESS,WEB,5,5,0,187.92,939.6,18.79,112.75,1033.56,USD
TK0001059,V000530,2025-12-30 11:15:00,ECONOMY,WEB,105,99,6,79.65,8363.25,167.27,1003.59,9199.57,USD
TK0001060,V000530,2025-12-21 11:15:00,BUSINESS,APP,9,8,1,191.16,1720.44,34.41,206.45,1892.48,USD
TK0001061,V000531,2025-12-29 12:30:00,ECONOMY,APP,128,122,6,221.4,28339.2,566.78,3400.7,31173.12,USD
TK0001062,V000531,2025-12-20 12:30:00,BUSINESS,AGENCIA,13,11,2,531.36,6907.68,138.15,828.92,7598.45,USD
TK0001063,V000532,2025-12-28 13:45:00,ECONOMY,AGENCIA,145,145,0,82.35,11940.75,238.81,1432.89,13134.83,USD
TK0001064,V000532,2026-02-02 13:45:00,BUSINESS,WEB,12,12,0,197.64,2371.68,47.43,284.6,2608.85,USD
TK0001065,V000533,2025-12-28 14:00:00,ECONOMY,WEB,104,104,0,83.7,8704.8,174.1,1044.58,9575.28,USD
TK0001066,V000533,2026-02-02 14:00:00,BUSINESS,APP,6,5,1,200.88,1205.28,24.11,144.63,1325.8,USD
TK0001067,V000534,2025-12-27 15:15:00,ECONOMY,APP,127,127,0,184.5,23431.5,468.63,2811.78,25774.65,USD
TK0001068,V000534,2026-02-01 15:15:00,BUSINESS,AGENCIA,10,8,2,442.8,4428,354.24,531.36,4605.12,USD
TK0001069,V000535,2025-12-26 16:30:00,ECONOMY,AGENCIA,176,173,3,68.85,12117.6,969.41,1454.11,12602.3,USD
TK0001070,V000535,2026-01-31 16:30:00,BUSINESS,WEB,11,11,0,165.24,1817.64,36.35,218.12,1999.41,USD
TK0001071,V000536,2025-12-25 17:45:00,ECONOMY,WEB,129,126,3,70.2,9055.8,181.12,1086.7,9961.38,USD
TK0001072,V000536,2026-01-30 17:45:00,BUSINESS,APP,15,14,1,168.48,2527.2,50.54,303.26,2779.92,USD
TK0001073,V000537,2025-12-24 18:00:00,ECONOMY,APP,156,153,3,195.57,30508.92,610.18,3661.07,33559.81,USD
TK0001074,V000537,2026-01-29 18:00:00,BUSINESS,AGENCIA,7,5,2,469.37,3285.59,65.71,394.27,3614.15,USD
TK0001075,V000538,2025-12-23 19:15:00,ECONOMY,AGENCIA,186,180,6,340.2,63277.2,1265.54,7593.26,69604.92,USD
TK0001076,V000538,2026-01-28 19:15:00,BUSINESS,WEB,8,8,0,816.48,6531.84,130.64,783.82,7185.02,USD
TK0001077,V000539,2025-12-22 20:30:00,ECONOMY,WEB,139,133,6,74.25,10320.75,206.41,1238.49,11352.83,USD
TK0001078,V000539,2026-01-27 20:30:00,BUSINESS,APP,12,11,1,178.2,2138.4,42.77,256.61,2352.24,USD
TK0001079,V000540,2025-12-21 21:45:00,ECONOMY,APP,165,159,6,206.64,34095.6,681.91,4091.47,37505.16,USD
TK0001080,V000540,2026-01-26 21:45:00,BUSINESS,AGENCIA,16,14,2,495.94,7935.04,634.8,952.2,8252.44,USD
TK0001081,V000541,2026-02-03 04:00:00,ECONOMY,AGENCIA,96,96,0,359.1,34473.6,2757.89,4136.83,35852.54,USD
TK0001082,V000541,2026-01-25 04:00:00,BUSINESS,WEB,5,5,0,861.84,4309.2,86.18,517.1,4740.12,USD
TK0001083,V000542,2026-02-02 05:15:00,ECONOMY,WEB,118,118,0,78.3,9239.4,184.79,1108.73,10163.34,USD
TK0001084,V000542,2026-01-24 05:15:00,BUSINESS,APP,9,8,1,187.92,1691.28,33.83,202.95,1860.4,USD
TK0001085,V000543,2026-02-01 06:30:00,ECONOMY,APP,141,141,0,217.71,30697.11,613.94,3683.65,33766.82,USD
TK0001086,V000543,2026-01-23 06:30:00,BUSINESS,AGENCIA,13,11,2,522.5,6792.5,135.85,815.1,7471.75,USD
TK0001087,V000544,2026-01-31 07:45:00,ECONOMY,AGENCIA,104,101,3,378,39312,786.24,4717.44,43243.2,USD
TK0001088,V000544,2026-01-22 07:45:00,BUSINESS,WEB,12,12,0,907.2,10886.4,217.73,1306.37,11975.04,USD
TK0001089,V000545,2026-01-30 08:00:00,ECONOMY,WEB,127,124,3,82.35,10458.45,209.17,1255.01,11504.29,USD
TK0001090,V000545,2026-01-21 08:00:00,BUSINESS,APP,6,5,1,197.64,1185.84,23.72,142.3,1304.42,USD
TK0001091,V000546,2026-01-29 09:15:00,ECONOMY,APP,149,146,3,83.7,12471.3,249.43,1496.56,13718.43,USD
TK0001092,V000546,2026-01-20 09:15:00,BUSINESS,AGENCIA,10,8,2,200.88,2008.8,160.7,241.06,2089.16,USD
TK0001093,V000547,2026-01-29 10:30:00,ECONOMY,AGENCIA,114,108,6,315,35910,2872.8,4309.2,37346.4,USD
TK0001094,V000547,2026-01-20 10:30:00,BUSINESS,WEB,11,11,0,756,8316,166.32,997.92,9147.6,USD
TK0001095,V000548,2026-01-28 11:45:00,ECONOMY,WEB,137,131,6,68.85,9432.45,188.65,1131.89,10375.69,USD
TK0001096,V000548,2026-01-19 11:45:00,BUSINESS,APP,13,12,1,165.24,2148.12,42.96,257.77,2362.93,USD
TK0001097,V000549,2026-01-27 12:00:00,ECONOMY,APP,160,154,6,70.2,11232,224.64,1347.84,12355.2,USD
TK0001098,V000549,2026-01-18 12:00:00,BUSINESS,AGENCIA,7,5,2,168.48,1179.36,23.59,141.52,1297.29,USD
TK0001099,V000550,2026-01-26 13:15:00,ECONOMY,AGENCIA,113,113,0,195.57,22099.41,441.99,2651.93,24309.35,USD
TK0001100,V000550,2026-01-17 13:15:00,BUSINESS,WEB,8,8,0,469.37,3754.96,75.1,450.6,4130.46,USD
TK0001101,V000551,2026-01-25 14:30:00,ECONOMY,WEB,136,136,0,72.9,9914.4,198.29,1189.73,10905.84,USD
TK0001102,V000551,2026-01-16 14:30:00,BUSINESS,APP,12,11,1,174.96,2099.52,41.99,251.94,2309.47,USD
TK0001103,V000552,2026-01-24 15:45:00,ECONOMY,APP,159,159,0,74.25,11805.75,236.12,1416.69,12986.32,USD
TK0001104,V000552,2026-01-15 15:45:00,BUSINESS,AGENCIA,14,12,2,178.2,2494.8,199.58,299.38,2594.6,USD
TK0001105,V000553,2026-01-23 16:00:00,ECONOMY,AGENCIA,140,137,3,206.64,28929.6,2314.37,3471.55,30086.78,USD
TK0001106,V000553,2026-01-14 16:00:00,BUSINESS,WEB,5,5,0,495.94,2479.7,49.59,297.56,2727.67,USD
TK0001107,V000554,2026-01-22 17:15:00,ECONOMY,WEB,166,163,3,76.95,12773.7,255.47,1532.84,14051.07,USD
TK0001108,V000554,2026-01-13 17:15:00,BUSINESS,APP,9,8,1,184.68,1662.12,33.24,199.45,1828.33,USD
TK0001109,V000555,2026-01-21 18:30:00,ECONOMY,APP,119,116,3,78.3,9317.7,186.35,1118.12,10249.47,USD
TK0001110,V000555,2026-01-12 18:30:00,BUSINESS,AGENCIA,13,11,2,187.92,2442.96,48.86,293.16,2687.26,USD
TK0001111,V000556,2026-01-20 19:45:00,ECONOMY,AGENCIA,149,143,6,217.71,32438.79,648.78,3892.65,35682.66,USD
TK0001112,V000556,2026-01-11 19:45:00,BUSINESS,WEB,14,14,0,522.5,7315,146.3,877.8,8046.5,USD
TK0001113,V000557,2026-01-19 20:00:00,ECONOMY,WEB,175,169,6,81,14175,283.5,1701,15592.5,USD
TK0001114,V000557,2026-01-10 20:00:00,BUSINESS,APP,6,5,1,194.4,1166.4,23.33,139.97,1283.04,USD
TK0001115,V000558,2026-01-18 21:15:00,ECONOMY,APP,128,122,6,82.35,10540.8,210.82,1264.9,11594.88,USD
TK0001116,V000558,2026-01-09 21:15:00,BUSINESS,AGENCIA,10,8,2,197.64,1976.4,158.11,237.17,2055.46,USD
TK0001117,V000559,2026-01-17 04:30:00,ECONOMY,AGENCIA,127,127,0,228.78,29055.06,2324.4,3486.61,30217.27,USD
TK0001118,V000559,2026-01-08 04:30:00,BUSINESS,WEB,11,11,0,549.07,6039.77,120.8,724.77,6643.74,USD
TK0001119,V000560,2026-01-16 05:45:00,ECONOMY,WEB,150,150,0,67.5,10125,202.5,1215,11137.5,USD
TK0001120,V000560,2026-01-07 05:45:00,BUSINESS,APP,13,12,1,162,2106,42.12,252.72,2316.6,USD
TK0001121,V000561,2026-01-16 06:00:00,ECONOMY,APP,110,110,0,68.85,7573.5,151.47,908.82,8330.85,USD
TK0001122,V000561,2026-01-07 06:00:00,BUSINESS,AGENCIA,7,5,2,165.24,1156.68,23.13,138.8,1272.35,USD
TK0001123,V000562,2026-01-15 07:15:00,ECONOMY,AGENCIA,135,132,3,191.88,25903.8,518.08,3108.46,28494.18,USD
TK0001124,V000562,2026-01-06 07:15:00,BUSINESS,WEB,8,8,0,460.51,3684.08,73.68,442.09,4052.49,USD
TK0001125,V000563,2026-01-14 08:30:00,ECONOMY,WEB,158,155,3,333.9,52756.2,1055.12,6330.74,58031.82,USD
TK0001126,V000563,2026-01-05 08:30:00,BUSINESS,APP,12,11,1,801.36,9616.32,192.33,1153.96,10577.95,USD
TK0001127,V000564,2026-01-13 09:45:00,ECONOMY,APP,118,115,3,72.9,8602.2,172.04,1032.26,9462.42,USD
TK0001128,V000564,2026-01-04 09:45:00,BUSINESS,AGENCIA,14,12,2,174.96,2449.44,195.96,293.93,2547.41,USD
TK0001129,V000565,2026-01-12 10:00:00,ECONOMY,AGENCIA,146,140,6,202.95,29630.7,2370.46,3555.68,30815.92,USD
TK0001130,V000565,2026-01-03 10:00:00,BUSINESS,WEB,5,5,0,487.08,2435.4,48.71,292.25,2678.94,USD
TK0001131,V000566,2026-01-11 11:15:00,ECONOMY,WEB,105,99,6,352.8,37044,740.88,4445.28,40748.4,USD
TK0001132,V000566,2026-01-02 11:15:00,BUSINESS,APP,9,8,1,846.72,7620.48,152.41,914.46,8382.53,USD
TK0001133,V000567,2026-01-10 12:30:00,ECONOMY,APP,128,122,6,76.95,9849.6,196.99,1181.95,10834.56,USD
TK0001134,V000567,2026-01-01 12:30:00,BUSINESS,AGENCIA,13,11,2,184.68,2400.84,48.02,288.1,2640.92,USD
TK0001135,V000568,2026-01-09 13:45:00,ECONOMY,AGENCIA,145,145,0,214.02,31032.9,620.66,3723.95,34136.19,USD
TK0001136,V000568,2025-12-31 13:45:00,BUSINESS,WEB,12,12,0,513.65,6163.8,123.28,739.66,6780.18,USD
TK0001137,V000569,2026-01-08 14:00:00,ECONOMY,WEB,0,0,0,371.7,0,0,0,0,USD
TK0001138,V000569,2025-12-30 14:00:00,BUSINESS,APP,0,0,0,892.08,0,0,0,0,USD
TK0001139,V000570,2026-01-07 15:15:00,ECONOMY,APP,127,127,0,81,10287,205.74,1234.44,11315.7,USD
TK0001140,V000570,2025-12-29 15:15:00,BUSINESS,AGENCIA,10,8,2,194.4,1944,155.52,233.28,2021.76,USD
TK0001141,V000571,2026-01-06 16:30:00,ECONOMY,AGENCIA,176,173,3,82.35,14493.6,1159.49,1739.23,15073.34,USD
TK0001142,V000571,2025-12-28 16:30:00,BUSINESS,WEB,11,11,0,197.64,2174.04,43.48,260.88,2391.44,USD
TK0001143,V000572,2026-01-05 17:45:00,ECONOMY,WEB,129,126,3,390.6,50387.4,1007.75,6046.49,55426.14,USD
TK0001144,V000572,2025-12-27 17:45:00,BUSINESS,APP,15,14,1,937.44,14061.6,281.23,1687.39,15467.76,USD
TK0001145,V000573,2026-01-04 18:00:00,ECONOMY,APP,156,153,3,67.5,10530,210.6,1263.6,11583,USD
TK0001146,V000573,2025-12-26 18:00:00,BUSINESS,AGENCIA,7,5,2,162,1134,22.68,136.08,1247.4,USD
TK0001147,V000574,2026-01-03 19:15:00,ECONOMY,AGENCIA,186,180,6,68.85,12806.1,256.12,1536.73,14086.71,USD
TK0001148,V000574,2025-12-25 19:15:00,BUSINESS,WEB,8,8,0,165.24,1321.92,26.44,158.63,1454.11,USD
TK0001149,V000575,2026-01-03 20:30:00,ECONOMY,WEB,139,133,6,327.6,45536.4,910.73,5464.37,50090.04,USD
TK0001150,V000575,2025-12-25 20:30:00,BUSINESS,APP,12,11,1,786.24,9434.88,188.7,1132.19,10378.37,USD
TK0001151,V000576,2026-01-02 21:45:00,ECONOMY,APP,165,159,6,71.55,11805.75,236.12,1416.69,12986.32,USD
TK0001152,V000576,2025-12-24 21:45:00,BUSINESS,AGENCIA,16,14,2,171.72,2747.52,219.8,329.7,2857.42,USD
TK0001153,V000577,2026-01-01 04:00:00,ECONOMY,AGENCIA,96,96,0,72.9,6998.4,559.87,839.81,7278.34,USD
TK0001154,V000577,2026-02-06 04:00:00,BUSINESS,WEB,5,5,0,174.96,874.8,17.5,104.98,962.28,USD
TK0001155,V000578,2025-12-31 05:15:00,ECONOMY,WEB,118,118,0,202.95,23948.1,478.96,2873.77,26342.91,USD
TK0001156,V000578,2026-02-05 05:15:00,BUSINESS,APP,9,8,1,487.08,4383.72,87.67,526.05,4822.1,USD
TK0001157,V000579,2025-12-30 06:30:00,ECONOMY,APP,141,141,0,75.6,10659.6,213.19,1279.15,11725.56,USD
TK0001158,V000579,2026-02-04 06:30:00,BUSINESS,AGENCIA,13,11,2,181.44,2358.72,47.17,283.05,2594.6,USD
TK0001159,V000580,2025-12-29 07:45:00,ECONOMY,AGENCIA,104,101,3,76.95,8002.8,160.06,960.34,8803.08,USD
TK0001160,V000580,2026-02-03 07:45:00,BUSINESS,WEB,12,12,0,184.68,2216.16,44.32,265.94,2437.78,USD
TK0001161,V000581,2025-12-28 08:00:00,ECONOMY,WEB,127,124,3,214.02,27180.54,543.61,3261.66,29898.59,USD
TK0001162,V000581,2026-02-02 08:00:00,BUSINESS,APP,6,5,1,513.65,3081.9,61.64,369.83,3390.09,USD
TK0001163,V000582,2025-12-27 09:15:00,ECONOMY,APP,149,146,3,79.65,11867.85,237.36,1424.14,13054.63,USD
TK0001164,V000582,2026-02-01 09:15:00,BUSINESS,AGENCIA,10,8,2,191.16,1911.6,152.93,229.39,1988.06,USD
TK0001165,V000583,2025-12-26 10:30:00,ECONOMY,AGENCIA,114,108,6,81,9234,738.72,1108.08,9603.36,USD
TK0001166,V000583,2026-01-31 10:30:00,BUSINESS,WEB,11,11,0,194.4,2138.4,42.77,256.61,2352.24,USD
TK0001167,V000584,2025-12-25 11:45:00,ECONOMY,WEB,137,131,6,225.09,30837.33,616.75,3700.48,33921.06,USD
TK0001168,V000584,2026-01-30 11:45:00,BUSINESS,APP,13,12,1,540.22,7022.86,140.46,842.74,7725.14,USD
TK0001169,V000585,2025-12-24 12:00:00,ECONOMY,APP,160,154,6,83.7,13392,267.84,1607.04,14731.2,USD
TK0001170,V000585,2026-01-29 12:00:00,BUSINESS,AGENCIA,7,5,2,200.88,1406.16,28.12,168.74,1546.78,USD
TK0001171,V000586,2026-02-06 13:15:00,ECONOMY,AGENCIA,113,113,0,67.5,7627.5,152.55,915.3,8390.25,USD
TK0001172,V000586,2026-01-28 13:15:00,BUSINESS,WEB,8,8,0,162,1296,25.92,155.52,1425.6,USD
TK0001173,V000587,2026-02-05 14:30:00,ECONOMY,WEB,136,136,0,188.19,25593.84,511.88,3071.26,28153.22,USD
TK0001174,V000587,2026-01-27 14:30:00,BUSINESS,APP,12,11,1,451.66,5419.92,108.4,650.39,5961.91,USD
TK0001175,V000588,2026-02-04 15:45:00,ECONOMY,APP,159,159,0,327.6,52088.4,1041.77,6250.61,57297.24,USD
TK0001176,V000588,2026-01-26 15:45:00,BUSINESS,AGENCIA,14,12,2,786.24,11007.36,880.59,1320.88,11447.65,USD
TK0001177,V000589,2026-02-04 16:00:00,ECONOMY,AGENCIA,140,137,3,71.55,10017,801.36,1202.04,10417.68,USD
TK0001178,V000589,2026-01-26 16:00:00,BUSINESS,WEB,5,5,0,171.72,858.6,17.17,103.03,944.46,USD
TK0001179,V000590,2026-02-03 17:15:00,ECONOMY,WEB,166,163,3,199.26,33077.16,661.54,3969.26,36384.88,USD
TK0001180,V000590,2026-01-25 17:15:00,BUSINESS,APP,9,8,1,478.22,4303.98,86.08,516.48,4734.38,USD
TK0001181,V000591,2026-02-02 18:30:00,ECONOMY,APP,119,116,3,346.5,41233.5,824.67,4948.02,45356.85,USD
TK0001182,V000591,2026-01-24 18:30:00,BUSINESS,AGENCIA,13,11,2,831.6,10810.8,216.22,1297.3,11891.88,USD
TK0001183,V000592,2026-02-01 19:45:00,ECONOMY,AGENCIA,149,143,6,75.6,11264.4,225.29,1351.73,12390.84,USD
TK0001184,V000592,2026-01-23 19:45:00,BUSINESS,WEB,14,14,0,181.44,2540.16,50.8,304.82,2794.18,USD
TK0001185,V000593,2026-01-31 20:00:00,ECONOMY,WEB,175,169,6,210.33,36807.75,736.15,4416.93,40488.53,USD
TK0001186,V000593,2026-01-22 20:00:00,BUSINESS,APP,6,5,1,504.79,3028.74,60.57,363.45,3331.62,USD
TK0001187,V000594,2026-01-30 21:15:00,ECONOMY,APP,128,122,6,365.4,46771.2,935.42,5612.54,51448.32,USD
TK0001188,V000594,2026-01-21 21:15:00,BUSINESS,AGENCIA,10,8,2,876.96,8769.6,701.57,1052.35,9120.38,USD
TK0001189,V000595,2026-01-29 04:30:00,ECONOMY,AGENCIA,127,127,0,79.65,10115.55,809.24,1213.87,10520.18,USD
TK0001190,V000595,2026-01-20 04:30:00,BUSINESS,WEB,11,11,0,191.16,2102.76,42.06,252.33,2313.03,USD
TK0001191,V000596,2026-01-28 05:45:00,ECONOMY,WEB,150,150,0,221.4,33210,664.2,3985.2,36531,USD
TK0001192,V000596,2026-01-19 05:45:00,BUSINESS,APP,13,12,1,531.36,6907.68,138.15,828.92,7598.45,USD
TK0001193,V000597,2026-01-27 06:00:00,ECONOMY,APP,110,110,0,384.3,42273,845.46,5072.76,46500.3,USD
TK0001194,V000597,2026-01-18 06:00:00,BUSINESS,AGENCIA,7,5,2,922.32,6456.24,129.12,774.75,7101.87,USD
TK0001195,V000598,2026-01-26 07:15:00,ECONOMY,AGENCIA,135,132,3,83.7,11299.5,225.99,1355.94,12429.45,USD
TK0001196,V000598,2026-01-17 07:15:00,BUSINESS,WEB,8,8,0,200.88,1607.04,32.14,192.84,1767.74,USD
TK0001197,V000599,2026-01-25 08:30:00,ECONOMY,WEB,158,155,3,67.5,10665,213.3,1279.8,11731.5,USD
TK0001198,V000599,2026-01-16 08:30:00,BUSINESS,APP,12,11,1,162,1944,38.88,233.28,2138.4,USD
TK0001199,V000600,2026-01-24 09:45:00,ECONOMY,APP,118,115,3,321.3,37913.4,758.27,4549.61,41704.74,USD
TK0001200,V000600,2026-01-15 09:45:00,BUSINESS,AGENCIA,14,12,2,771.12,10795.68,863.65,1295.48,11227.51,USD
TK0001201,V000601,2026-01-23 10:00:00,ECONOMY,AGENCIA,146,140,6,70.2,10249.2,819.94,1229.9,10659.16,USD
TK0001202,V000601,2026-01-14 10:00:00,BUSINESS,WEB,5,5,0,168.48,842.4,16.85,101.09,926.64,USD
TK0001203,V000602,2026-01-22 11:15:00,ECONOMY,WEB,105,99,6,71.55,7512.75,150.25,901.53,8264.03,USD
TK0001204,V000602,2026-01-13 11:15:00,BUSINESS,APP,9,8,1,171.72,1545.48,30.91,185.46,1700.03,USD
TK0001205,V000603,2026-01-22 12:30:00,ECONOMY,APP,128,122,6,199.26,25505.28,510.11,3060.63,28055.8,USD
TK0001206,V000603,2026-01-13 12:30:00,BUSINESS,AGENCIA,13,11,2,478.22,6216.86,124.34,746.02,6838.54,USD
TK0001207,V000604,2026-01-21 13:45:00,ECONOMY,AGENCIA,145,145,0,74.25,10766.25,215.33,1291.95,11842.87,USD
TK0001208,V000604,2026-01-12 13:45:00,BUSINESS,WEB,12,12,0,178.2,2138.4,42.77,256.61,2352.24,USD
TK0001209,V000605,2026-01-20 14:00:00,ECONOMY,WEB,104,104,0,75.6,7862.4,157.25,943.49,8648.64,USD
TK0001210,V000605,2026-01-11 14:00:00,BUSINESS,APP,6,5,1,181.44,1088.64,21.77,130.64,1197.51,USD
TK0001211,V000606,2026-01-19 15:15:00,ECONOMY,APP,127,127,0,210.33,26711.91,534.24,3205.43,29383.1,USD
TK0001212,V000606,2026-01-10 15:15:00,BUSINESS,AGENCIA,10,8,2,504.79,5047.9,403.83,605.75,5249.82,USD
TK0001213,V000607,2026-01-18 16:30:00,ECONOMY,AGENCIA,176,173,3,78.3,13780.8,1102.46,1653.7,14332.04,USD
TK0001214,V000607,2026-01-09 16:30:00,BUSINESS,WEB,11,11,0,187.92,2067.12,41.34,248.05,2273.83,USD
TK0001215,V000608,2026-01-17 17:45:00,ECONOMY,WEB,129,126,3,79.65,10274.85,205.5,1232.98,11302.33,USD
TK0001216,V000608,2026-01-08 17:45:00,BUSINESS,APP,15,14,1,191.16,2867.4,57.35,344.09,3154.14,USD
TK0001217,V000609,2026-01-16 18:00:00,ECONOMY,APP,156,153,3,221.4,34538.4,690.77,4144.61,37992.24,USD
TK0001218,V000609,2026-01-07 18:00:00,BUSINESS,AGENCIA,7,5,2,531.36,3719.52,74.39,446.34,4091.47,USD
TK0001219,V000610,2026-01-15 19:15:00,ECONOMY,AGENCIA,186,180,6,82.35,15317.1,306.34,1838.05,16848.81,USD
TK0001220,V000610,2026-01-06 19:15:00,BUSINESS,WEB,8,8,0,197.64,1581.12,31.62,189.73,1739.23,USD
TK0001221,V000611,2026-01-14 20:30:00,ECONOMY,WEB,139,133,6,83.7,11634.3,232.69,1396.12,12797.73,USD
TK0001222,V000611,2026-01-05 20:30:00,BUSINESS,APP,12,11,1,200.88,2410.56,48.21,289.27,2651.62,USD
TK0001223,V000612,2026-01-13 21:45:00,ECONOMY,APP,165,159,6,184.5,30442.5,608.85,3653.1,33486.75,USD
TK0001224,V000612,2026-01-04 21:45:00,BUSINESS,AGENCIA,16,14,2,442.8,7084.8,566.78,850.18,7368.2,USD
TK0001225,V000613,2026-01-12 04:00:00,ECONOMY,AGENCIA,96,96,0,321.3,30844.8,2467.58,3701.38,32078.6,USD
TK0001226,V000613,2026-01-03 04:00:00,BUSINESS,WEB,5,5,0,771.12,3855.6,77.11,462.67,4241.16,USD
TK0001227,V000614,2026-01-11 05:15:00,ECONOMY,WEB,118,118,0,70.2,8283.6,165.67,994.03,9111.96,USD
TK0001228,V000614,2026-01-02 05:15:00,BUSINESS,APP,9,8,1,168.48,1516.32,30.33,181.96,1667.95,USD
TK0001229,V000615,2026-01-10 06:30:00,ECONOMY,APP,141,141,0,195.57,27575.37,551.51,3309.04,30332.9,USD
TK0001230,V000615,2026-01-01 06:30:00,BUSINESS,AGENCIA,13,11,2,469.37,6101.81,122.04,732.22,6711.99,USD
TK0001231,V000616,2026-01-09 07:45:00,ECONOMY,AGENCIA,104,101,3,340.2,35380.8,707.62,4245.7,38918.88,USD
TK0001232,V000616,2025-12-31 07:45:00,BUSINESS,WEB,12,12,0,816.48,9797.76,195.96,1175.73,10777.53,USD
TK0001233,V000617,2026-01-09 08:00:00,ECONOMY,WEB,127,124,3,74.25,9429.75,188.59,1131.57,10372.73,USD
TK0001234,V000617,2025-12-31 08:00:00,BUSINESS,APP,6,5,1,178.2,1069.2,21.38,128.3,1176.12,USD
TK0001235,V000618,2026-01-08 09:15:00,ECONOMY,APP,149,146,3,206.64,30789.36,615.79,3694.72,33868.29,USD
TK0001236,V000618,2025-12-30 09:15:00,BUSINESS,AGENCIA,10,8,2,495.94,4959.4,396.75,595.13,5157.78,USD
TK0001237,V000619,2026-01-07 10:30:00,ECONOMY,AGENCIA,114,108,6,359.1,40937.4,3274.99,4912.49,42574.9,USD
TK0001238,V000619,2025-12-29 10:30:00,BUSINESS,WEB,11,11,0,861.84,9480.24,189.6,1137.63,10428.27,USD
TK0001239,V000620,2026-01-06 11:45:00,ECONOMY,WEB,137,131,6,78.3,10727.1,214.54,1287.25,11799.81,USD
TK0001240,V000620,2025-12-28 11:45:00,BUSINESS,APP,13,12,1,187.92,2442.96,48.86,293.16,2687.26,USD
TK0001241,V000621,2026-01-05 12:00:00,ECONOMY,APP,160,154,6,217.71,34833.6,696.67,4180.03,38316.96,USD
TK0001242,V000621,2025-12-27 12:00:00,BUSINESS,AGENCIA,7,5,2,522.5,3657.5,73.15,438.9,4023.25,USD
TK0001243,V000622,2026-01-04 13:15:00,ECONOMY,AGENCIA,113,113,0,378,42714,854.28,5125.68,46985.4,USD
TK0001244,V000622,2026-02-09 13:15:00,BUSINESS,WEB,8,8,0,907.2,7257.6,145.15,870.91,7983.36,USD
TK0001245,V000623,2026-01-03 14:30:00,ECONOMY,WEB,136,136,0,82.35,11199.6,223.99,1343.95,12319.56,USD
TK0001246,V000623,2026-02-08 14:30:00,BUSINESS,APP,12,11,1,197.64,2371.68,47.43,284.6,2608.85,USD
TK0001247,V000624,2026-01-02 15:45:00,ECONOMY,APP,159,159,0,83.7,13308.3,266.17,1597,14639.13,USD
TK0001248,V000624,2026-02-07 15:45:00,BUSINESS,AGENCIA,14,12,2,200.88,2812.32,224.99,337.48,2924.81,USD
TK0001249,V000625,2026-01-01 16:00:00,ECONOMY,AGENCIA,140,137,3,315,44100,3528,5292,45864,USD
TK0001250,V000625,2026-02-06 16:00:00,BUSINESS,WEB,5,5,0,756,3780,75.6,453.6,4158,USD
TK0001251,V000626,2025-12-31 17:15:00,ECONOMY,WEB,166,163,3,68.85,11429.1,228.58,1371.49,12572.01,USD
TK0001252,V000626,2026-02-05 17:15:00,BUSINESS,APP,9,8,1,165.24,1487.16,29.74,178.46,1635.88,USD
TK0001253,V000627,2025-12-30 18:30:00,ECONOMY,APP,119,116,3,70.2,8353.8,167.08,1002.46,9189.18,USD
TK0001254,V000627,2026-02-04 18:30:00,BUSINESS,AGENCIA,13,11,2,168.48,2190.24,43.8,262.83,2409.27,USD
TK0001255,V000628,2025-12-29 19:45:00,ECONOMY,AGENCIA,149,143,6,195.57,29139.93,582.8,3496.79,32053.92,USD
TK0001256,V000628,2026-02-03 19:45:00,BUSINESS,WEB,14,14,0,469.37,6571.18,131.42,788.54,7228.3,USD
TK0001257,V000629,2025-12-28 20:00:00,ECONOMY,WEB,175,169,6,72.9,12757.5,255.15,1530.9,14033.25,USD
TK0001258,V000629,2026-02-02 20:00:00,BUSINESS,APP,6,5,1,174.96,1049.76,21,125.97,1154.73,USD
TK0001259,V000630,2025-12-27 21:15:00,ECONOMY,APP,128,122,6,74.25,9504,190.08,1140.48,10454.4,USD
TK0001260,V000630,2026-02-01 21:15:00,BUSINESS,AGENCIA,10,8,2,178.2,1782,142.56,213.84,1853.28,USD
TK0001261,V000631,2026-02-10 04:30:00,ECONOMY,AGENCIA,127,127,0,206.64,26243.28,2099.46,3149.19,27293.01,USD
TK0001262,V000631,2026-02-01 04:30:00,BUSINESS,WEB,11,11,0,495.94,5455.34,109.11,654.64,6000.87,USD
TK0001263,V000632,2026-02-09 05:45:00,ECONOMY,WEB,150,150,0,76.95,11542.5,230.85,1385.1,12696.75,USD
TK0001264,V000632,2026-01-31 05:45:00,BUSINESS,APP,13,12,1,184.68,2400.84,48.02,288.1,2640.92,USD
TK0001265,V000633,2026-02-08 06:00:00,ECONOMY,APP,110,110,0,78.3,8613,172.26,1033.56,9474.3,USD
TK0001266,V000633,2026-01-30 06:00:00,BUSINESS,AGENCIA,7,5,2,187.92,1315.44,26.31,157.85,1446.98,USD
TK0001267,V000634,2026-02-07 07:15:00,ECONOMY,AGENCIA,135,132,3,217.71,29390.85,587.82,3526.9,32329.93,USD
TK0001268,V000634,2026-01-29 07:15:00,BUSINESS,WEB,8,8,0,522.5,4180,83.6,501.6,4598,USD
TK0001269,V000635,2026-02-06 08:30:00,ECONOMY,WEB,158,155,3,81,12798,255.96,1535.76,14077.8,USD
TK0001270,V000635,2026-01-28 08:30:00,BUSINESS,APP,12,11,1,194.4,2332.8,46.66,279.94,2566.08,USD
TK0001271,V000636,2026-02-05 09:45:00,ECONOMY,APP,118,115,3,82.35,9717.3,194.35,1166.08,10689.03,USD
TK0001272,V000636,2026-01-27 09:45:00,BUSINESS,AGENCIA,14,12,2,197.64,2766.96,221.36,332.04,2877.64,USD
TK0001273,V000637,2026-02-04 10:00:00,ECONOMY,AGENCIA,146,140,6,228.78,33401.88,2672.15,4008.23,34737.96,USD
TK0001274,V000637,2026-01-26 10:00:00,BUSINESS,WEB,5,5,0,549.07,2745.35,54.91,329.44,3019.88,USD
TK0001275,V000638,2026-02-03 11:15:00,ECONOMY,WEB,105,99,6,315,33075,661.5,3969,36382.5,USD
TK0001276,V000638,2026-01-25 11:15:00,BUSINESS,APP,9,8,1,756,6804,136.08,816.48,7484.4,USD
TK0001277,V000639,2026-02-02 12:30:00,ECONOMY,APP,128,122,6,68.85,8812.8,176.26,1057.54,9694.08,USD
TK0001278,V000639,2026-01-24 12:30:00,BUSINESS,AGENCIA,13,11,2,165.24,2148.12,42.96,257.77,2362.93,USD
TK0001279,V000640,2026-02-01 13:45:00,ECONOMY,AGENCIA,0,0,0,191.88,0,0,0,0,USD
TK0001280,V000640,2026-01-23 13:45:00,BUSINESS,WEB,0,0,0,460.51,0,0,0,0,USD
TK0001281,V000641,2026-01-31 14:00:00,ECONOMY,WEB,104,104,0,333.9,34725.6,694.51,4167.07,38198.16,USD
TK0001282,V000641,2026-01-22 14:00:00,BUSINESS,APP,6,5,1,801.36,4808.16,96.16,576.98,5288.98,USD
TK0001283,V000642,2026-01-30 15:15:00,ECONOMY,APP,127,127,0,72.9,9258.3,185.17,1111,10184.13,USD
TK0001284,V000642,2026-01-21 15:15:00,BUSINESS,AGENCIA,10,8,2,174.96,1749.6,139.97,209.95,1819.58,USD
TK0001285,V000643,2026-01-29 16:30:00,ECONOMY,AGENCIA,176,173,3,202.95,35719.2,2857.54,4286.3,37147.96,USD
TK0001286,V000643,2026-01-20 16:30:00,BUSINESS,WEB,11,11,0,487.08,5357.88,107.16,642.95,5893.67,USD
TK0001287,V000644,2026-01-28 17:45:00,ECONOMY,WEB,129,126,3,352.8,45511.2,910.22,5461.34,50062.32,USD
TK0001288,V000644,2026-01-19 17:45:00,BUSINESS,APP,15,14,1,846.72,12700.8,254.02,1524.1,13970.88,USD
TK0001289,V000645,2026-01-28 18:00:00,ECONOMY,APP,156,153,3,76.95,12004.2,240.08,1440.5,13204.62,USD
TK0001290,V000645,2026-01-19 18:00:00,BUSINESS,AGENCIA,7,5,2,184.68,1292.76,25.86,155.13,1422.03,USD
TK0001291,V000646,2026-01-27 19:15:00,ECONOMY,AGENCIA,186,180,6,214.02,39807.72,796.15,4776.93,43788.5,USD
TK0001292,V000646,2026-01-18 19:15:00,BUSINESS,WEB,8,8,0,513.65,4109.2,82.18,493.1,4520.12,USD
TK0001293,V000647,2026-01-26 20:30:00,ECONOMY,WEB,139,133,6,371.7,51666.3,1033.33,6199.96,56832.93,USD
TK0001294,V000647,2026-01-17 20:30:00,BUSINESS,APP,12,11,1,892.08,10704.96,214.1,1284.6,11775.46,USD
TK0001295,V000648,2026-01-25 21:45:00,ECONOMY,APP,165,159,6,81,13365,267.3,1603.8,14701.5,USD
TK0001296,V000648,2026-01-16 21:45:00,BUSINESS,AGENCIA,16,14,2,194.4,3110.4,248.83,373.25,3234.82,USD
TK0001297,V000649,2026-01-24 04:00:00,ECONOMY,AGENCIA,96,96,0,82.35,7905.6,632.45,948.67,8221.82,USD
TK0001298,V000649,2026-01-15 04:00:00,BUSINESS,WEB,5,5,0,197.64,988.2,19.76,118.58,1087.02,USD
TK0001299,V000650,2026-01-23 05:15:00,ECONOMY,WEB,118,118,0,390.6,46090.8,921.82,5530.9,50699.88,USD
TK0001300,V000650,2026-01-14 05:15:00,BUSINESS,APP,9,8,1,937.44,8436.96,168.74,1012.44,9280.66,USD
TK0001301,V000651,2026-01-22 06:30:00,ECONOMY,APP,141,141,0,67.5,9517.5,190.35,1142.1,10469.25,USD
TK0001302,V000651,2026-01-13 06:30:00,BUSINESS,AGENCIA,13,11,2,162,2106,42.12,252.72,2316.6,USD
TK0001303,V000652,2026-01-21 07:45:00,ECONOMY,AGENCIA,104,101,3,68.85,7160.4,143.21,859.25,7876.44,USD
TK0001304,V000652,2026-01-12 07:45:00,BUSINESS,WEB,12,12,0,165.24,1982.88,39.66,237.95,2181.17,USD
TK0001305,V000653,2026-01-20 08:00:00,ECONOMY,WEB,127,124,3,191.88,24368.76,487.38,2924.25,26805.63,USD
TK0001306,V000653,2026-01-11 08:00:00,BUSINESS,APP,6,5,1,460.51,2763.06,55.26,331.57,3039.37,USD
TK0001307,V000654,2026-01-19 09:15:00,ECONOMY,APP,149,146,3,71.55,10660.95,213.22,1279.31,11727.04,USD
TK0001308,V000654,2026-01-10 09:15:00,BUSINESS,AGENCIA,10,8,2,171.72,1717.2,137.38,206.06,1785.88,USD
TK0001309,V000655,2026-01-18 10:30:00,ECONOMY,AGENCIA,114,108,6,72.9,8310.6,664.85,997.27,8643.02,USD
TK0001310,V000655,2026-01-09 10:30:00,BUSINESS,WEB,11,11,0,174.96,1924.56,38.49,230.95,2117.02,USD
TK0001311,V000656,2026-01-17 11:45:00,ECONOMY,WEB,137,131,6,202.95,27804.15,556.08,3336.5,30584.57,USD
TK0001312,V000656,2026-01-08 11:45:00,BUSINESS,APP,13,12,1,487.08,6332.04,126.64,759.84,6965.24,USD
TK0001313,V000657,2026-01-16 12:00:00,ECONOMY,APP,160,154,6,75.6,12096,241.92,1451.52,13305.6,USD
TK0001314,V000657,2026-01-07 12:00:00,BUSINESS,AGENCIA,7,5,2,181.44,1270.08,25.4,152.41,1397.09,USD
TK0001315,V000658,2026-01-15 13:15:00,ECONOMY,AGENCIA,113,113,0,76.95,8695.35,173.91,1043.44,9564.88,USD
TK0001316,V000658,2026-01-06 13:15:00,BUSINESS,WEB,8,8,0,184.68,1477.44,29.55,177.29,1625.18,USD
TK0001317,V000659,2026-01-15 14:30:00,ECONOMY,WEB,136,136,0,214.02,29106.72,582.13,3492.81,32017.4,USD
TK0001318,V000659,2026-01-06 14:30:00,BUSINESS,APP,12,11,1,513.65,6163.8,123.28,739.66,6780.18,USD
TK0001319,V000660,2026-01-14 15:45:00,ECONOMY,APP,159,159,0,79.65,12664.35,253.29,1519.72,13930.78,USD
TK0001320,V000660,2026-01-05 15:45:00,BUSINESS,AGENCIA,14,12,2,191.16,2676.24,214.1,321.15,2783.29,USD
TK0001321,V000661,2026-01-13 16:00:00,ECONOMY,AGENCIA,140,137,3,81,11340,907.2,1360.8,11793.6,USD
TK0001322,V000661,2026-01-04 16:00:00,BUSINESS,WEB,5,5,0,194.4,972,19.44,116.64,1069.2,USD
TK0001323,V000662,2026-01-12 17:15:00,ECONOMY,WEB,166,163,3,225.09,37364.94,747.3,4483.79,41101.43,USD
TK0001324,V000662,2026-01-03 17:15:00,BUSINESS,APP,9,8,1,540.22,4861.98,97.24,583.44,5348.18,USD
TK0001325,V000663,2026-01-11 18:30:00,ECONOMY,APP,119,116,3,83.7,9960.3,199.21,1195.24,10956.33,USD
TK0001326,V000663,2026-01-02 18:30:00,BUSINESS,AGENCIA,13,11,2,200.88,2611.44,52.23,313.37,2872.58,USD
TK0001327,V000664,2026-01-10 19:45:00,ECONOMY,AGENCIA,149,143,6,67.5,10057.5,201.15,1206.9,11063.25,USD
TK0001328,V000664,2026-01-01 19:45:00,BUSINESS,WEB,14,14,0,162,2268,45.36,272.16,2494.8,USD
TK0001329,V000665,2026-01-09 20:00:00,ECONOMY,WEB,175,169,6,188.19,32933.25,658.66,3951.99,36226.58,USD
TK0001330,V000665,2025-12-31 20:00:00,BUSINESS,APP,6,5,1,451.66,2709.96,54.2,325.2,2980.96,USD
TK0001331,V000666,2026-01-08 21:15:00,ECONOMY,APP,128,122,6,327.6,41932.8,838.66,5031.94,46126.08,USD
TK0001332,V000666,2025-12-30 21:15:00,BUSINESS,AGENCIA,10,8,2,786.24,7862.4,628.99,943.49,8176.9,USD
TK0001333,V000667,2026-01-07 04:30:00,ECONOMY,AGENCIA,127,127,0,71.55,9086.85,726.95,1090.42,9450.32,USD
TK0001334,V000667,2026-02-12 04:30:00,BUSINESS,WEB,11,11,0,171.72,1888.92,37.78,226.67,2077.81,USD
TK0001335,V000668,2026-01-06 05:45:00,ECONOMY,WEB,150,150,0,199.26,29889,597.78,3586.68,32877.9,USD
TK0001336,V000668,2026-02-11 05:45:00,BUSINESS,APP,13,12,1,478.22,6216.86,124.34,746.02,6838.54,USD
TK0001337,V000669,2026-01-05 06:00:00,ECONOMY,APP,110,110,0,346.5,38115,762.3,4573.8,41926.5,USD
TK0001338,V000669,2026-02-10 06:00:00,BUSINESS,AGENCIA,7,5,2,831.6,5821.2,116.42,698.54,6403.32,USD
TK0001339,V000670,2026-01-04 07:15:00,ECONOMY,AGENCIA,135,132,3,75.6,10206,204.12,1224.72,11226.6,USD
TK0001340,V000670,2026-02-09 07:15:00,BUSINESS,WEB,8,8,0,181.44,1451.52,29.03,174.18,1596.67,USD
TK0001341,V000671,2026-01-03 08:30:00,ECONOMY,WEB,158,155,3,210.33,33232.14,664.64,3987.86,36555.36,USD
TK0001342,V000671,2026-02-08 08:30:00,BUSINESS,APP,12,11,1,504.79,6057.48,121.15,726.9,6663.23,USD
TK0001343,V000672,2026-01-02 09:45:00,ECONOMY,APP,118,115,3,365.4,43117.2,862.34,5174.06,47428.92,USD
TK0001344,V000672,2026-02-07 09:45:00,BUSINESS,AGENCIA,14,12,2,876.96,12277.44,982.2,1473.29,12768.53,USD
TK0001345,V000673,2026-01-02 10:00:00,ECONOMY,AGENCIA,146,140,6,79.65,11628.9,930.31,1395.47,12094.06,USD
TK0001346,V000673,2026-02-07 10:00:00,BUSINESS,WEB,5,5,0,191.16,955.8,19.12,114.7,1051.38,USD
TK0001347,V000674,2026-01-01 11:15:00,ECONOMY,WEB,105,99,6,81,8505,170.1,1020.6,9355.5,USD
TK0001348,V000674,2026-02-06 11:15:00,BUSINESS,APP,9,8,1,194.4,1749.6,34.99,209.95,1924.56,USD
TK0001349,V000675,2025-12-31 12:30:00,ECONOMY,APP,128,122,6,384.3,49190.4,983.81,5902.85,54109.44,USD
TK0001350,V000675,2026-02-05 12:30:00,BUSINESS,AGENCIA,13,11,2,922.32,11990.16,239.8,1438.82,13189.18,USD
TK0001351,V000676,2026-02-13 13:45:00,ECONOMY,AGENCIA,145,145,0,83.7,12136.5,242.73,1456.38,13350.15,USD
TK0001352,V000676,2026-02-04 13:45:00,BUSINESS,WEB,12,12,0,200.88,2410.56,48.21,289.27,2651.62,USD
TK0001353,V000677,2026-02-12 14:00:00,ECONOMY,WEB,104,104,0,67.5,7020,140.4,842.4,7722,USD
TK0001354,V000677,2026-02-03 14:00:00,BUSINESS,APP,6,5,1,162,972,19.44,116.64,1069.2,USD
TK0001355,V000678,2026-02-11 15:15:00,ECONOMY,APP,127,127,0,188.19,23900.13,478,2868.02,26290.15,USD
TK0001356,V000678,2026-02-02 15:15:00,BUSINESS,AGENCIA,10,8,2,451.66,4516.6,361.33,541.99,4697.26,USD
TK0001357,V000679,2026-02-10 16:30:00,ECONOMY,AGENCIA,176,173,3,70.2,12355.2,988.42,1482.62,12849.4,USD
TK0001358,V000679,2026-02-01 16:30:00,BUSINESS,WEB,11,11,0,168.48,1853.28,37.07,222.39,2038.6,USD
TK0001359,V000680,2026-02-09 17:45:00,ECONOMY,WEB,129,126,3,71.55,9229.95,184.6,1107.59,10152.94,USD
TK0001360,V000680,2026-01-31 17:45:00,BUSINESS,APP,15,14,1,171.72,2575.8,51.52,309.1,2833.38,USD
TK0001361,V000681,2026-02-08 18:00:00,ECONOMY,APP,156,153,3,199.26,31084.56,621.69,3730.15,34193.02,USD
TK0001362,V000681,2026-01-30 18:00:00,BUSINESS,AGENCIA,7,5,2,478.22,3347.54,66.95,401.7,3682.29,USD
TK0001363,V000682,2026-02-07 19:15:00,ECONOMY,AGENCIA,186,180,6,74.25,13810.5,276.21,1657.26,15191.55,USD
TK0001364,V000682,2026-01-29 19:15:00,BUSINESS,WEB,8,8,0,178.2,1425.6,28.51,171.07,1568.16,USD
TK0001365,V000683,2026-02-06 20:30:00,ECONOMY,WEB,139,133,6,75.6,10508.4,210.17,1261.01,11559.24,USD
TK0001366,V000683,2026-01-28 20:30:00,BUSINESS,APP,12,11,1,181.44,2177.28,43.55,261.27,2395,USD
TK0001367,V000684,2026-02-05 21:45:00,ECONOMY,APP,165,159,6,210.33,34704.45,694.09,4164.53,38174.89,USD
TK0001368,V000684,2026-01-27 21:45:00,BUSINESS,AGENCIA,16,14,2,504.79,8076.64,646.13,969.2,8399.71,USD
TK0001369,V000685,2026-02-04 04:00:00,ECONOMY,AGENCIA,96,96,0,78.3,7516.8,601.34,902.02,7817.48,USD
TK0001370,V000685,2026-01-26 04:00:00,BUSINESS,WEB,5,5,0,187.92,939.6,18.79,112.75,1033.56,USD
TK0001371,V000686,2026-02-03 05:15:00,ECONOMY,WEB,118,118,0,79.65,9398.7,187.97,1127.84,10338.57,USD
TK0001372,V000686,2026-01-25 05:15:00,BUSINESS,APP,9,8,1,191.16,1720.44,34.41,206.45,1892.48,USD
TK0001373,V000687,2026-02-03 06:30:00,ECONOMY,APP,141,141,0,221.4,31217.4,624.35,3746.09,34339.14,USD
TK0001374,V000687,2026-01-25 06:30:00,BUSINESS,AGENCIA,13,11,2,531.36,6907.68,138.15,828.92,7598.45,USD
TK0001375,V000688,2026-02-02 07:45:00,ECONOMY,AGENCIA,104,101,3,82.35,8564.4,171.29,1027.73,9420.84,USD
TK0001376,V000688,2026-01-24 07:45:00,BUSINESS,WEB,12,12,0,197.64,2371.68,47.43,284.6,2608.85,USD
TK0001377,V000689,2026-02-01 08:00:00,ECONOMY,WEB,127,124,3,83.7,10629.9,212.6,1275.59,11692.89,USD
TK0001378,V000689,2026-01-23 08:00:00,BUSINESS,APP,6,5,1,200.88,1205.28,24.11,144.63,1325.8,USD
TK0001379,V000690,2026-01-31 09:15:00,ECONOMY,APP,149,146,3,184.5,27490.5,549.81,3298.86,30239.55,USD
TK0001380,V000690,2026-01-22 09:15:00,BUSINESS,AGENCIA,10,8,2,442.8,4428,354.24,531.36,4605.12,USD
TK0001381,V000691,2026-01-30 10:30:00,ECONOMY,AGENCIA,114,108,6,321.3,36628.2,2930.26,4395.38,38093.32,USD
TK0001382,V000691,2026-01-21 10:30:00,BUSINESS,WEB,11,11,0,771.12,8482.32,169.65,1017.88,9330.55,USD
TK0001383,V000692,2026-01-29 11:45:00,ECONOMY,WEB,137,131,6,70.2,9617.4,192.35,1154.09,10579.14,USD
TK0001384,V000692,2026-01-20 11:45:00,BUSINESS,APP,13,12,1,168.48,2190.24,43.8,262.83,2409.27,USD
TK0001385,V000693,2026-01-28 12:00:00,ECONOMY,APP,160,154,6,195.57,31291.2,625.82,3754.94,34420.32,USD
TK0001386,V000693,2026-01-19 12:00:00,BUSINESS,AGENCIA,7,5,2,469.37,3285.59,65.71,394.27,3614.15,USD
TK0001387,V000694,2026-01-27 13:15:00,ECONOMY,AGENCIA,113,113,0,340.2,38442.6,768.85,4613.11,42286.86,USD
TK0001388,V000694,2026-01-18 13:15:00,BUSINESS,WEB,8,8,0,816.48,6531.84,130.64,783.82,7185.02,USD
TK0001389,V000695,2026-01-26 14:30:00,ECONOMY,WEB,136,136,0,74.25,10098,201.96,1211.76,11107.8,USD
TK0001390,V000695,2026-01-17 14:30:00,BUSINESS,APP,12,11,1,178.2,2138.4,42.77,256.61,2352.24,USD
TK0001391,V000696,2026-01-25 15:45:00,ECONOMY,APP,159,159,0,206.64,32855.76,657.12,3942.69,36141.33,USD
TK0001392,V000696,2026-01-16 15:45:00,BUSINESS,AGENCIA,14,12,2,495.94,6943.16,555.45,833.18,7220.89,USD
TK0001393,V000697,2026-01-24 16:00:00,ECONOMY,AGENCIA,140,137,3,359.1,50274,4021.92,6032.88,52284.96,USD
TK0001394,V000697,2026-01-15 16:00:00,BUSINESS,WEB,5,5,0,861.84,4309.2,86.18,517.1,4740.12,USD
TK0001395,V000698,2026-01-23 17:15:00,ECONOMY,WEB,166,163,3,78.3,12997.8,259.96,1559.74,14297.58,USD
TK0001396,V000698,2026-01-14 17:15:00,BUSINESS,APP,9,8,1,187.92,1691.28,33.83,202.95,1860.4,USD
TK0001397,V000699,2026-01-22 18:30:00,ECONOMY,APP,119,116,3,79.65,9478.35,189.57,1137.4,10426.18,USD
TK0001398,V000699,2026-01-13 18:30:00,BUSINESS,AGENCIA,13,11,2,191.16,2485.08,49.7,298.21,2733.59,USD
TK0001399,V000700,2026-01-21 19:45:00,ECONOMY,AGENCIA,149,143,6,378,56322,1126.44,6758.64,61954.2,USD
TK0001400,V000700,2026-01-12 19:45:00,BUSINESS,WEB,14,14,0,907.2,12700.8,254.02,1524.1,13970.88,USD
TK0001401,V000701,2026-01-21 20:00:00,ECONOMY,WEB,175,169,6,82.35,14411.25,288.23,1729.35,15852.37,USD
TK0001402,V000701,2026-01-12 20:00:00,BUSINESS,APP,6,5,1,197.64,1185.84,23.72,142.3,1304.42,USD
TK0001403,V000702,2026-01-20 21:15:00,ECONOMY,APP,128,122,6,83.7,10713.6,214.27,1285.63,11784.96,USD
TK0001404,V000702,2026-01-11 21:15:00,BUSINESS,AGENCIA,10,8,2,200.88,2008.8,160.7,241.06,2089.16,USD
TK0001405,V000703,2026-01-19 04:30:00,ECONOMY,AGENCIA,127,127,0,184.5,23431.5,1874.52,2811.78,24368.76,USD
TK0001406,V000703,2026-01-10 04:30:00,BUSINESS,WEB,11,11,0,442.8,4870.8,97.42,584.5,5357.88,USD
TK0001407,V000704,2026-01-18 05:45:00,ECONOMY,WEB,150,150,0,68.85,10327.5,206.55,1239.3,11360.25,USD
TK0001408,V000704,2026-01-09 05:45:00,BUSINESS,APP,13,12,1,165.24,2148.12,42.96,257.77,2362.93,USD
TK0001409,V000705,2026-01-17 06:00:00,ECONOMY,APP,110,110,0,70.2,7722,154.44,926.64,8494.2,USD
TK0001410,V000705,2026-01-08 06:00:00,BUSINESS,AGENCIA,7,5,2,168.48,1179.36,23.59,141.52,1297.29,USD
TK0001411,V000706,2026-01-16 07:15:00,ECONOMY,AGENCIA,135,132,3,195.57,26401.95,528.04,3168.23,29042.14,USD
TK0001412,V000706,2026-01-07 07:15:00,BUSINESS,WEB,8,8,0,469.37,3754.96,75.1,450.6,4130.46,USD
TK0001413,V000707,2026-01-15 08:30:00,ECONOMY,WEB,158,155,3,72.9,11518.2,230.36,1382.18,12670.02,USD
TK0001414,V000707,2026-01-06 08:30:00,BUSINESS,APP,12,11,1,174.96,2099.52,41.99,251.94,2309.47,USD
TK0001415,V000708,2026-01-14 09:45:00,ECONOMY,APP,118,115,3,74.25,8761.5,175.23,1051.38,9637.65,USD
TK0001416,V000708,2026-01-05 09:45:00,BUSINESS,AGENCIA,14,12,2,178.2,2494.8,199.58,299.38,2594.6,USD
TK0001417,V000709,2026-01-13 10:00:00,ECONOMY,AGENCIA,146,140,6,206.64,30169.44,2413.56,3620.33,31376.21,USD
TK0001418,V000709,2026-01-04 10:00:00,BUSINESS,WEB,5,5,0,495.94,2479.7,49.59,297.56,2727.67,USD
TK0001419,V000710,2026-01-12 11:15:00,ECONOMY,WEB,105,99,6,76.95,8079.75,161.59,969.57,8887.73,USD
TK0001420,V000710,2026-01-03 11:15:00,BUSINESS,APP,9,8,1,184.68,1662.12,33.24,199.45,1828.33,USD
TK0001421,V000711,2026-01-11 12:30:00,ECONOMY,APP,0,0,0,78.3,0,0,0,0,USD
TK0001422,V000711,2026-01-02 12:30:00,BUSINESS,AGENCIA,0,0,0,187.92,0,0,0,0,USD
TK0001423,V000712,2026-01-10 13:45:00,ECONOMY,AGENCIA,145,145,0,217.71,31567.95,631.36,3788.15,34724.74,USD
TK0001424,V000712,2026-02-15 13:45:00,BUSINESS,WEB,12,12,0,522.5,6270,125.4,752.4,6897,USD
TK0001425,V000713,2026-01-09 14:00:00,ECONOMY,WEB,104,104,0,81,8424,168.48,1010.88,9266.4,USD
TK0001426,V000713,2026-02-14 14:00:00,BUSINESS,APP,6,5,1,194.4,1166.4,23.33,139.97,1283.04,USD
TK0001427,V000714,2026-01-08 15:15:00,ECONOMY,APP,127,127,0,82.35,10458.45,209.17,1255.01,11504.29,USD
TK0001428,V000714,2026-02-13 15:15:00,BUSINESS,AGENCIA,10,8,2,197.64,1976.4,158.11,237.17,2055.46,USD
TK0001429,V000715,2026-01-08 16:30:00,ECONOMY,AGENCIA,176,173,3,228.78,40265.28,3221.22,4831.83,41875.89,USD
TK0001430,V000715,2026-02-13 16:30:00,BUSINESS,WEB,11,11,0,549.07,6039.77,120.8,724.77,6643.74,USD
TK0001431,V000716,2026-01-07 17:45:00,ECONOMY,WEB,129,126,3,315,40635,812.7,4876.2,44698.5,USD
TK0001432,V000716,2026-02-12 17:45:00,BUSINESS,APP,15,14,1,756,11340,226.8,1360.8,12474,USD
TK0001433,V000717,2026-01-06 18:00:00,ECONOMY,APP,156,153,3,68.85,10740.6,214.81,1288.87,11814.66,USD
TK0001434,V000717,2026-02-11 18:00:00,BUSINESS,AGENCIA,7,5,2,165.24,1156.68,23.13,138.8,1272.35,USD
TK0001435,V000718,2026-01-05 19:15:00,ECONOMY,AGENCIA,186,180,6,191.88,35689.68,713.79,4282.76,39258.65,USD
TK0001436,V000718,2026-02-10 19:15:00,BUSINESS,WEB,8,8,0,460.51,3684.08,73.68,442.09,4052.49,USD
TK0001437,V000719,2026-01-04 20:30:00,ECONOMY,WEB,139,133,6,333.9,46412.1,928.24,5569.45,51053.31,USD
TK0001438,V000719,2026-02-09 20:30:00,BUSINESS,APP,12,11,1,801.36,9616.32,192.33,1153.96,10577.95,USD
TK0001439,V000720,2026-01-03 21:45:00,ECONOMY,APP,165,159,6,72.9,12028.5,240.57,1443.42,13231.35,USD
TK0001440,V000720,2026-02-08 21:45:00,BUSINESS,AGENCIA,16,14,2,174.96,2799.36,223.95,335.92,2911.33,USD
TK0001441,V000721,2026-02-16 04:00:00,ECONOMY,AGENCIA,96,96,0,202.95,19483.2,1558.66,2337.98,20262.52,USD
TK0001442,V000721,2026-02-07 04:00:00,BUSINESS,WEB,5,5,0,487.08,2435.4,48.71,292.25,2678.94,USD
TK0001443,V000722,2026-02-15 05:15:00,ECONOMY,WEB,118,118,0,352.8,41630.4,832.61,4995.65,45793.44,USD
TK0001444,V000722,2026-02-06 05:15:00,BUSINESS,APP,9,8,1,846.72,7620.48,152.41,914.46,8382.53,USD
TK0001445,V000723,2026-02-14 06:30:00,ECONOMY,APP,141,141,0,76.95,10849.95,217,1301.99,11934.94,USD
TK0001446,V000723,2026-02-05 06:30:00,BUSINESS,AGENCIA,13,11,2,184.68,2400.84,48.02,288.1,2640.92,USD
TK0001447,V000724,2026-02-13 07:45:00,ECONOMY,AGENCIA,104,101,3,78.3,8143.2,162.86,977.18,8957.52,USD
TK0001448,V000724,2026-02-04 07:45:00,BUSINESS,WEB,12,12,0,187.92,2255.04,45.1,270.6,2480.54,USD
TK0001449,V000725,2026-02-12 08:00:00,ECONOMY,WEB,127,124,3,371.7,47205.9,944.12,5664.71,51926.49,USD
TK0001450,V000725,2026-02-03 08:00:00,BUSINESS,APP,6,5,1,892.08,5352.48,107.05,642.3,5887.73,USD
TK0001451,V000726,2026-02-11 09:15:00,ECONOMY,APP,149,146,3,81,12069,241.38,1448.28,13275.9,USD
TK0001452,V000726,2026-02-02 09:15:00,BUSINESS,AGENCIA,10,8,2,194.4,1944,155.52,233.28,2021.76,USD
TK0001453,V000727,2026-02-10 10:30:00,ECONOMY,AGENCIA,114,108,6,82.35,9387.9,751.03,1126.55,9763.42,USD
TK0001454,V000727,2026-02-01 10:30:00,BUSINESS,WEB,11,11,0,197.64,2174.04,43.48,260.88,2391.44,USD
TK0001455,V000728,2026-02-09 11:45:00,ECONOMY,WEB,137,131,6,390.6,53512.2,1070.24,6421.46,58863.42,USD
TK0001456,V000728,2026-01-31 11:45:00,BUSINESS,APP,13,12,1,937.44,12186.72,243.73,1462.41,13405.4,USD
TK0001457,V000729,2026-02-09 12:00:00,ECONOMY,APP,160,154,6,67.5,10800,216,1296,11880,USD
TK0001458,V000729,2026-01-31 12:00:00,BUSINESS,AGENCIA,7,5,2,162,1134,22.68,136.08,1247.4,USD
TK0001459,V000730,2026-02-08 13:15:00,ECONOMY,AGENCIA,113,113,0,68.85,7780.05,155.6,933.61,8558.06,USD
TK0001460,V000730,2026-01-30 13:15:00,BUSINESS,WEB,8,8,0,165.24,1321.92,26.44,158.63,1454.11,USD
TK0001461,V000731,2026-02-07 14:30:00,ECONOMY,WEB,136,136,0,191.88,26095.68,521.91,3131.48,28705.25,USD
TK0001462,V000731,2026-01-29 14:30:00,BUSINESS,APP,12,11,1,460.51,5526.12,110.52,663.13,6078.73,USD
TK0001463,V000732,2026-02-06 15:45:00,ECONOMY,APP,159,159,0,71.55,11376.45,227.53,1365.17,12514.09,USD
TK0001464,V000732,2026-01-28 15:45:00,BUSINESS,AGENCIA,14,12,2,171.72,2404.08,192.33,288.49,2500.24,USD
TK0001465,V000733,2026-02-05 16:00:00,ECONOMY,AGENCIA,140,137,3,72.9,10206,816.48,1224.72,10614.24,USD
TK0001466,V000733,2026-01-27 16:00:00,BUSINESS,WEB,5,5,0,174.96,874.8,17.5,104.98,962.28,USD
TK0001467,V000734,2026-02-04 17:15:00,ECONOMY,WEB,166,163,3,202.95,33689.7,673.79,4042.76,37058.67,USD
TK0001468,V000734,2026-01-26 17:15:00,BUSINESS,APP,9,8,1,487.08,4383.72,87.67,526.05,4822.1,USD
TK0001469,V000735,2026-02-03 18:30:00,ECONOMY,APP,119,116,3,75.6,8996.4,179.93,1079.57,9896.04,USD
TK0001470,V000735,2026-01-25 18:30:00,BUSINESS,AGENCIA,13,11,2,181.44,2358.72,47.17,283.05,2594.6,USD
TK0001471,V000736,2026-02-02 19:45:00,ECONOMY,AGENCIA,149,143,6,76.95,11465.55,229.31,1375.87,12612.11,USD
TK0001472,V000736,2026-01-24 19:45:00,BUSINESS,WEB,14,14,0,184.68,2585.52,51.71,310.26,2844.07,USD
TK0001473,V000737,2026-02-01 20:00:00,ECONOMY,WEB,175,169,6,214.02,37453.5,749.07,4494.42,41198.85,USD
TK0001474,V000737,2026-01-23 20:00:00,BUSINESS,APP,6,5,1,513.65,3081.9,61.64,369.83,3390.09,USD
TK0001475,V000738,2026-01-31 21:15:00,ECONOMY,APP,128,122,6,79.65,10195.2,203.9,1223.42,11214.72,USD
TK0001476,V000738,2026-01-22 21:15:00,BUSINESS,AGENCIA,10,8,2,191.16,1911.6,152.93,229.39,1988.06,USD
TK0001477,V000739,2026-01-30 04:30:00,ECONOMY,AGENCIA,127,127,0,81,10287,822.96,1234.44,10698.48,USD
TK0001478,V000739,2026-01-21 04:30:00,BUSINESS,WEB,11,11,0,194.4,2138.4,42.77,256.61,2352.24,USD
TK0001479,V000740,2026-01-29 05:45:00,ECONOMY,WEB,150,150,0,225.09,33763.5,675.27,4051.62,37139.85,USD
TK0001480,V000740,2026-01-20 05:45:00,BUSINESS,APP,13,12,1,540.22,7022.86,140.46,842.74,7725.14,USD
TK0001481,V000741,2026-01-28 06:00:00,ECONOMY,APP,110,110,0,390.6,42966,859.32,5155.92,47262.6,USD
TK0001482,V000741,2026-01-19 06:00:00,BUSINESS,AGENCIA,7,5,2,937.44,6562.08,131.24,787.45,7218.29,USD
TK0001483,V000742,2026-01-27 07:15:00,ECONOMY,AGENCIA,135,132,3,67.5,9112.5,182.25,1093.5,10023.75,USD
TK0001484,V000742,2026-01-18 07:15:00,BUSINESS,WEB,8,8,0,162,1296,25.92,155.52,1425.6,USD
TK0001485,V000743,2026-01-27 08:30:00,ECONOMY,WEB,158,155,3,188.19,29734.02,594.68,3568.08,32707.42,USD
TK0001486,V000743,2026-01-18 08:30:00,BUSINESS,APP,12,11,1,451.66,5419.92,108.4,650.39,5961.91,USD
TK0001487,V000744,2026-01-26 09:45:00,ECONOMY,APP,118,115,3,327.6,38656.8,773.14,4638.82,42522.48,USD
TK0001488,V000744,2026-01-17 09:45:00,BUSINESS,AGENCIA,14,12,2,786.24,11007.36,880.59,1320.88,11447.65,USD
TK0001489,V000745,2026-01-25 10:00:00,ECONOMY,AGENCIA,146,140,6,71.55,10446.3,835.7,1253.56,10864.16,USD
TK0001490,V000745,2026-01-16 10:00:00,BUSINESS,WEB,5,5,0,171.72,858.6,17.17,103.03,944.46,USD
TK0001491,V000746,2026-01-24 11:15:00,ECONOMY,WEB,105,99,6,199.26,20922.3,418.45,2510.68,23014.53,USD
TK0001492,V000746,2026-01-15 11:15:00,BUSINESS,APP,9,8,1,478.22,4303.98,86.08,516.48,4734.38,USD
TK0001493,V000747,2026-01-23 12:30:00,ECONOMY,APP,128,122,6,346.5,44352,887.04,5322.24,48787.2,USD
TK0001494,V000747,2026-01-14 12:30:00,BUSINESS,AGENCIA,13,11,2,831.6,10810.8,216.22,1297.3,11891.88,USD
TK0001495,V000748,2026-01-22 13:45:00,ECONOMY,AGENCIA,145,145,0,75.6,10962,219.24,1315.44,12058.2,USD
TK0001496,V000748,2026-01-13 13:45:00,BUSINESS,WEB,12,12,0,181.44,2177.28,43.55,261.27,2395,USD
TK0001497,V000749,2026-01-21 14:00:00,ECONOMY,WEB,104,104,0,210.33,21874.32,437.49,2624.92,24061.75,USD
TK0001498,V000749,2026-01-12 14:00:00,BUSINESS,APP,6,5,1,504.79,3028.74,60.57,363.45,3331.62,USD
TK0001499,V000750,2026-01-20 15:15:00,ECONOMY,APP,127,127,0,365.4,46405.8,928.12,5568.7,51046.38,USD
TK0001500,V000750,2026-01-11 15:15:00,BUSINESS,AGENCIA,10,8,2,876.96,8769.6,701.57,1052.35,9120.38,USD
TK0001501,V000751,2026-01-19 16:30:00,ECONOMY,AGENCIA,176,173,3,79.65,14018.4,1121.47,1682.21,14579.14,USD
TK0001502,V000751,2026-01-10 16:30:00,BUSINESS,WEB,11,11,0,191.16,2102.76,42.06,252.33,2313.03,USD
TK0001503,V000752,2026-01-18 17:45:00,ECONOMY,WEB,129,126,3,81,10449,208.98,1253.88,11493.9,USD
TK0001504,V000752,2026-01-09 17:45:00,BUSINESS,APP,15,14,1,194.4,2916,58.32,349.92,3207.6,USD
TK0001505,V000753,2026-01-17 18:00:00,ECONOMY,APP,156,153,3,384.3,59950.8,1199.02,7194.1,65945.88,USD
TK0001506,V000753,2026-01-08 18:00:00,BUSINESS,AGENCIA,7,5,2,922.32,6456.24,129.12,774.75,7101.87,USD
TK0001507,V000754,2026-01-16 19:15:00,ECONOMY,AGENCIA,186,180,6,83.7,15568.2,311.36,1868.18,17125.02,USD
TK0001508,V000754,2026-01-07 19:15:00,BUSINESS,WEB,8,8,0,200.88,1607.04,32.14,192.84,1767.74,USD
TK0001509,V000755,2026-01-15 20:30:00,ECONOMY,WEB,139,133,6,67.5,9382.5,187.65,1125.9,10320.75,USD
TK0001510,V000755,2026-01-06 20:30:00,BUSINESS,APP,12,11,1,162,1944,38.88,233.28,2138.4,USD
TK0001511,V000756,2026-01-14 21:45:00,ECONOMY,APP,165,159,6,188.19,31051.35,621.03,3726.16,34156.48,USD
TK0001512,V000756,2026-01-05 21:45:00,BUSINESS,AGENCIA,16,14,2,451.66,7226.56,578.12,867.19,7515.63,USD
TK0001513,V000757,2026-01-14 04:00:00,ECONOMY,AGENCIA,96,96,0,70.2,6739.2,539.14,808.7,7008.76,USD
TK0001514,V000757,2026-02-19 04:00:00,BUSINESS,WEB,5,5,0,168.48,842.4,16.85,101.09,926.64,USD
TK0001515,V000758,2026-01-13 05:15:00,ECONOMY,WEB,118,118,0,71.55,8442.9,168.86,1013.15,9287.19,USD
TK0001516,V000758,2026-02-18 05:15:00,BUSINESS,APP,9,8,1,171.72,1545.48,30.91,185.46,1700.03,USD
TK0001517,V000759,2026-01-12 06:30:00,ECONOMY,APP,141,141,0,199.26,28095.66,561.91,3371.48,30905.23,USD
TK0001518,V000759,2026-02-17 06:30:00,BUSINESS,AGENCIA,13,11,2,478.22,6216.86,124.34,746.02,6838.54,USD
TK0001519,V000760,2026-01-11 07:45:00,ECONOMY,AGENCIA,104,101,3,74.25,7722,154.44,926.64,8494.2,USD
TK0001520,V000760,2026-02-16 07:45:00,BUSINESS,WEB,12,12,0,178.2,2138.4,42.77,256.61,2352.24,USD
TK0001521,V000761,2026-01-10 08:00:00,ECONOMY,WEB,127,124,3,75.6,9601.2,192.02,1152.14,10561.32,USD
TK0001522,V000761,2026-02-15 08:00:00,BUSINESS,APP,6,5,1,181.44,1088.64,21.77,130.64,1197.51,USD
TK0001523,V000762,2026-01-09 09:15:00,ECONOMY,APP,149,146,3,210.33,31339.17,626.78,3760.7,34473.09,USD
TK0001524,V000762,2026-02-14 09:15:00,BUSINESS,AGENCIA,10,8,2,504.79,5047.9,403.83,605.75,5249.82,USD
TK0001525,V000763,2026-01-08 10:30:00,ECONOMY,AGENCIA,114,108,6,78.3,8926.2,714.1,1071.14,9283.24,USD
TK0001526,V000763,2026-02-13 10:30:00,BUSINESS,WEB,11,11,0,187.92,2067.12,41.34,248.05,2273.83,USD
TK0001527,V000764,2026-01-07 11:45:00,ECONOMY,WEB,137,131,6,79.65,10912.05,218.24,1309.45,12003.26,USD
TK0001528,V000764,2026-02-12 11:45:00,BUSINESS,APP,13,12,1,191.16,2485.08,49.7,298.21,2733.59,USD
TK0001529,V000765,2026-01-06 12:00:00,ECONOMY,APP,160,154,6,221.4,35424,708.48,4250.88,38966.4,USD
TK0001530,V000765,2026-02-11 12:00:00,BUSINESS,AGENCIA,7,5,2,531.36,3719.52,74.39,446.34,4091.47,USD
TK0001531,V000766,2026-02-19 13:15:00,ECONOMY,AGENCIA,113,113,0,384.3,43425.9,868.52,5211.11,47768.49,USD
TK0001532,V000766,2026-02-10 13:15:00,BUSINESS,WEB,8,8,0,922.32,7378.56,147.57,885.43,8116.42,USD
TK0001533,V000767,2026-02-18 14:30:00,ECONOMY,WEB,136,136,0,83.7,11383.2,227.66,1365.98,12521.52,USD
TK0001534,V000767,2026-02-09 14:30:00,BUSINESS,APP,12,11,1,200.88,2410.56,48.21,289.27,2651.62,USD
TK0001535,V000768,2026-02-17 15:45:00,ECONOMY,APP,159,159,0,184.5,29335.5,586.71,3520.26,32269.05,USD
TK0001536,V000768,2026-02-08 15:45:00,BUSINESS,AGENCIA,14,12,2,442.8,6199.2,495.94,743.9,6447.16,USD
TK0001537,V000769,2026-02-16 16:00:00,ECONOMY,AGENCIA,140,137,3,321.3,44982,3598.56,5397.84,46781.28,USD
TK0001538,V000769,2026-02-07 16:00:00,BUSINESS,WEB,5,5,0,771.12,3855.6,77.11,462.67,4241.16,USD
TK0001539,V000770,2026-02-15 17:15:00,ECONOMY,WEB,166,163,3,70.2,11653.2,233.06,1398.38,12818.52,USD
TK0001540,V000770,2026-02-06 17:15:00,BUSINESS,APP,9,8,1,168.48,1516.32,30.33,181.96,1667.95,USD
TK0001541,V000771,2026-02-15 18:30:00,ECONOMY,APP,119,116,3,195.57,23272.83,465.46,2792.74,25600.11,USD
TK0001542,V000771,2026-02-06 18:30:00,BUSINESS,AGENCIA,13,11,2,469.37,6101.81,122.04,732.22,6711.99,USD
TK0001543,V000772,2026-02-14 19:45:00,ECONOMY,AGENCIA,149,143,6,340.2,50689.8,1013.8,6082.78,55758.78,USD
TK0001544,V000772,2026-02-05 19:45:00,BUSINESS,WEB,14,14,0,816.48,11430.72,228.61,1371.69,12573.8,USD
TK0001545,V000773,2026-02-13 20:00:00,ECONOMY,WEB,175,169,6,74.25,12993.75,259.88,1559.25,14293.12,USD
TK0001546,V000773,2026-02-04 20:00:00,BUSINESS,APP,6,5,1,178.2,1069.2,21.38,128.3,1176.12,USD
TK0001547,V000774,2026-02-12 21:15:00,ECONOMY,APP,128,122,6,206.64,26449.92,529,3173.99,29094.91,USD
TK0001548,V000774,2026-02-03 21:15:00,BUSINESS,AGENCIA,10,8,2,495.94,4959.4,396.75,595.13,5157.78,USD
TK0001549,V000775,2026-02-11 04:30:00,ECONOMY,AGENCIA,127,127,0,359.1,45605.7,3648.46,5472.68,47429.92,USD
TK0001550,V000775,2026-02-02 04:30:00,BUSINESS,WEB,11,11,0,861.84,9480.24,189.6,1137.63,10428.27,USD
TK0001551,V000776,2026-02-10 05:45:00,ECONOMY,WEB,150,150,0,78.3,11745,234.9,1409.4,12919.5,USD
TK0001552,V000776,2026-02-01 05:45:00,BUSINESS,APP,13,12,1,187.92,2442.96,48.86,293.16,2687.26,USD
TK0001553,V000777,2026-02-09 06:00:00,ECONOMY,APP,110,110,0,79.65,8761.5,175.23,1051.38,9637.65,USD
TK0001554,V000777,2026-01-31 06:00:00,BUSINESS,AGENCIA,7,5,2,191.16,1338.12,26.76,160.57,1471.93,USD
TK0001555,V000778,2026-02-08 07:15:00,ECONOMY,AGENCIA,135,132,3,378,51030,1020.6,6123.6,56133,USD
TK0001556,V000778,2026-01-30 07:15:00,BUSINESS,WEB,8,8,0,907.2,7257.6,145.15,870.91,7983.36,USD
TK0001557,V000779,2026-02-07 08:30:00,ECONOMY,WEB,158,155,3,82.35,13011.3,260.23,1561.36,14312.43,USD
TK0001558,V000779,2026-01-29 08:30:00,BUSINESS,APP,12,11,1,197.64,2371.68,47.43,284.6,2608.85,USD
TK0001559,V000780,2026-02-06 09:45:00,ECONOMY,APP,118,115,3,83.7,9876.6,197.53,1185.19,10864.26,USD
TK0001560,V000780,2026-01-28 09:45:00,BUSINESS,AGENCIA,14,12,2,200.88,2812.32,224.99,337.48,2924.81,USD
TK0001561,V000781,2026-02-05 10:00:00,ECONOMY,AGENCIA,146,140,6,184.5,26937,2154.96,3232.44,28014.48,USD
TK0001562,V000781,2026-01-27 10:00:00,BUSINESS,WEB,5,5,0,442.8,2214,44.28,265.68,2435.4,USD
TK0001563,V000782,2026-02-04 11:15:00,ECONOMY,WEB,0,0,0,68.85,0,0,0,0,USD
TK0001564,V000782,2026-01-26 11:15:00,BUSINESS,APP,0,0,0,165.24,0,0,0,0,USD
TK0001565,V000783,2026-02-03 12:30:00,ECONOMY,APP,128,122,6,70.2,8985.6,179.71,1078.27,9884.16,USD
TK0001566,V000783,2026-01-25 12:30:00,BUSINESS,AGENCIA,13,11,2,168.48,2190.24,43.8,262.83,2409.27,USD
TK0001567,V000784,2026-02-02 13:45:00,ECONOMY,AGENCIA,145,145,0,195.57,28357.65,567.15,3402.92,31193.42,USD
TK0001568,V000784,2026-01-24 13:45:00,BUSINESS,WEB,12,12,0,469.37,5632.44,112.65,675.89,6195.68,USD
TK0001569,V000785,2026-02-02 14:00:00,ECONOMY,WEB,104,104,0,72.9,7581.6,151.63,909.79,8339.76,USD
TK0001570,V000785,2026-01-24 14:00:00,BUSINESS,APP,6,5,1,174.96,1049.76,21,125.97,1154.73,USD
TK0001571,V000786,2026-02-01 15:15:00,ECONOMY,APP,127,127,0,74.25,9429.75,188.59,1131.57,10372.73,USD
TK0001572,V000786,2026-01-23 15:15:00,BUSINESS,AGENCIA,10,8,2,178.2,1782,142.56,213.84,1853.28,USD
TK0001573,V000787,2026-01-31 16:30:00,ECONOMY,AGENCIA,176,173,3,206.64,36368.64,2909.49,4364.24,37823.39,USD
TK0001574,V000787,2026-01-22 16:30:00,BUSINESS,WEB,11,11,0,495.94,5455.34,109.11,654.64,6000.87,USD
TK0001575,V000788,2026-01-30 17:45:00,ECONOMY,WEB,129,126,3,76.95,9926.55,198.53,1191.19,10919.21,USD
TK0001576,V000788,2026-01-21 17:45:00,BUSINESS,APP,15,14,1,184.68,2770.2,55.4,332.42,3047.22,USD
TK0001577,V000789,2026-01-29 18:00:00,ECONOMY,APP,156,153,3,78.3,12214.8,244.3,1465.78,13436.28,USD
TK0001578,V000789,2026-01-20 18:00:00,BUSINESS,AGENCIA,7,5,2,187.92,1315.44,26.31,157.85,1446.98,USD
TK0001579,V000790,2026-01-28 19:15:00,ECONOMY,AGENCIA,186,180,6,217.71,40494.06,809.88,4859.29,44543.47,USD
TK0001580,V000790,2026-01-19 19:15:00,BUSINESS,WEB,8,8,0,522.5,4180,83.6,501.6,4598,USD
TK0001581,V000791,2026-01-27 20:30:00,ECONOMY,WEB,139,133,6,378,52542,1050.84,6305.04,57796.2,USD
TK0001582,V000791,2026-01-18 20:30:00,BUSINESS,APP,12,11,1,907.2,10886.4,217.73,1306.37,11975.04,USD
TK0001583,V000792,2026-01-26 21:45:00,ECONOMY,APP,165,159,6,82.35,13587.75,271.75,1630.53,14946.53,USD
TK0001584,V000792,2026-01-17 21:45:00,BUSINESS,AGENCIA,16,14,2,197.64,3162.24,252.98,379.47,3288.73,USD
TK0001585,V000793,2026-01-25 04:00:00,ECONOMY,AGENCIA,96,96,0,228.78,21962.88,1757.03,2635.55,22841.4,USD
TK0001586,V000793,2026-01-16 04:00:00,BUSINESS,WEB,5,5,0,549.07,2745.35,54.91,329.44,3019.88,USD
TK0001587,V000794,2026-01-24 05:15:00,ECONOMY,WEB,118,118,0,315,37170,743.4,4460.4,40887,USD
TK0001588,V000794,2026-01-15 05:15:00,BUSINESS,APP,9,8,1,756,6804,136.08,816.48,7484.4,USD
TK0001589,V000795,2026-01-23 06:30:00,ECONOMY,APP,141,141,0,68.85,9707.85,194.16,1164.94,10678.63,USD
TK0001590,V000795,2026-01-14 06:30:00,BUSINESS,AGENCIA,13,11,2,165.24,2148.12,42.96,257.77,2362.93,USD
TK0001591,V000796,2026-01-22 07:45:00,ECONOMY,AGENCIA,104,101,3,191.88,19955.52,399.11,2394.66,21951.07,USD
TK0001592,V000796,2026-01-13 07:45:00,BUSINESS,WEB,12,12,0,460.51,5526.12,110.52,663.13,6078.73,USD
TK0001593,V000797,2026-01-21 08:00:00,ECONOMY,WEB,127,124,3,333.9,42405.3,848.11,5088.64,46645.83,USD
TK0001594,V000797,2026-01-12 08:00:00,BUSINESS,APP,6,5,1,801.36,4808.16,96.16,576.98,5288.98,USD
TK0001595,V000798,2026-01-20 09:15:00,ECONOMY,APP,149,146,3,72.9,10862.1,217.24,1303.45,11948.31,USD
TK0001596,V000798,2026-01-11 09:15:00,BUSINESS,AGENCIA,10,8,2,174.96,1749.6,139.97,209.95,1819.58,USD
TK0001597,V000799,2026-01-20 10:30:00,ECONOMY,AGENCIA,114,108,6,202.95,23136.3,1850.9,2776.36,24061.76,USD
TK0001598,V000799,2026-01-11 10:30:00,BUSINESS,WEB,11,11,0,487.08,5357.88,107.16,642.95,5893.67,USD
TK0001599,V000800,2026-01-19 11:45:00,ECONOMY,WEB,137,131,6,352.8,48333.6,966.67,5800.03,53166.96,USD
TK0001600,V000800,2026-01-10 11:45:00,BUSINESS,APP,13,12,1,846.72,11007.36,220.15,1320.88,12108.09,USD
TK0001601,V000801,2026-01-18 12:00:00,ECONOMY,APP,160,154,6,76.95,12312,246.24,1477.44,13543.2,USD
TK0001602,V000801,2026-01-09 12:00:00,BUSINESS,AGENCIA,7,5,2,184.68,1292.76,25.86,155.13,1422.03,USD
TK0001603,V000802,2026-01-17 13:15:00,ECONOMY,AGENCIA,113,113,0,78.3,8847.9,176.96,1061.75,9732.69,USD
TK0001604,V000802,2026-02-22 13:15:00,BUSINESS,WEB,8,8,0,187.92,1503.36,30.07,180.4,1653.69,USD
TK0001605,V000803,2026-01-16 14:30:00,ECONOMY,WEB,136,136,0,371.7,50551.2,1011.02,6066.14,55606.32,USD
TK0001606,V000803,2026-02-21 14:30:00,BUSINESS,APP,12,11,1,892.08,10704.96,214.1,1284.6,11775.46,USD
TK0001607,V000804,2026-01-15 15:45:00,ECONOMY,APP,159,159,0,81,12879,257.58,1545.48,14166.9,USD
TK0001608,V000804,2026-02-20 15:45:00,BUSINESS,AGENCIA,14,12,2,194.4,2721.6,217.73,326.59,2830.46,USD
TK0001609,V000805,2026-01-14 16:00:00,ECONOMY,AGENCIA,140,137,3,82.35,11529,922.32,1383.48,11990.16,USD
TK0001610,V000805,2026-02-19 16:00:00,BUSINESS,WEB,5,5,0,197.64,988.2,19.76,118.58,1087.02,USD
TK0001611,V000806,2026-01-13 17:15:00,ECONOMY,WEB,166,163,3,228.78,37977.48,759.55,4557.3,41775.23,USD
TK0001612,V000806,2026-02-18 17:15:00,BUSINESS,APP,9,8,1,549.07,4941.63,98.83,593,5435.8,USD
TK0001613,V000807,2026-01-12 18:30:00,ECONOMY,APP,119,116,3,67.5,8032.5,160.65,963.9,8835.75,USD
TK0001614,V000807,2026-02-17 18:30:00,BUSINESS,AGENCIA,13,11,2,162,2106,42.12,252.72,2316.6,USD
TK0001615,V000808,2026-01-11 19:45:00,ECONOMY,AGENCIA,149,143,6,68.85,10258.65,205.17,1231.04,11284.52,USD
TK0001616,V000808,2026-02-16 19:45:00,BUSINESS,WEB,14,14,0,165.24,2313.36,46.27,277.6,2544.69,USD
TK0001617,V000809,2026-01-10 20:00:00,ECONOMY,WEB,175,169,6,191.88,33579,671.58,4029.48,36936.9,USD
TK0001618,V000809,2026-02-15 20:00:00,BUSINESS,APP,6,5,1,460.51,2763.06,55.26,331.57,3039.37,USD
TK0001619,V000810,2026-01-09 21:15:00,ECONOMY,APP,128,122,6,71.55,9158.4,183.17,1099.01,10074.24,USD
TK0001620,V000810,2026-02-14 21:15:00,BUSINESS,AGENCIA,10,8,2,171.72,1717.2,137.38,206.06,1785.88,USD
TK0001621,V000811,2026-02-22 04:30:00,ECONOMY,AGENCIA,127,127,0,72.9,9258.3,740.66,1111,9628.64,USD
TK0001622,V000811,2026-02-13 04:30:00,BUSINESS,WEB,11,11,0,174.96,1924.56,38.49,230.95,2117.02,USD
TK0001623,V000812,2026-02-21 05:45:00,ECONOMY,WEB,150,150,0,202.95,30442.5,608.85,3653.1,33486.75,USD
TK0001624,V000812,2026-02-12 05:45:00,BUSINESS,APP,13,12,1,487.08,6332.04,126.64,759.84,6965.24,USD
TK0001625,V000813,2026-02-21 06:00:00,ECONOMY,APP,110,110,0,75.6,8316,166.32,997.92,9147.6,USD
TK0001626,V000813,2026-02-12 06:00:00,BUSINESS,AGENCIA,7,5,2,181.44,1270.08,25.4,152.41,1397.09,USD
TK0001627,V000814,2026-02-20 07:15:00,ECONOMY,AGENCIA,135,132,3,76.95,10388.25,207.77,1246.59,11427.07,USD
TK0001628,V000814,2026-02-11 07:15:00,BUSINESS,WEB,8,8,0,184.68,1477.44,29.55,177.29,1625.18,USD
TK0001629,V000815,2026-02-19 08:30:00,ECONOMY,WEB,158,155,3,214.02,33815.16,676.3,4057.82,37196.68,USD
TK0001630,V000815,2026-02-10 08:30:00,BUSINESS,APP,12,11,1,513.65,6163.8,123.28,739.66,6780.18,USD
TK0001631,V000816,2026-02-18 09:45:00,ECONOMY,APP,118,115,3,79.65,9398.7,187.97,1127.84,10338.57,USD
TK0001632,V000816,2026-02-09 09:45:00,BUSINESS,AGENCIA,14,12,2,191.16,2676.24,214.1,321.15,2783.29,USD
TK0001633,V000817,2026-02-17 10:00:00,ECONOMY,AGENCIA,146,140,6,81,11826,946.08,1419.12,12299.04,USD
TK0001634,V000817,2026-02-08 10:00:00,BUSINESS,WEB,5,5,0,194.4,972,19.44,116.64,1069.2,USD
TK0001635,V000818,2026-02-16 11:15:00,ECONOMY,WEB,105,99,6,225.09,23634.45,472.69,2836.13,25997.89,USD
TK0001636,V000818,2026-02-07 11:15:00,BUSINESS,APP,9,8,1,540.22,4861.98,97.24,583.44,5348.18,USD
TK0001637,V000819,2026-02-15 12:30:00,ECONOMY,APP,128,122,6,390.6,49996.8,999.94,5999.62,54996.48,USD
TK0001638,V000819,2026-02-06 12:30:00,BUSINESS,AGENCIA,13,11,2,937.44,12186.72,243.73,1462.41,13405.4,USD
TK0001639,V000820,2026-02-14 13:45:00,ECONOMY,AGENCIA,145,145,0,67.5,9787.5,195.75,1174.5,10766.25,USD
TK0001640,V000820,2026-02-05 13:45:00,BUSINESS,WEB,12,12,0,162,1944,38.88,233.28,2138.4,USD
TK0001641,V000821,2026-02-13 14:00:00,ECONOMY,WEB,104,104,0,188.19,19571.76,391.44,2348.61,21528.93,USD
TK0001642,V000821,2026-02-04 14:00:00,BUSINESS,APP,6,5,1,451.66,2709.96,54.2,325.2,2980.96,USD
TK0001643,V000822,2026-02-12 15:15:00,ECONOMY,APP,127,127,0,327.6,41605.2,832.1,4992.62,45765.72,USD
TK0001644,V000822,2026-02-03 15:15:00,BUSINESS,AGENCIA,10,8,2,786.24,7862.4,628.99,943.49,8176.9,USD
TK0001645,V000823,2026-02-11 16:30:00,ECONOMY,AGENCIA,176,173,3,71.55,12592.8,1007.42,1511.14,13096.52,USD
TK0001646,V000823,2026-02-02 16:30:00,BUSINESS,WEB,11,11,0,171.72,1888.92,37.78,226.67,2077.81,USD
TK0001647,V000824,2026-02-10 17:45:00,ECONOMY,WEB,129,126,3,199.26,25704.54,514.09,3084.54,28274.99,USD
TK0001648,V000824,2026-02-01 17:45:00,BUSINESS,APP,15,14,1,478.22,7173.3,143.47,860.8,7890.63,USD
TK0001649,V000825,2026-02-09 18:00:00,ECONOMY,APP,156,153,3,346.5,54054,1081.08,6486.48,59459.4,USD
TK0001650,V000825,2026-01-31 18:00:00,BUSINESS,AGENCIA,7,5,2,831.6,5821.2,116.42,698.54,6403.32,USD
TK0001651,V000826,2026-02-08 19:15:00,ECONOMY,AGENCIA,186,180,6,75.6,14061.6,281.23,1687.39,15467.76,USD
TK0001652,V000826,2026-01-30 19:15:00,BUSINESS,WEB,8,8,0,181.44,1451.52,29.03,174.18,1596.67,USD
TK0001653,V000827,2026-02-08 20:30:00,ECONOMY,WEB,139,133,6,76.95,10696.05,213.92,1283.53,11765.66,USD
TK0001654,V000827,2026-01-30 20:30:00,BUSINESS,APP,12,11,1,184.68,2216.16,44.32,265.94,2437.78,USD
TK0001655,V000828,2026-02-07 21:45:00,ECONOMY,APP,165,159,6,365.4,60291,1205.82,7234.92,66320.1,USD
TK0001656,V000828,2026-01-29 21:45:00,BUSINESS,AGENCIA,16,14,2,876.96,14031.36,1122.51,1683.76,14592.61,USD
TK0001657,V000829,2026-02-06 04:00:00,ECONOMY,AGENCIA,96,96,0,79.65,7646.4,611.71,917.57,7952.26,USD
TK0001658,V000829,2026-01-28 04:00:00,BUSINESS,WEB,5,5,0,191.16,955.8,19.12,114.7,1051.38,USD
TK0001659,V000830,2026-02-05 05:15:00,ECONOMY,WEB,118,118,0,81,9558,191.16,1146.96,10513.8,USD
TK0001660,V000830,2026-01-27 05:15:00,BUSINESS,APP,9,8,1,194.4,1749.6,34.99,209.95,1924.56,USD
TK0001661,V000831,2026-02-04 06:30:00,ECONOMY,APP,141,141,0,225.09,31737.69,634.75,3808.52,34911.46,USD
TK0001662,V000831,2026-01-26 06:30:00,BUSINESS,AGENCIA,13,11,2,540.22,7022.86,140.46,842.74,7725.14,USD
TK0001663,V000832,2026-02-03 07:45:00,ECONOMY,AGENCIA,104,101,3,83.7,8704.8,174.1,1044.58,9575.28,USD
TK0001664,V000832,2026-01-25 07:45:00,BUSINESS,WEB,12,12,0,200.88,2410.56,48.21,289.27,2651.62,USD
TK0001665,V000833,2026-02-02 08:00:00,ECONOMY,WEB,127,124,3,67.5,8572.5,171.45,1028.7,9429.75,USD
TK0001666,V000833,2026-01-24 08:00:00,BUSINESS,APP,6,5,1,162,972,19.44,116.64,1069.2,USD
TK0001667,V000834,2026-02-01 09:15:00,ECONOMY,APP,149,146,3,188.19,28040.31,560.81,3364.84,30844.34,USD
TK0001668,V000834,2026-01-23 09:15:00,BUSINESS,AGENCIA,10,8,2,451.66,4516.6,361.33,541.99,4697.26,USD
TK0001669,V000835,2026-01-31 10:30:00,ECONOMY,AGENCIA,114,108,6,70.2,8002.8,640.22,960.34,8322.92,USD
TK0001670,V000835,2026-01-22 10:30:00,BUSINESS,WEB,11,11,0,168.48,1853.28,37.07,222.39,2038.6,USD
TK0001671,V000836,2026-01-30 11:45:00,ECONOMY,WEB,137,131,6,71.55,9802.35,196.05,1176.28,10782.58,USD
TK0001672,V000836,2026-01-21 11:45:00,BUSINESS,APP,13,12,1,171.72,2232.36,44.65,267.88,2455.59,USD
TK0001673,V000837,2026-01-29 12:00:00,ECONOMY,APP,160,154,6,199.26,31881.6,637.63,3825.79,35069.76,USD
TK0001674,V000837,2026-01-20 12:00:00,BUSINESS,AGENCIA,7,5,2,478.22,3347.54,66.95,401.7,3682.29,USD
TK0001675,V000838,2026-01-28 13:15:00,ECONOMY,AGENCIA,113,113,0,74.25,8390.25,167.81,1006.83,9229.27,USD
TK0001676,V000838,2026-01-19 13:15:00,BUSINESS,WEB,8,8,0,178.2,1425.6,28.51,171.07,1568.16,USD
TK0001677,V000839,2026-01-27 14:30:00,ECONOMY,WEB,136,136,0,75.6,10281.6,205.63,1233.79,11309.76,USD
TK0001678,V000839,2026-01-18 14:30:00,BUSINESS,APP,12,11,1,181.44,2177.28,43.55,261.27,2395,USD
TK0001679,V000840,2026-01-26 15:45:00,ECONOMY,APP,159,159,0,210.33,33442.47,668.85,4013.1,36786.72,USD
TK0001680,V000840,2026-01-17 15:45:00,BUSINESS,AGENCIA,14,12,2,504.79,7067.06,565.36,848.05,7349.75,USD
TK0001681,V000841,2026-01-26 16:00:00,ECONOMY,AGENCIA,140,137,3,78.3,10962,876.96,1315.44,11400.48,USD
TK0001682,V000841,2026-01-17 16:00:00,BUSINESS,WEB,5,5,0,187.92,939.6,18.79,112.75,1033.56,USD
TK0001683,V000842,2026-01-25 17:15:00,ECONOMY,WEB,166,163,3,79.65,13221.9,264.44,1586.63,14544.09,USD
TK0001684,V000842,2026-01-16 17:15:00,BUSINESS,APP,9,8,1,191.16,1720.44,34.41,206.45,1892.48,USD
TK0001685,V000843,2026-01-24 18:30:00,ECONOMY,APP,119,116,3,221.4,26346.6,526.93,3161.59,28981.26,USD
TK0001686,V000843,2026-01-15 18:30:00,BUSINESS,AGENCIA,13,11,2,531.36,6907.68,138.15,828.92,7598.45,USD
TK0001687,V000844,2026-01-23 19:45:00,ECONOMY,AGENCIA,149,143,6,384.3,57260.7,1145.21,6871.28,62986.77,USD
TK0001688,V000844,2026-01-14 19:45:00,BUSINESS,WEB,14,14,0,922.32,12912.48,258.25,1549.5,14203.73,USD
TK0001689,V000845,2026-01-22 20:00:00,ECONOMY,WEB,175,169,6,83.7,14647.5,292.95,1757.7,16112.25,USD
TK0001690,V000845,2026-01-13 20:00:00,BUSINESS,APP,6,5,1,200.88,1205.28,24.11,144.63,1325.8,USD
TK0001691,V000846,2026-01-21 21:15:00,ECONOMY,APP,128,122,6,184.5,23616,472.32,2833.92,25977.6,USD
TK0001692,V000846,2026-01-12 21:15:00,BUSINESS,AGENCIA,10,8,2,442.8,4428,354.24,531.36,4605.12,USD
TK0001693,V000847,2026-01-20 04:30:00,ECONOMY,AGENCIA,127,127,0,321.3,40805.1,3264.41,4896.61,42437.3,USD
TK0001694,V000847,2026-02-25 04:30:00,BUSINESS,WEB,11,11,0,771.12,8482.32,169.65,1017.88,9330.55,USD
TK0001695,V000848,2026-01-19 05:45:00,ECONOMY,WEB,150,150,0,70.2,10530,210.6,1263.6,11583,USD
TK0001696,V000848,2026-02-24 05:45:00,BUSINESS,APP,13,12,1,168.48,2190.24,43.8,262.83,2409.27,USD
TK0001697,V000849,2026-01-18 06:00:00,ECONOMY,APP,110,110,0,195.57,21512.7,430.25,2581.52,23663.97,USD
TK0001698,V000849,2026-02-23 06:00:00,BUSINESS,AGENCIA,7,5,2,469.37,3285.59,65.71,394.27,3614.15,USD
TK0001699,V000850,2026-01-17 07:15:00,ECONOMY,AGENCIA,135,132,3,340.2,45927,918.54,5511.24,50519.7,USD
TK0001700,V000850,2026-02-22 07:15:00,BUSINESS,WEB,8,8,0,816.48,6531.84,130.64,783.82,7185.02,USD
TK0001701,V000851,2026-01-16 08:30:00,ECONOMY,WEB,158,155,3,74.25,11731.5,234.63,1407.78,12904.65,USD
TK0001702,V000851,2026-02-21 08:30:00,BUSINESS,APP,12,11,1,178.2,2138.4,42.77,256.61,2352.24,USD
TK0001703,V000852,2026-01-15 09:45:00,ECONOMY,APP,118,115,3,75.6,8920.8,178.42,1070.5,9812.88,USD
TK0001704,V000852,2026-02-20 09:45:00,BUSINESS,AGENCIA,14,12,2,181.44,2540.16,203.21,304.82,2641.77,USD
TK0001705,V000853,2026-01-14 10:00:00,ECONOMY,AGENCIA,0,0,0,359.1,0,0,0,0,USD
TK0001706,V000853,2026-02-19 10:00:00,BUSINESS,WEB,0,0,0,861.84,0,0,0,0,USD
TK0001707,V000854,2026-01-13 11:15:00,ECONOMY,WEB,105,99,6,78.3,8221.5,164.43,986.58,9043.65,USD
TK0001708,V000854,2026-02-18 11:15:00,BUSINESS,APP,9,8,1,187.92,1691.28,33.83,202.95,1860.4,USD
TK0001709,V000855,2026-01-13 12:30:00,ECONOMY,APP,128,122,6,79.65,10195.2,203.9,1223.42,11214.72,USD
TK0001710,V000855,2026-02-18 12:30:00,BUSINESS,AGENCIA,13,11,2,191.16,2485.08,49.7,298.21,2733.59,USD
TK0001711,V000856,2026-02-26 13:45:00,ECONOMY,AGENCIA,145,145,0,221.4,32103,642.06,3852.36,35313.3,USD
TK0001712,V000856,2026-02-17 13:45:00,BUSINESS,WEB,12,12,0,531.36,6376.32,127.53,765.16,7013.95,USD
TK0001713,V000857,2026-02-25 14:00:00,ECONOMY,WEB,104,104,0,82.35,8564.4,171.29,1027.73,9420.84,USD
TK0001714,V000857,2026-02-16 14:00:00,BUSINESS,APP,6,5,1,197.64,1185.84,23.72,142.3,1304.42,USD
TK0001715,V000858,2026-02-24 15:15:00,ECONOMY,APP,127,127,0,83.7,10629.9,212.6,1275.59,11692.89,USD
TK0001716,V000858,2026-02-15 15:15:00,BUSINESS,AGENCIA,10,8,2,200.88,2008.8,160.7,241.06,2089.16,USD
TK0001717,V000859,2026-02-23 16:30:00,ECONOMY,AGENCIA,176,173,3,184.5,32472,2597.76,3896.64,33770.88,USD
TK0001718,V000859,2026-02-14 16:30:00,BUSINESS,WEB,11,11,0,442.8,4870.8,97.42,584.5,5357.88,USD
TK0001719,V000860,2026-02-22 17:45:00,ECONOMY,WEB,129,126,3,68.85,8881.65,177.63,1065.8,9769.82,USD
TK0001720,V000860,2026-02-13 17:45:00,BUSINESS,APP,15,14,1,165.24,2478.6,49.57,297.43,2726.46,USD
TK0001721,V000861,2026-02-21 18:00:00,ECONOMY,APP,156,153,3,70.2,10951.2,219.02,1314.14,12046.32,USD
TK0001722,V000861,2026-02-12 18:00:00,BUSINESS,AGENCIA,7,5,2,168.48,1179.36,23.59,141.52,1297.29,USD
TK0001723,V000862,2026-02-20 19:15:00,ECONOMY,AGENCIA,186,180,6,195.57,36376.02,727.52,4365.12,40013.62,USD
TK0001724,V000862,2026-02-11 19:15:00,BUSINESS,WEB,8,8,0,469.37,3754.96,75.1,450.6,4130.46,USD
TK0001725,V000863,2026-02-19 20:30:00,ECONOMY,WEB,139,133,6,72.9,10133.1,202.66,1215.97,11146.41,USD
TK0001726,V000863,2026-02-10 20:30:00,BUSINESS,APP,12,11,1,174.96,2099.52,41.99,251.94,2309.47,USD
TK0001727,V000864,2026-02-18 21:45:00,ECONOMY,APP,165,159,6,74.25,12251.25,245.03,1470.15,13476.37,USD
TK0001728,V000864,2026-02-09 21:45:00,BUSINESS,AGENCIA,16,14,2,178.2,2851.2,228.1,342.14,2965.24,USD
TK0001729,V000865,2026-02-17 04:00:00,ECONOMY,AGENCIA,96,96,0,206.64,19837.44,1587,2380.49,20630.93,USD
TK0001730,V000865,2026-02-08 04:00:00,BUSINESS,WEB,5,5,0,495.94,2479.7,49.59,297.56,2727.67,USD
TK0001731,V000866,2026-02-16 05:15:00,ECONOMY,WEB,118,118,0,76.95,9080.1,181.6,1089.61,9988.11,USD
TK0001732,V000866,2026-02-07 05:15:00,BUSINESS,APP,9,8,1,184.68,1662.12,33.24,199.45,1828.33,USD
TK0001733,V000867,2026-02-15 06:30:00,ECONOMY,APP,141,141,0,78.3,11040.3,220.81,1324.84,12144.33,USD
TK0001734,V000867,2026-02-06 06:30:00,BUSINESS,AGENCIA,13,11,2,187.92,2442.96,48.86,293.16,2687.26,USD
TK0001735,V000868,2026-02-14 07:45:00,ECONOMY,AGENCIA,104,101,3,217.71,22641.84,452.84,2717.02,24906.02,USD
TK0001736,V000868,2026-02-05 07:45:00,BUSINESS,WEB,12,12,0,522.5,6270,125.4,752.4,6897,USD
TK0001737,V000869,2026-02-14 08:00:00,ECONOMY,WEB,127,124,3,378,48006,960.12,5760.72,52806.6,USD
TK0001738,V000869,2026-02-05 08:00:00,BUSINESS,APP,6,5,1,907.2,5443.2,108.86,653.18,5987.52,USD
TK0001739,V000870,2026-02-13 09:15:00,ECONOMY,APP,149,146,3,82.35,12270.15,245.4,1472.42,13497.17,USD
TK0001740,V000870,2026-02-04 09:15:00,BUSINESS,AGENCIA,10,8,2,197.64,1976.4,158.11,237.17,2055.46,USD
TK0001741,V000871,2026-02-12 10:30:00,ECONOMY,AGENCIA,114,108,6,228.78,26080.92,2086.47,3129.71,27124.16,USD
TK0001742,V000871,2026-02-03 10:30:00,BUSINESS,WEB,11,11,0,549.07,6039.77,120.8,724.77,6643.74,USD
TK0001743,V000872,2026-02-11 11:45:00,ECONOMY,WEB,137,131,6,315,43155,863.1,5178.6,47470.5,USD
TK0001744,V000872,2026-02-02 11:45:00,BUSINESS,APP,13,12,1,756,9828,196.56,1179.36,10810.8,USD
TK0001745,V000873,2026-02-10 12:00:00,ECONOMY,APP,160,154,6,68.85,11016,220.32,1321.92,12117.6,USD
TK0001746,V000873,2026-02-01 12:00:00,BUSINESS,AGENCIA,7,5,2,165.24,1156.68,23.13,138.8,1272.35,USD
TK0001747,V000874,2026-02-09 13:15:00,ECONOMY,AGENCIA,113,113,0,191.88,21682.44,433.65,2601.89,23850.68,USD
TK0001748,V000874,2026-01-31 13:15:00,BUSINESS,WEB,8,8,0,460.51,3684.08,73.68,442.09,4052.49,USD
TK0001749,V000875,2026-02-08 14:30:00,ECONOMY,WEB,136,136,0,333.9,45410.4,908.21,5449.25,49951.44,USD
TK0001750,V000875,2026-01-30 14:30:00,BUSINESS,APP,12,11,1,801.36,9616.32,192.33,1153.96,10577.95,USD
TK0001751,V000876,2026-02-07 15:45:00,ECONOMY,APP,159,159,0,72.9,11591.1,231.82,1390.93,12750.21,USD
TK0001752,V000876,2026-01-29 15:45:00,BUSINESS,AGENCIA,14,12,2,174.96,2449.44,195.96,293.93,2547.41,USD
TK0001753,V000877,2026-02-06 16:00:00,ECONOMY,AGENCIA,140,137,3,74.25,10395,831.6,1247.4,10810.8,USD
TK0001754,V000877,2026-01-28 16:00:00,BUSINESS,WEB,5,5,0,178.2,891,17.82,106.92,980.1,USD
TK0001755,V000878,2026-02-05 17:15:00,ECONOMY,WEB,166,163,3,352.8,58564.8,1171.3,7027.78,64421.28,USD
TK0001756,V000878,2026-01-27 17:15:00,BUSINESS,APP,9,8,1,846.72,7620.48,152.41,914.46,8382.53,USD
TK0001757,V000879,2026-02-04 18:30:00,ECONOMY,APP,119,116,3,76.95,9157.05,183.14,1098.85,10072.76,USD
TK0001758,V000879,2026-01-26 18:30:00,BUSINESS,AGENCIA,13,11,2,184.68,2400.84,48.02,288.1,2640.92,USD
TK0001759,V000880,2026-02-03 19:45:00,ECONOMY,AGENCIA,149,143,6,78.3,11666.7,233.33,1400,12833.37,USD
TK0001760,V000880,2026-01-25 19:45:00,BUSINESS,WEB,14,14,0,187.92,2630.88,52.62,315.71,2893.97,USD
TK0001761,V000881,2026-02-02 20:00:00,ECONOMY,WEB,175,169,6,371.7,65047.5,1300.95,7805.7,71552.25,USD
TK0001762,V000881,2026-01-24 20:00:00,BUSINESS,APP,6,5,1,892.08,5352.48,107.05,642.3,5887.73,USD
TK0001763,V000882,2026-02-01 21:15:00,ECONOMY,APP,128,122,6,81,10368,207.36,1244.16,11404.8,USD
TK0001764,V000882,2026-01-23 21:15:00,BUSINESS,AGENCIA,10,8,2,194.4,1944,155.52,233.28,2021.76,USD
TK0001765,V000883,2026-02-01 04:30:00,ECONOMY,AGENCIA,127,127,0,82.35,10458.45,836.68,1255.01,10876.78,USD
TK0001766,V000883,2026-01-23 04:30:00,BUSINESS,WEB,11,11,0,197.64,2174.04,43.48,260.88,2391.44,USD
TK0001767,V000884,2026-01-31 05:45:00,ECONOMY,WEB,150,150,0,228.78,34317,686.34,4118.04,37748.7,USD
TK0001768,V000884,2026-01-22 05:45:00,BUSINESS,APP,13,12,1,549.07,7137.91,142.76,856.55,7851.7,USD
TK0001769,V000885,2026-01-30 06:00:00,ECONOMY,APP,110,110,0,67.5,7425,148.5,891,8167.5,USD
TK0001770,V000885,2026-01-21 06:00:00,BUSINESS,AGENCIA,7,5,2,162,1134,22.68,136.08,1247.4,USD
TK0001771,V000886,2026-01-29 07:15:00,ECONOMY,AGENCIA,135,132,3,68.85,9294.75,185.9,1115.37,10224.22,USD
TK0001772,V000886,2026-01-20 07:15:00,BUSINESS,WEB,8,8,0,165.24,1321.92,26.44,158.63,1454.11,USD
TK0001773,V000887,2026-01-28 08:30:00,ECONOMY,WEB,158,155,3,191.88,30317.04,606.34,3638.04,33348.74,USD
TK0001774,V000887,2026-01-19 08:30:00,BUSINESS,APP,12,11,1,460.51,5526.12,110.52,663.13,6078.73,USD
TK0001775,V000888,2026-01-27 09:45:00,ECONOMY,APP,118,115,3,71.55,8442.9,168.86,1013.15,9287.19,USD
TK0001776,V000888,2026-01-18 09:45:00,BUSINESS,AGENCIA,14,12,2,171.72,2404.08,192.33,288.49,2500.24,USD
TK0001777,V000889,2026-01-26 10:00:00,ECONOMY,AGENCIA,146,140,6,72.9,10643.4,851.47,1277.21,11069.14,USD
TK0001778,V000889,2026-01-17 10:00:00,BUSINESS,WEB,5,5,0,174.96,874.8,17.5,104.98,962.28,USD
TK0001779,V000890,2026-01-25 11:15:00,ECONOMY,WEB,105,99,6,202.95,21309.75,426.19,2557.17,23440.73,USD
TK0001780,V000890,2026-01-16 11:15:00,BUSINESS,APP,9,8,1,487.08,4383.72,87.67,526.05,4822.1,USD
TK0001781,V000891,2026-01-24 12:30:00,ECONOMY,APP,128,122,6,75.6,9676.8,193.54,1161.22,10644.48,USD
TK0001782,V000891,2026-01-15 12:30:00,BUSINESS,AGENCIA,13,11,2,181.44,2358.72,47.17,283.05,2594.6,USD
TK0001783,V000892,2026-01-23 13:45:00,ECONOMY,AGENCIA,145,145,0,76.95,11157.75,223.16,1338.93,12273.52,USD
TK0001784,V000892,2026-02-28 13:45:00,BUSINESS,WEB,12,12,0,184.68,2216.16,44.32,265.94,2437.78,USD
TK0001785,V000893,2026-01-22 14:00:00,ECONOMY,WEB,104,104,0,214.02,22258.08,445.16,2670.97,24483.89,USD
TK0001786,V000893,2026-02-27 14:00:00,BUSINESS,APP,6,5,1,513.65,3081.9,61.64,369.83,3390.09,USD
TK0001787,V000894,2026-01-21 15:15:00,ECONOMY,APP,127,127,0,371.7,47205.9,944.12,5664.71,51926.49,USD
TK0001788,V000894,2026-02-26 15:15:00,BUSINESS,AGENCIA,10,8,2,892.08,8920.8,713.66,1070.5,9277.64,USD
TK0001789,V000895,2026-01-20 16:30:00,ECONOMY,AGENCIA,176,173,3,81,14256,1140.48,1710.72,14826.24,USD
TK0001790,V000895,2026-02-25 16:30:00,BUSINESS,WEB,11,11,0,194.4,2138.4,42.77,256.61,2352.24,USD
TK0001791,V000896,2026-01-19 17:45:00,ECONOMY,WEB,129,126,3,225.09,29036.61,580.73,3484.39,31940.27,USD
TK0001792,V000896,2026-02-24 17:45:00,BUSINESS,APP,15,14,1,540.22,8103.3,162.07,972.4,8913.63,USD
TK0001793,V000897,2026-01-19 18:00:00,ECONOMY,APP,156,153,3,390.6,60933.6,1218.67,7312.03,67026.96,USD
TK0001794,V000897,2026-02-24 18:00:00,BUSINESS,AGENCIA,7,5,2,937.44,6562.08,131.24,787.45,7218.29,USD
TK0001795,V000898,2026-01-18 19:15:00,ECONOMY,AGENCIA,186,180,6,67.5,12555,251.1,1506.6,13810.5,USD
TK0001796,V000898,2026-02-23 19:15:00,BUSINESS,WEB,8,8,0,162,1296,25.92,155.52,1425.6,USD
TK0001797,V000899,2026-01-17 20:30:00,ECONOMY,WEB,139,133,6,188.19,26158.41,523.17,3139.01,28774.25,USD
TK0001798,V000899,2026-02-22 20:30:00,BUSINESS,APP,12,11,1,451.66,5419.92,108.4,650.39,5961.91,USD
TK0001799,V000900,2026-01-16 21:45:00,ECONOMY,APP,165,159,6,327.6,54054,1081.08,6486.48,59459.4,USD
TK0001800,V000900,2026-02-21 21:45:00,BUSINESS,AGENCIA,16,14,2,786.24,12579.84,1006.39,1509.58,13083.03,USD
TK0001801,V000901,2026-03-01 04:00:00,ECONOMY,AGENCIA,96,96,0,71.55,6868.8,549.5,824.26,7143.56,USD
TK0001802,V000901,2026-02-20 04:00:00,BUSINESS,WEB,5,5,0,171.72,858.6,17.17,103.03,944.46,USD
TK0001803,V000902,2026-02-28 05:15:00,ECONOMY,WEB,118,118,0,72.9,8602.2,172.04,1032.26,9462.42,USD
TK0001804,V000902,2026-02-19 05:15:00,BUSINESS,APP,9,8,1,174.96,1574.64,31.49,188.96,1732.11,USD
TK0001805,V000903,2026-02-27 06:30:00,ECONOMY,APP,141,141,0,346.5,48856.5,977.13,5862.78,53742.15,USD
TK0001806,V000903,2026-02-18 06:30:00,BUSINESS,AGENCIA,13,11,2,831.6,10810.8,216.22,1297.3,11891.88,USD
TK0001807,V000904,2026-02-26 07:45:00,ECONOMY,AGENCIA,104,101,3,75.6,7862.4,157.25,943.49,8648.64,USD
TK0001808,V000904,2026-02-17 07:45:00,BUSINESS,WEB,12,12,0,181.44,2177.28,43.55,261.27,2395,USD
TK0001809,V000905,2026-02-25 08:00:00,ECONOMY,WEB,127,124,3,76.95,9772.65,195.45,1172.72,10749.92,USD
TK0001810,V000905,2026-02-16 08:00:00,BUSINESS,APP,6,5,1,184.68,1108.08,22.16,132.97,1218.89,USD
TK0001811,V000906,2026-02-24 09:15:00,ECONOMY,APP,149,146,3,365.4,54444.6,1088.89,6533.35,59889.06,USD
TK0001812,V000906,2026-02-15 09:15:00,BUSINESS,AGENCIA,10,8,2,876.96,8769.6,701.57,1052.35,9120.38,USD
TK0001813,V000907,2026-02-23 10:30:00,ECONOMY,AGENCIA,114,108,6,79.65,9080.1,726.41,1089.61,9443.3,USD
TK0001814,V000907,2026-02-14 10:30:00,BUSINESS,WEB,11,11,0,191.16,2102.76,42.06,252.33,2313.03,USD
TK0001815,V000908,2026-02-22 11:45:00,ECONOMY,WEB,137,131,6,81,11097,221.94,1331.64,12206.7,USD
TK0001816,V000908,2026-02-13 11:45:00,BUSINESS,APP,13,12,1,194.4,2527.2,50.54,303.26,2779.92,USD
TK0001817,V000909,2026-02-21 12:00:00,ECONOMY,APP,160,154,6,225.09,36014.4,720.29,4321.73,39615.84,USD
TK0001818,V000909,2026-02-12 12:00:00,BUSINESS,AGENCIA,7,5,2,540.22,3781.54,75.63,453.78,4159.69,USD
TK0001819,V000910,2026-02-20 13:15:00,ECONOMY,AGENCIA,113,113,0,83.7,9458.1,189.16,1134.97,10403.91,USD
TK0001820,V000910,2026-02-11 13:15:00,BUSINESS,WEB,8,8,0,200.88,1607.04,32.14,192.84,1767.74,USD
TK0001821,V000911,2026-02-20 14:30:00,ECONOMY,WEB,136,136,0,67.5,9180,183.6,1101.6,10098,USD
TK0001822,V000911,2026-02-11 14:30:00,BUSINESS,APP,12,11,1,162,1944,38.88,233.28,2138.4,USD
TK0001823,V000912,2026-02-19 15:45:00,ECONOMY,APP,159,159,0,188.19,29922.21,598.44,3590.67,32914.44,USD
TK0001824,V000912,2026-02-10 15:45:00,BUSINESS,AGENCIA,14,12,2,451.66,6323.24,505.86,758.79,6576.17,USD
TK0001825,V000913,2026-02-18 16:00:00,ECONOMY,AGENCIA,140,137,3,70.2,9828,786.24,1179.36,10221.12,USD
TK0001826,V000913,2026-02-09 16:00:00,BUSINESS,WEB,5,5,0,168.48,842.4,16.85,101.09,926.64,USD
TK0001827,V000914,2026-02-17 17:15:00,ECONOMY,WEB,166,163,3,71.55,11877.3,237.55,1425.28,13065.03,USD
TK0001828,V000914,2026-02-08 17:15:00,BUSINESS,APP,9,8,1,171.72,1545.48,30.91,185.46,1700.03,USD
TK0001829,V000915,2026-02-16 18:30:00,ECONOMY,APP,119,116,3,199.26,23711.94,474.24,2845.43,26083.13,USD
TK0001830,V000915,2026-02-07 18:30:00,BUSINESS,AGENCIA,13,11,2,478.22,6216.86,124.34,746.02,6838.54,USD
TK0001831,V000916,2026-02-15 19:45:00,ECONOMY,AGENCIA,149,143,6,74.25,11063.25,221.27,1327.59,12169.57,USD
TK0001832,V000916,2026-02-06 19:45:00,BUSINESS,WEB,14,14,0,178.2,2494.8,49.9,299.38,2744.28,USD
TK0001833,V000917,2026-02-14 20:00:00,ECONOMY,WEB,175,169,6,75.6,13230,264.6,1587.6,14553,USD
TK0001834,V000917,2026-02-05 20:00:00,BUSINESS,APP,6,5,1,181.44,1088.64,21.77,130.64,1197.51,USD
TK0001835,V000918,2026-02-13 21:15:00,ECONOMY,APP,128,122,6,210.33,26922.24,538.44,3230.67,29614.47,USD
TK0001836,V000918,2026-02-04 21:15:00,BUSINESS,AGENCIA,10,8,2,504.79,5047.9,403.83,605.75,5249.82,USD
TK0001837,V000919,2026-02-12 04:30:00,ECONOMY,AGENCIA,127,127,0,365.4,46405.8,3712.46,5568.7,48262.04,USD
TK0001838,V000919,2026-02-03 04:30:00,BUSINESS,WEB,11,11,0,876.96,9646.56,192.93,1157.59,10611.22,USD
TK0001839,V000920,2026-02-11 05:45:00,ECONOMY,WEB,150,150,0,79.65,11947.5,238.95,1433.7,13142.25,USD
TK0001840,V000920,2026-02-02 05:45:00,BUSINESS,APP,13,12,1,191.16,2485.08,49.7,298.21,2733.59,USD
TK0001841,V000921,2026-02-10 06:00:00,ECONOMY,APP,110,110,0,221.4,24354,487.08,2922.48,26789.4,USD
TK0001842,V000921,2026-02-01 06:00:00,BUSINESS,AGENCIA,7,5,2,531.36,3719.52,74.39,446.34,4091.47,USD
TK0001843,V000922,2026-02-09 07:15:00,ECONOMY,AGENCIA,135,132,3,384.3,51880.5,1037.61,6225.66,57068.55,USD
TK0001844,V000922,2026-01-31 07:15:00,BUSINESS,WEB,8,8,0,922.32,7378.56,147.57,885.43,8116.42,USD
TK0001845,V000923,2026-02-08 08:30:00,ECONOMY,WEB,158,155,3,83.7,13224.6,264.49,1586.95,14547.06,USD
TK0001846,V000923,2026-01-30 08:30:00,BUSINESS,APP,12,11,1,200.88,2410.56,48.21,289.27,2651.62,USD
TK0001847,V000924,2026-02-07 09:45:00,ECONOMY,APP,0,0,0,184.5,0,0,0,0,USD
TK0001848,V000924,2026-01-29 09:45:00,BUSINESS,AGENCIA,0,0,0,442.8,0,0,0,0,USD
TK0001849,V000925,2026-02-07 10:00:00,ECONOMY,AGENCIA,146,140,6,321.3,46909.8,3752.78,5629.18,48786.2,USD
TK0001850,V000925,2026-01-29 10:00:00,BUSINESS,WEB,5,5,0,771.12,3855.6,77.11,462.67,4241.16,USD
TK0001851,V000926,2026-02-06 11:15:00,ECONOMY,WEB,105,99,6,70.2,7371,147.42,884.52,8108.1,USD
TK0001852,V000926,2026-01-28 11:15:00,BUSINESS,APP,9,8,1,168.48,1516.32,30.33,181.96,1667.95,USD
TK0001853,V000927,2026-02-05 12:30:00,ECONOMY,APP,128,122,6,195.57,25032.96,500.66,3003.96,27536.26,USD
TK0001854,V000927,2026-01-27 12:30:00,BUSINESS,AGENCIA,13,11,2,469.37,6101.81,122.04,732.22,6711.99,USD
TK0001855,V000928,2026-02-04 13:45:00,ECONOMY,AGENCIA,145,145,0,340.2,49329,986.58,5919.48,54261.9,USD
TK0001856,V000928,2026-01-26 13:45:00,BUSINESS,WEB,12,12,0,816.48,9797.76,195.96,1175.73,10777.53,USD
TK0001857,V000929,2026-02-03 14:00:00,ECONOMY,WEB,104,104,0,74.25,7722,154.44,926.64,8494.2,USD
TK0001858,V000929,2026-01-25 14:00:00,BUSINESS,APP,6,5,1,178.2,1069.2,21.38,128.3,1176.12,USD
TK0001859,V000930,2026-02-02 15:15:00,ECONOMY,APP,127,127,0,75.6,9601.2,192.02,1152.14,10561.32,USD
TK0001860,V000930,2026-01-24 15:15:00,BUSINESS,AGENCIA,10,8,2,181.44,1814.4,145.15,217.73,1886.98,USD
TK0001861,V000931,2026-02-01 16:30:00,ECONOMY,AGENCIA,176,173,3,359.1,63201.6,5056.13,7584.19,65729.66,USD
TK0001862,V000931,2026-01-23 16:30:00,BUSINESS,WEB,11,11,0,861.84,9480.24,189.6,1137.63,10428.27,USD
TK0001863,V000932,2026-01-31 17:45:00,ECONOMY,WEB,129,126,3,78.3,10100.7,202.01,1212.08,11110.77,USD
TK0001864,V000932,2026-01-22 17:45:00,BUSINESS,APP,15,14,1,187.92,2818.8,56.38,338.26,3100.68,USD
TK0001865,V000933,2026-01-30 18:00:00,ECONOMY,APP,156,153,3,79.65,12425.4,248.51,1491.05,13667.94,USD
TK0001866,V000933,2026-01-21 18:00:00,BUSINESS,AGENCIA,7,5,2,191.16,1338.12,26.76,160.57,1471.93,USD
TK0001867,V000934,2026-01-29 19:15:00,ECONOMY,AGENCIA,186,180,6,221.4,41180.4,823.61,4941.65,45298.44,USD
TK0001868,V000934,2026-01-20 19:15:00,BUSINESS,WEB,8,8,0,531.36,4250.88,85.02,510.11,4675.97,USD
TK0001869,V000935,2026-01-28 20:30:00,ECONOMY,WEB,139,133,6,82.35,11446.65,228.93,1373.6,12591.32,USD
TK0001870,V000935,2026-01-19 20:30:00,BUSINESS,APP,12,11,1,197.64,2371.68,47.43,284.6,2608.85,USD
TK0001871,V000936,2026-01-27 21:45:00,ECONOMY,APP,165,159,6,83.7,13810.5,276.21,1657.26,15191.55,USD
TK0001872,V000936,2026-01-18 21:45:00,BUSINESS,AGENCIA,16,14,2,200.88,3214.08,257.13,385.69,3342.64,USD
TK0001873,V000937,2026-01-26 04:00:00,ECONOMY,AGENCIA,96,96,0,184.5,17712,1416.96,2125.44,18420.48,USD
TK0001874,V000937,2026-03-03 04:00:00,BUSINESS,WEB,5,5,0,442.8,2214,44.28,265.68,2435.4,USD
TK0001875,V000938,2026-01-25 05:15:00,ECONOMY,WEB,118,118,0,68.85,8124.3,162.49,974.92,8936.73,USD
TK0001876,V000938,2026-03-02 05:15:00,BUSINESS,APP,9,8,1,165.24,1487.16,29.74,178.46,1635.88,USD
TK0001877,V000939,2026-01-25 06:30:00,ECONOMY,APP,141,141,0,70.2,9898.2,197.96,1187.78,10888.02,USD
TK0001878,V000939,2026-03-02 06:30:00,BUSINESS,AGENCIA,13,11,2,168.48,2190.24,43.8,262.83,2409.27,USD
TK0001879,V000940,2026-01-24 07:45:00,ECONOMY,AGENCIA,104,101,3,195.57,20339.28,406.79,2440.71,22373.2,USD
TK0001880,V000940,2026-03-01 07:45:00,BUSINESS,WEB,12,12,0,469.37,5632.44,112.65,675.89,6195.68,USD
TK0001881,V000941,2026-01-23 08:00:00,ECONOMY,WEB,127,124,3,72.9,9258.3,185.17,1111,10184.13,USD
TK0001882,V000941,2026-02-28 08:00:00,BUSINESS,APP,6,5,1,174.96,1049.76,21,125.97,1154.73,USD
TK0001883,V000942,2026-01-22 09:15:00,ECONOMY,APP,149,146,3,74.25,11063.25,221.27,1327.59,12169.57,USD
TK0001884,V000942,2026-02-27 09:15:00,BUSINESS,AGENCIA,10,8,2,178.2,1782,142.56,213.84,1853.28,USD
TK0001885,V000943,2026-01-21 10:30:00,ECONOMY,AGENCIA,114,108,6,206.64,23556.96,1884.56,2826.84,24499.24,USD
TK0001886,V000943,2026-02-26 10:30:00,BUSINESS,WEB,11,11,0,495.94,5455.34,109.11,654.64,6000.87,USD
TK0001887,V000944,2026-01-20 11:45:00,ECONOMY,WEB,137,131,6,359.1,49196.7,983.93,5903.6,54116.37,USD
TK0001888,V000944,2026-02-25 11:45:00,BUSINESS,APP,13,12,1,861.84,11203.92,224.08,1344.47,12324.31,USD
TK0001889,V000945,2026-01-19 12:00:00,ECONOMY,APP,160,154,6,78.3,12528,250.56,1503.36,13780.8,USD
TK0001890,V000945,2026-02-24 12:00:00,BUSINESS,AGENCIA,7,5,2,187.92,1315.44,26.31,157.85,1446.98,USD
TK0001891,V000946,2026-03-04 13:15:00,ECONOMY,AGENCIA,113,113,0,217.71,24601.23,492.02,2952.15,27061.36,USD
TK0001892,V000946,2026-02-23 13:15:00,BUSINESS,WEB,8,8,0,522.5,4180,83.6,501.6,4598,USD
TK0001893,V000947,2026-03-03 14:30:00,ECONOMY,WEB,136,136,0,378,51408,1028.16,6168.96,56548.8,USD
TK0001894,V000947,2026-02-22 14:30:00,BUSINESS,APP,12,11,1,907.2,10886.4,217.73,1306.37,11975.04,USD
TK0001895,V000948,2026-03-02 15:45:00,ECONOMY,APP,159,159,0,82.35,13093.65,261.87,1571.24,14403.02,USD
TK0001896,V000948,2026-02-21 15:45:00,BUSINESS,AGENCIA,14,12,2,197.64,2766.96,221.36,332.04,2877.64,USD
TK0001897,V000949,2026-03-01 16:00:00,ECONOMY,AGENCIA,140,137,3,228.78,32029.2,2562.34,3843.5,33310.36,USD
TK0001898,V000949,2026-02-20 16:00:00,BUSINESS,WEB,5,5,0,549.07,2745.35,54.91,329.44,3019.88,USD
TK0001899,V000950,2026-02-28 17:15:00,ECONOMY,WEB,166,163,3,315,52290,1045.8,6274.8,57519,USD
TK0001900,V000950,2026-02-19 17:15:00,BUSINESS,APP,9,8,1,756,6804,136.08,816.48,7484.4,USD
TK0001901,V000951,2026-02-27 18:30:00,ECONOMY,APP,119,116,3,68.85,8193.15,163.86,983.18,9012.47,USD
TK0001902,V000951,2026-02-18 18:30:00,BUSINESS,AGENCIA,13,11,2,165.24,2148.12,42.96,257.77,2362.93,USD
TK0001903,V000952,2026-02-26 19:45:00,ECONOMY,AGENCIA,149,143,6,191.88,28590.12,571.8,3430.81,31449.13,USD
TK0001904,V000952,2026-02-17 19:45:00,BUSINESS,WEB,14,14,0,460.51,6447.14,128.94,773.66,7091.86,USD
TK0001905,V000953,2026-02-26 20:00:00,ECONOMY,WEB,175,169,6,333.9,58432.5,1168.65,7011.9,64275.75,USD
TK0001906,V000953,2026-02-17 20:00:00,BUSINESS,APP,6,5,1,801.36,4808.16,96.16,576.98,5288.98,USD
TK0001907,V000954,2026-02-25 21:15:00,ECONOMY,APP,128,122,6,72.9,9331.2,186.62,1119.74,10264.32,USD
TK0001908,V000954,2026-02-16 21:15:00,BUSINESS,AGENCIA,10,8,2,174.96,1749.6,139.97,209.95,1819.58,USD
TK0001909,V000955,2026-02-24 04:30:00,ECONOMY,AGENCIA,127,127,0,74.25,9429.75,754.38,1131.57,9806.94,USD
TK0001910,V000955,2026-02-15 04:30:00,BUSINESS,WEB,11,11,0,178.2,1960.2,39.2,235.22,2156.22,USD
TK0001911,V000956,2026-02-23 05:45:00,ECONOMY,WEB,150,150,0,352.8,52920,1058.4,6350.4,58212,USD
TK0001912,V000956,2026-02-14 05:45:00,BUSINESS,APP,13,12,1,846.72,11007.36,220.15,1320.88,12108.09,USD
TK0001913,V000957,2026-02-22 06:00:00,ECONOMY,APP,110,110,0,76.95,8464.5,169.29,1015.74,9310.95,USD
TK0001914,V000957,2026-02-13 06:00:00,BUSINESS,AGENCIA,7,5,2,184.68,1292.76,25.86,155.13,1422.03,USD
TK0001915,V000958,2026-02-21 07:15:00,ECONOMY,AGENCIA,135,132,3,78.3,10570.5,211.41,1268.46,11627.55,USD
TK0001916,V000958,2026-02-12 07:15:00,BUSINESS,WEB,8,8,0,187.92,1503.36,30.07,180.4,1653.69,USD
TK0001917,V000959,2026-02-20 08:30:00,ECONOMY,WEB,158,155,3,217.71,34398.18,687.96,4127.78,37838,USD
TK0001918,V000959,2026-02-11 08:30:00,BUSINESS,APP,12,11,1,522.5,6270,125.4,752.4,6897,USD
TK0001919,V000960,2026-02-19 09:45:00,ECONOMY,APP,118,115,3,81,9558,191.16,1146.96,10513.8,USD
TK0001920,V000960,2026-02-10 09:45:00,BUSINESS,AGENCIA,14,12,2,194.4,2721.6,217.73,326.59,2830.46,USD
TK0001921,V000961,2026-02-18 10:00:00,ECONOMY,AGENCIA,146,140,6,82.35,12023.1,961.85,1442.77,12504.02,USD
TK0001922,V000961,2026-02-09 10:00:00,BUSINESS,WEB,5,5,0,197.64,988.2,19.76,118.58,1087.02,USD
TK0001923,V000962,2026-02-17 11:15:00,ECONOMY,WEB,105,99,6,228.78,24021.9,480.44,2882.63,26424.09,USD
TK0001924,V000962,2026-02-08 11:15:00,BUSINESS,APP,9,8,1,549.07,4941.63,98.83,593,5435.8,USD
TK0001925,V000963,2026-02-16 12:30:00,ECONOMY,APP,128,122,6,67.5,8640,172.8,1036.8,9504,USD
TK0001926,V000963,2026-02-07 12:30:00,BUSINESS,AGENCIA,13,11,2,162,2106,42.12,252.72,2316.6,USD
TK0001927,V000964,2026-02-15 13:45:00,ECONOMY,AGENCIA,145,145,0,68.85,9983.25,199.66,1197.99,10981.58,USD
TK0001928,V000964,2026-02-06 13:45:00,BUSINESS,WEB,12,12,0,165.24,1982.88,39.66,237.95,2181.17,USD
TK0001929,V000965,2026-02-14 14:00:00,ECONOMY,WEB,104,104,0,191.88,19955.52,399.11,2394.66,21951.07,USD
TK0001930,V000965,2026-02-05 14:00:00,BUSINESS,APP,6,5,1,460.51,2763.06,55.26,331.57,3039.37,USD
TK0001931,V000966,2026-02-13 15:15:00,ECONOMY,APP,127,127,0,71.55,9086.85,181.74,1090.42,9995.53,USD
TK0001932,V000966,2026-02-04 15:15:00,BUSINESS,AGENCIA,10,8,2,171.72,1717.2,137.38,206.06,1785.88,USD
TK0001933,V000967,2026-02-13 16:30:00,ECONOMY,AGENCIA,176,173,3,72.9,12830.4,1026.43,1539.65,13343.62,USD
TK0001934,V000967,2026-02-04 16:30:00,BUSINESS,WEB,11,11,0,174.96,1924.56,38.49,230.95,2117.02,USD
TK0001935,V000968,2026-02-12 17:45:00,ECONOMY,WEB,129,126,3,202.95,26180.55,523.61,3141.67,28798.61,USD
TK0001936,V000968,2026-02-03 17:45:00,BUSINESS,APP,15,14,1,487.08,7306.2,146.12,876.74,8036.82,USD
TK0001937,V000969,2026-02-11 18:00:00,ECONOMY,APP,156,153,3,75.6,11793.6,235.87,1415.23,12972.96,USD
TK0001938,V000969,2026-02-02 18:00:00,BUSINESS,AGENCIA,7,5,2,181.44,1270.08,25.4,152.41,1397.09,USD
TK0001939,V000970,2026-02-10 19:15:00,ECONOMY,AGENCIA,186,180,6,76.95,14312.7,286.25,1717.52,15743.97,USD
TK0001940,V000970,2026-02-01 19:15:00,BUSINESS,WEB,8,8,0,184.68,1477.44,29.55,177.29,1625.18,USD
TK0001941,V000971,2026-02-09 20:30:00,ECONOMY,WEB,139,133,6,214.02,29748.78,594.98,3569.85,32723.65,USD
TK0001942,V000971,2026-01-31 20:30:00,BUSINESS,APP,12,11,1,513.65,6163.8,123.28,739.66,6780.18,USD
TK0001943,V000972,2026-02-08 21:45:00,ECONOMY,APP,165,159,6,371.7,61330.5,1226.61,7359.66,67463.55,USD
TK0001944,V000972,2026-01-30 21:45:00,BUSINESS,AGENCIA,16,14,2,892.08,14273.28,1141.86,1712.79,14844.21,USD
TK0001945,V000973,2026-02-07 04:00:00,ECONOMY,AGENCIA,96,96,0,81,7776,622.08,933.12,8087.04,USD
TK0001946,V000973,2026-01-29 04:00:00,BUSINESS,WEB,5,5,0,194.4,972,19.44,116.64,1069.2,USD
TK0001947,V000974,2026-02-06 05:15:00,ECONOMY,WEB,118,118,0,225.09,26560.62,531.21,3187.27,29216.68,USD
TK0001948,V000974,2026-01-28 05:15:00,BUSINESS,APP,9,8,1,540.22,4861.98,97.24,583.44,5348.18,USD
TK0001949,V000975,2026-02-05 06:30:00,ECONOMY,APP,141,141,0,390.6,55074.6,1101.49,6608.95,60582.06,USD
TK0001950,V000975,2026-01-27 06:30:00,BUSINESS,AGENCIA,13,11,2,937.44,12186.72,243.73,1462.41,13405.4,USD
TK0001951,V000976,2026-02-04 07:45:00,ECONOMY,AGENCIA,104,101,3,67.5,7020,140.4,842.4,7722,USD
TK0001952,V000976,2026-01-26 07:45:00,BUSINESS,WEB,12,12,0,162,1944,38.88,233.28,2138.4,USD
TK0001953,V000977,2026-02-03 08:00:00,ECONOMY,WEB,127,124,3,188.19,23900.13,478,2868.02,26290.15,USD
TK0001954,V000977,2026-01-25 08:00:00,BUSINESS,APP,6,5,1,451.66,2709.96,54.2,325.2,2980.96,USD
TK0001955,V000978,2026-02-02 09:15:00,ECONOMY,APP,149,146,3,327.6,48812.4,976.25,5857.49,53693.64,USD
TK0001956,V000978,2026-01-24 09:15:00,BUSINESS,AGENCIA,10,8,2,786.24,7862.4,628.99,943.49,8176.9,USD
TK0001957,V000979,2026-02-01 10:30:00,ECONOMY,AGENCIA,114,108,6,71.55,8156.7,652.54,978.8,8482.96,USD
TK0001958,V000979,2026-01-23 10:30:00,BUSINESS,WEB,11,11,0,171.72,1888.92,37.78,226.67,2077.81,USD
TK0001959,V000980,2026-01-31 11:45:00,ECONOMY,WEB,137,131,6,72.9,9987.3,199.75,1198.48,10986.03,USD
TK0001960,V000980,2026-01-22 11:45:00,BUSINESS,APP,13,12,1,174.96,2274.48,45.49,272.94,2501.93,USD
TK0001961,V000981,2026-01-31 12:00:00,ECONOMY,APP,160,154,6,346.5,55440,1108.8,6652.8,60984,USD
TK0001962,V000981,2026-01-22 12:00:00,BUSINESS,AGENCIA,7,5,2,831.6,5821.2,116.42,698.54,6403.32,USD
TK0001963,V000982,2026-01-30 13:15:00,ECONOMY,AGENCIA,113,113,0,75.6,8542.8,170.86,1025.14,9397.08,USD
TK0001964,V000982,2026-03-07 13:15:00,BUSINESS,WEB,8,8,0,181.44,1451.52,29.03,174.18,1596.67,USD
TK0001965,V000983,2026-01-29 14:30:00,ECONOMY,WEB,136,136,0,76.95,10465.2,209.3,1255.82,11511.72,USD
TK0001966,V000983,2026-03-06 14:30:00,BUSINESS,APP,12,11,1,184.68,2216.16,44.32,265.94,2437.78,USD
TK0001967,V000984,2026-01-28 15:45:00,ECONOMY,APP,159,159,0,214.02,34029.18,680.58,4083.5,37432.1,USD
TK0001968,V000984,2026-03-05 15:45:00,BUSINESS,AGENCIA,14,12,2,513.65,7191.1,575.29,862.93,7478.74,USD
TK0001969,V000985,2026-01-27 16:00:00,ECONOMY,AGENCIA,140,137,3,79.65,11151,892.08,1338.12,11597.04,USD
TK0001970,V000985,2026-03-04 16:00:00,BUSINESS,WEB,5,5,0,191.16,955.8,19.12,114.7,1051.38,USD
TK0001971,V000986,2026-01-26 17:15:00,ECONOMY,WEB,166,163,3,81,13446,268.92,1613.52,14790.6,USD
TK0001972,V000986,2026-03-03 17:15:00,BUSINESS,APP,9,8,1,194.4,1749.6,34.99,209.95,1924.56,USD
TK0001973,V000987,2026-01-25 18:30:00,ECONOMY,APP,119,116,3,225.09,26785.71,535.71,3214.29,29464.29,USD
TK0001974,V000987,2026-03-02 18:30:00,BUSINESS,AGENCIA,13,11,2,540.22,7022.86,140.46,842.74,7725.14,USD
TK0001975,V000988,2026-01-24 19:45:00,ECONOMY,AGENCIA,149,143,6,83.7,12471.3,249.43,1496.56,13718.43,USD
TK0001976,V000988,2026-03-01 19:45:00,BUSINESS,WEB,14,14,0,200.88,2812.32,56.25,337.48,3093.55,USD
TK0001977,V000989,2026-01-23 20:00:00,ECONOMY,WEB,175,169,6,67.5,11812.5,236.25,1417.5,12993.75,USD
TK0001978,V000989,2026-02-28 20:00:00,BUSINESS,APP,6,5,1,162,972,19.44,116.64,1069.2,USD
TK0001979,V000990,2026-01-22 21:15:00,ECONOMY,APP,128,122,6,188.19,24088.32,481.77,2890.6,26497.15,USD
TK0001980,V000990,2026-02-27 21:15:00,BUSINESS,AGENCIA,10,8,2,451.66,4516.6,361.33,541.99,4697.26,USD
TK0001981,V000991,2026-03-07 04:30:00,ECONOMY,AGENCIA,127,127,0,70.2,8915.4,713.23,1069.85,9272.02,USD
TK0001982,V000991,2026-02-26 04:30:00,BUSINESS,WEB,11,11,0,168.48,1853.28,37.07,222.39,2038.6,USD
TK0001983,V000992,2026-03-06 05:45:00,ECONOMY,WEB,150,150,0,71.55,10732.5,214.65,1287.9,11805.75,USD
TK0001984,V000992,2026-02-25 05:45:00,BUSINESS,APP,13,12,1,171.72,2232.36,44.65,267.88,2455.59,USD
TK0001985,V000993,2026-03-05 06:00:00,ECONOMY,APP,110,110,0,199.26,21918.6,438.37,2630.23,24110.46,USD
TK0001986,V000993,2026-02-24 06:00:00,BUSINESS,AGENCIA,7,5,2,478.22,3347.54,66.95,401.7,3682.29,USD
TK0001987,V000994,2026-03-04 07:15:00,ECONOMY,AGENCIA,135,132,3,74.25,10023.75,200.47,1202.85,11026.13,USD
TK0001988,V000994,2026-02-23 07:15:00,BUSINESS,WEB,8,8,0,178.2,1425.6,28.51,171.07,1568.16,USD
TK0001989,V000995,2026-03-04 08:30:00,ECONOMY,WEB,0,0,0,75.6,0,0,0,0,USD
TK0001990,V000995,2026-02-23 08:30:00,BUSINESS,APP,0,0,0,181.44,0,0,0,0,USD
TK0001991,V000996,2026-03-03 09:45:00,ECONOMY,APP,118,115,3,210.33,24818.94,496.38,2978.27,27300.83,USD
TK0001992,V000996,2026-02-22 09:45:00,BUSINESS,AGENCIA,14,12,2,504.79,7067.06,565.36,848.05,7349.75,USD
TK0001993,V000997,2026-03-02 10:00:00,ECONOMY,AGENCIA,146,140,6,365.4,53348.4,4267.87,6401.81,55482.34,USD
TK0001994,V000997,2026-02-21 10:00:00,BUSINESS,WEB,5,5,0,876.96,4384.8,87.7,526.18,4823.28,USD
TK0001995,V000998,2026-03-01 11:15:00,ECONOMY,WEB,105,99,6,79.65,8363.25,167.27,1003.59,9199.57,USD
TK0001996,V000998,2026-02-20 11:15:00,BUSINESS,APP,9,8,1,191.16,1720.44,34.41,206.45,1892.48,USD
TK0001997,V000999,2026-02-28 12:30:00,ECONOMY,APP,128,122,6,221.4,28339.2,566.78,3400.7,31173.12,USD
TK0001998,V000999,2026-02-19 12:30:00,BUSINESS,AGENCIA,13,11,2,531.36,6907.68,138.15,828.92,7598.45,USD
TK0001999,V001000,2026-02-27 13:45:00,ECONOMY,AGENCIA,145,145,0,384.3,55723.5,1114.47,6686.82,61295.85,USD
TK0002000,V001000,2026-02-18 13:45:00,BUSINESS,WEB,12,12,0,922.32,11067.84,221.36,1328.14,12174.62,USD
TK0002001,V001001,2026-02-26 14:00:00,ECONOMY,WEB,104,104,0,83.7,8704.8,174.1,1044.58,9575.28,USD
TK0002002,V001001,2026-02-17 14:00:00,BUSINESS,APP,6,5,1,200.88,1205.28,24.11,144.63,1325.8,USD
TK0002003,V001002,2026-02-25 15:15:00,ECONOMY,APP,127,127,0,184.5,23431.5,468.63,2811.78,25774.65,USD
TK0002004,V001002,2026-02-16 15:15:00,BUSINESS,AGENCIA,10,8,2,442.8,4428,354.24,531.36,4605.12,USD
TK0002005,V001003,2026-02-24 16:30:00,ECONOMY,AGENCIA,176,173,3,321.3,56548.8,4523.9,6785.86,58810.76,USD
TK0002006,V001003,2026-02-15 16:30:00,BUSINESS,WEB,11,11,0,771.12,8482.32,169.65,1017.88,9330.55,USD
TK0002007,V001004,2026-02-23 17:45:00,ECONOMY,WEB,129,126,3,70.2,9055.8,181.12,1086.7,9961.38,USD
TK0002008,V001004,2026-02-14 17:45:00,BUSINESS,APP,15,14,1,168.48,2527.2,50.54,303.26,2779.92,USD
TK0002009,V001005,2026-02-22 18:00:00,ECONOMY,APP,156,153,3,71.55,11161.8,223.24,1339.42,12277.98,USD
TK0002010,V001005,2026-02-13 18:00:00,BUSINESS,AGENCIA,7,5,2,171.72,1202.04,24.04,144.24,1322.24,USD
TK0002011,V001006,2026-02-21 19:15:00,ECONOMY,AGENCIA,186,180,6,340.2,63277.2,1265.54,7593.26,69604.92,USD
TK0002012,V001006,2026-02-12 19:15:00,BUSINESS,WEB,8,8,0,816.48,6531.84,130.64,783.82,7185.02,USD
TK0002013,V001007,2026-02-20 20:30:00,ECONOMY,WEB,139,133,6,74.25,10320.75,206.41,1238.49,11352.83,USD
TK0002014,V001007,2026-02-11 20:30:00,BUSINESS,APP,12,11,1,178.2,2138.4,42.77,256.61,2352.24,USD
TK0002015,V001008,2026-02-19 21:45:00,ECONOMY,APP,165,159,6,75.6,12474,249.48,1496.88,13721.4,USD
TK0002016,V001008,2026-02-10 21:45:00,BUSINESS,AGENCIA,16,14,2,181.44,2903.04,232.24,348.36,3019.16,USD
TK0002017,V001009,2026-02-19 04:00:00,ECONOMY,AGENCIA,96,96,0,210.33,20191.68,1615.33,2423,20999.35,USD
TK0002018,V001009,2026-02-10 04:00:00,BUSINESS,WEB,5,5,0,504.79,2523.95,50.48,302.87,2776.34,USD
TK0002019,V001010,2026-02-18 05:15:00,ECONOMY,WEB,118,118,0,78.3,9239.4,184.79,1108.73,10163.34,USD
TK0002020,V001010,2026-02-09 05:15:00,BUSINESS,APP,9,8,1,187.92,1691.28,33.83,202.95,1860.4,USD
TK0002021,V001011,2026-02-17 06:30:00,ECONOMY,APP,141,141,0,79.65,11230.65,224.61,1347.68,12353.72,USD
TK0002022,V001011,2026-02-08 06:30:00,BUSINESS,AGENCIA,13,11,2,191.16,2485.08,49.7,298.21,2733.59,USD
TK0002023,V001012,2026-02-16 07:45:00,ECONOMY,AGENCIA,104,101,3,221.4,23025.6,460.51,2763.07,25328.16,USD
TK0002024,V001012,2026-02-07 07:45:00,BUSINESS,WEB,12,12,0,531.36,6376.32,127.53,765.16,7013.95,USD
TK0002025,V001013,2026-02-15 08:00:00,ECONOMY,WEB,127,124,3,82.35,10458.45,209.17,1255.01,11504.29,USD
TK0002026,V001013,2026-02-06 08:00:00,BUSINESS,APP,6,5,1,197.64,1185.84,23.72,142.3,1304.42,USD
TK0002027,V001014,2026-02-14 09:15:00,ECONOMY,APP,149,146,3,83.7,12471.3,249.43,1496.56,13718.43,USD
TK0002028,V001014,2026-02-05 09:15:00,BUSINESS,AGENCIA,10,8,2,200.88,2008.8,160.7,241.06,2089.16,USD
TK0002029,V001015,2026-02-13 10:30:00,ECONOMY,AGENCIA,114,108,6,184.5,21033,1682.64,2523.96,21874.32,USD
TK0002030,V001015,2026-02-04 10:30:00,BUSINESS,WEB,11,11,0,442.8,4870.8,97.42,584.5,5357.88,USD
TK0002031,V001016,2026-02-12 11:45:00,ECONOMY,WEB,137,131,6,68.85,9432.45,188.65,1131.89,10375.69,USD
TK0002032,V001016,2026-02-03 11:45:00,BUSINESS,APP,13,12,1,165.24,2148.12,42.96,257.77,2362.93,USD
TK0002033,V001017,2026-02-11 12:00:00,ECONOMY,APP,160,154,6,70.2,11232,224.64,1347.84,12355.2,USD
TK0002034,V001017,2026-02-02 12:00:00,BUSINESS,AGENCIA,7,5,2,168.48,1179.36,23.59,141.52,1297.29,USD
TK0002035,V001018,2026-02-10 13:15:00,ECONOMY,AGENCIA,113,113,0,195.57,22099.41,441.99,2651.93,24309.35,USD
TK0002036,V001018,2026-02-01 13:15:00,BUSINESS,WEB,8,8,0,469.37,3754.96,75.1,450.6,4130.46,USD
TK0002037,V001019,2026-02-09 14:30:00,ECONOMY,WEB,136,136,0,72.9,9914.4,198.29,1189.73,10905.84,USD
TK0002038,V001019,2026-01-31 14:30:00,BUSINESS,APP,12,11,1,174.96,2099.52,41.99,251.94,2309.47,USD
TK0002039,V001020,2026-02-08 15:45:00,ECONOMY,APP,159,159,0,74.25,11805.75,236.12,1416.69,12986.32,USD
TK0002040,V001020,2026-01-30 15:45:00,BUSINESS,AGENCIA,14,12,2,178.2,2494.8,199.58,299.38,2594.6,USD
TK0002041,V001021,2026-02-07 16:00:00,ECONOMY,AGENCIA,140,137,3,206.64,28929.6,2314.37,3471.55,30086.78,USD
TK0002042,V001021,2026-01-29 16:00:00,BUSINESS,WEB,5,5,0,495.94,2479.7,49.59,297.56,2727.67,USD
TK0002043,V001022,2026-02-06 17:15:00,ECONOMY,WEB,166,163,3,359.1,59610.6,1192.21,7153.27,65571.66,USD
TK0002044,V001022,2026-01-28 17:15:00,BUSINESS,APP,9,8,1,861.84,7756.56,155.13,930.79,8532.22,USD
TK0002045,V001023,2026-02-06 18:30:00,ECONOMY,APP,119,116,3,78.3,9317.7,186.35,1118.12,10249.47,USD
TK0002046,V001023,2026-01-28 18:30:00,BUSINESS,AGENCIA,13,11,2,187.92,2442.96,48.86,293.16,2687.26,USD
TK0002047,V001024,2026-02-05 19:45:00,ECONOMY,AGENCIA,149,143,6,217.71,32438.79,648.78,3892.65,35682.66,USD
TK0002048,V001024,2026-01-27 19:45:00,BUSINESS,WEB,14,14,0,522.5,7315,146.3,877.8,8046.5,USD
TK0002049,V001025,2026-02-04 20:00:00,ECONOMY,WEB,175,169,6,378,66150,1323,7938,72765,USD
TK0002050,V001025,2026-01-26 20:00:00,BUSINESS,APP,6,5,1,907.2,5443.2,108.86,653.18,5987.52,USD
TK0002051,V001026,2026-02-03 21:15:00,ECONOMY,APP,128,122,6,82.35,10540.8,210.82,1264.9,11594.88,USD
TK0002052,V001026,2026-01-25 21:15:00,BUSINESS,AGENCIA,10,8,2,197.64,1976.4,158.11,237.17,2055.46,USD
TK0002053,V001027,2026-02-02 04:30:00,ECONOMY,AGENCIA,127,127,0,228.78,29055.06,2324.4,3486.61,30217.27,USD
TK0002054,V001027,2026-03-10 04:30:00,BUSINESS,WEB,11,11,0,549.07,6039.77,120.8,724.77,6643.74,USD
TK0002055,V001028,2026-02-01 05:45:00,ECONOMY,WEB,150,150,0,315,47250,945,5670,51975,USD
TK0002056,V001028,2026-03-09 05:45:00,BUSINESS,APP,13,12,1,756,9828,196.56,1179.36,10810.8,USD
TK0002057,V001029,2026-01-31 06:00:00,ECONOMY,APP,110,110,0,68.85,7573.5,151.47,908.82,8330.85,USD
TK0002058,V001029,2026-03-08 06:00:00,BUSINESS,AGENCIA,7,5,2,165.24,1156.68,23.13,138.8,1272.35,USD
TK0002059,V001030,2026-01-30 07:15:00,ECONOMY,AGENCIA,135,132,3,70.2,9477,189.54,1137.24,10424.7,USD
TK0002060,V001030,2026-03-07 07:15:00,BUSINESS,WEB,8,8,0,168.48,1347.84,26.96,161.74,1482.62,USD
TK0002061,V001031,2026-01-29 08:30:00,ECONOMY,WEB,158,155,3,333.9,52756.2,1055.12,6330.74,58031.82,USD
TK0002062,V001031,2026-03-06 08:30:00,BUSINESS,APP,12,11,1,801.36,9616.32,192.33,1153.96,10577.95,USD
TK0002063,V001032,2026-01-28 09:45:00,ECONOMY,APP,118,115,3,72.9,8602.2,172.04,1032.26,9462.42,USD
TK0002064,V001032,2026-03-05 09:45:00,BUSINESS,AGENCIA,14,12,2,174.96,2449.44,195.96,293.93,2547.41,USD
TK0002065,V001033,2026-01-27 10:00:00,ECONOMY,AGENCIA,146,140,6,74.25,10840.5,867.24,1300.86,11274.12,USD
TK0002066,V001033,2026-03-04 10:00:00,BUSINESS,WEB,5,5,0,178.2,891,17.82,106.92,980.1,USD
TK0002067,V001034,2026-01-26 11:15:00,ECONOMY,WEB,105,99,6,206.64,21697.2,433.94,2603.66,23866.92,USD
TK0002068,V001034,2026-03-03 11:15:00,BUSINESS,APP,9,8,1,495.94,4463.46,89.27,535.62,4909.81,USD
TK0002069,V001035,2026-01-25 12:30:00,ECONOMY,APP,128,122,6,76.95,9849.6,196.99,1181.95,10834.56,USD
TK0002070,V001035,2026-03-02 12:30:00,BUSINESS,AGENCIA,13,11,2,184.68,2400.84,48.02,288.1,2640.92,USD
TK0002071,V001036,2026-03-10 13:45:00,ECONOMY,AGENCIA,145,145,0,78.3,11353.5,227.07,1362.42,12488.85,USD
TK0002072,V001036,2026-03-01 13:45:00,BUSINESS,WEB,12,12,0,187.92,2255.04,45.1,270.6,2480.54,USD
TK0002073,V001037,2026-03-10 14:00:00,ECONOMY,WEB,104,104,0,217.71,22641.84,452.84,2717.02,24906.02,USD
TK0002074,V001037,2026-03-01 14:00:00,BUSINESS,APP,6,5,1,522.5,3135,62.7,376.2,3448.5,USD
TK0002075,V001038,2026-03-09 15:15:00,ECONOMY,APP,127,127,0,81,10287,205.74,1234.44,11315.7,USD
TK0002076,V001038,2026-02-28 15:15:00,BUSINESS,AGENCIA,10,8,2,194.4,1944,155.52,233.28,2021.76,USD
TK0002077,V001039,2026-03-08 16:30:00,ECONOMY,AGENCIA,176,173,3,82.35,14493.6,1159.49,1739.23,15073.34,USD
TK0002078,V001039,2026-02-27 16:30:00,BUSINESS,WEB,11,11,0,197.64,2174.04,43.48,260.88,2391.44,USD
TK0002079,V001040,2026-03-07 17:45:00,ECONOMY,WEB,129,126,3,228.78,29512.62,590.25,3541.51,32463.88,USD
TK0002080,V001040,2026-02-26 17:45:00,BUSINESS,APP,15,14,1,549.07,8236.05,164.72,988.33,9059.66,USD
TK0002081,V001041,2026-03-06 18:00:00,ECONOMY,APP,156,153,3,67.5,10530,210.6,1263.6,11583,USD
TK0002082,V001041,2026-02-25 18:00:00,BUSINESS,AGENCIA,7,5,2,162,1134,22.68,136.08,1247.4,USD
TK0002083,V001042,2026-03-05 19:15:00,ECONOMY,AGENCIA,186,180,6,68.85,12806.1,256.12,1536.73,14086.71,USD
TK0002084,V001042,2026-02-24 19:15:00,BUSINESS,WEB,8,8,0,165.24,1321.92,26.44,158.63,1454.11,USD
TK0002085,V001043,2026-03-04 20:30:00,ECONOMY,WEB,139,133,6,191.88,26671.32,533.43,3200.56,29338.45,USD
TK0002086,V001043,2026-02-23 20:30:00,BUSINESS,APP,12,11,1,460.51,5526.12,110.52,663.13,6078.73,USD
TK0002087,V001044,2026-03-03 21:45:00,ECONOMY,APP,165,159,6,71.55,11805.75,236.12,1416.69,12986.32,USD
TK0002088,V001044,2026-02-22 21:45:00,BUSINESS,AGENCIA,16,14,2,171.72,2747.52,219.8,329.7,2857.42,USD
TK0002089,V001045,2026-03-02 04:00:00,ECONOMY,AGENCIA,96,96,0,72.9,6998.4,559.87,839.81,7278.34,USD
TK0002090,V001045,2026-02-21 04:00:00,BUSINESS,WEB,5,5,0,174.96,874.8,17.5,104.98,962.28,USD
TK0002091,V001046,2026-03-01 05:15:00,ECONOMY,WEB,118,118,0,202.95,23948.1,478.96,2873.77,26342.91,USD
TK0002092,V001046,2026-02-20 05:15:00,BUSINESS,APP,9,8,1,487.08,4383.72,87.67,526.05,4822.1,USD
TK0002093,V001047,2026-02-28 06:30:00,ECONOMY,APP,141,141,0,352.8,49744.8,994.9,5969.38,54719.28,USD
TK0002094,V001047,2026-02-19 06:30:00,BUSINESS,AGENCIA,13,11,2,846.72,11007.36,220.15,1320.88,12108.09,USD
TK0002095,V001048,2026-02-27 07:45:00,ECONOMY,AGENCIA,104,101,3,76.95,8002.8,160.06,960.34,8803.08,USD
TK0002096,V001048,2026-02-18 07:45:00,BUSINESS,WEB,12,12,0,184.68,2216.16,44.32,265.94,2437.78,USD
TK0002097,V001049,2026-02-26 08:00:00,ECONOMY,WEB,127,124,3,214.02,27180.54,543.61,3261.66,29898.59,USD
TK0002098,V001049,2026-02-17 08:00:00,BUSINESS,APP,6,5,1,513.65,3081.9,61.64,369.83,3390.09,USD
TK0002099,V001050,2026-02-25 09:15:00,ECONOMY,APP,149,146,3,371.7,55383.3,1107.67,6646,60921.63,USD
TK0002100,V001050,2026-02-16 09:15:00,BUSINESS,AGENCIA,10,8,2,892.08,8920.8,713.66,1070.5,9277.64,USD
TK0002101,V001051,2026-02-25 10:30:00,ECONOMY,AGENCIA,114,108,6,81,9234,738.72,1108.08,9603.36,USD
TK0002102,V001051,2026-02-16 10:30:00,BUSINESS,WEB,11,11,0,194.4,2138.4,42.77,256.61,2352.24,USD
TK0002103,V001052,2026-02-24 11:45:00,ECONOMY,WEB,137,131,6,225.09,30837.33,616.75,3700.48,33921.06,USD
TK0002104,V001052,2026-02-15 11:45:00,BUSINESS,APP,13,12,1,540.22,7022.86,140.46,842.74,7725.14,USD
TK0002105,V001053,2026-02-23 12:00:00,ECONOMY,APP,160,154,6,390.6,62496,1249.92,7499.52,68745.6,USD
TK0002106,V001053,2026-02-14 12:00:00,BUSINESS,AGENCIA,7,5,2,937.44,6562.08,131.24,787.45,7218.29,USD
TK0002107,V001054,2026-02-22 13:15:00,ECONOMY,AGENCIA,113,113,0,67.5,7627.5,152.55,915.3,8390.25,USD
TK0002108,V001054,2026-02-13 13:15:00,BUSINESS,WEB,8,8,0,162,1296,25.92,155.52,1425.6,USD
TK0002109,V001055,2026-02-21 14:30:00,ECONOMY,WEB,136,136,0,68.85,9363.6,187.27,1123.63,10299.96,USD
TK0002110,V001055,2026-02-12 14:30:00,BUSINESS,APP,12,11,1,165.24,1982.88,39.66,237.95,2181.17,USD
TK0002111,V001056,2026-02-20 15:45:00,ECONOMY,APP,159,159,0,327.6,52088.4,1041.77,6250.61,57297.24,USD
TK0002112,V001056,2026-02-11 15:45:00,BUSINESS,AGENCIA,14,12,2,786.24,11007.36,880.59,1320.88,11447.65,USD
TK0002113,V001057,2026-02-19 16:00:00,ECONOMY,AGENCIA,140,137,3,71.55,10017,801.36,1202.04,10417.68,USD
TK0002114,V001057,2026-02-10 16:00:00,BUSINESS,WEB,5,5,0,171.72,858.6,17.17,103.03,944.46,USD
TK0002115,V001058,2026-02-18 17:15:00,ECONOMY,WEB,166,163,3,72.9,12101.4,242.03,1452.17,13311.54,USD
TK0002116,V001058,2026-02-09 17:15:00,BUSINESS,APP,9,8,1,174.96,1574.64,31.49,188.96,1732.11,USD
TK0002117,V001059,2026-02-17 18:30:00,ECONOMY,APP,119,116,3,346.5,41233.5,824.67,4948.02,45356.85,USD
TK0002118,V001059,2026-02-08 18:30:00,BUSINESS,AGENCIA,13,11,2,831.6,10810.8,216.22,1297.3,11891.88,USD
TK0002119,V001060,2026-02-16 19:45:00,ECONOMY,AGENCIA,149,143,6,75.6,11264.4,225.29,1351.73,12390.84,USD
TK0002120,V001060,2026-02-07 19:45:00,BUSINESS,WEB,14,14,0,181.44,2540.16,50.8,304.82,2794.18,USD
TK0002121,V001061,2026-02-15 20:00:00,ECONOMY,WEB,175,169,6,76.95,13466.25,269.32,1615.95,14812.88,USD
TK0002122,V001061,2026-02-06 20:00:00,BUSINESS,APP,6,5,1,184.68,1108.08,22.16,132.97,1218.89,USD
TK0002123,V001062,2026-02-14 21:15:00,ECONOMY,APP,128,122,6,214.02,27394.56,547.89,3287.35,30134.02,USD
TK0002124,V001062,2026-02-05 21:15:00,BUSINESS,AGENCIA,10,8,2,513.65,5136.5,410.92,616.38,5341.96,USD
TK0002125,V001063,2026-02-13 04:30:00,ECONOMY,AGENCIA,127,127,0,79.65,10115.55,809.24,1213.87,10520.18,USD
TK0002126,V001063,2026-02-04 04:30:00,BUSINESS,WEB,11,11,0,191.16,2102.76,42.06,252.33,2313.03,USD
TK0002127,V001064,2026-02-12 05:45:00,ECONOMY,WEB,150,150,0,81,12150,243,1458,13365,USD
TK0002128,V001064,2026-02-03 05:45:00,BUSINESS,APP,13,12,1,194.4,2527.2,50.54,303.26,2779.92,USD
TK0002129,V001065,2026-02-12 06:00:00,ECONOMY,APP,110,110,0,225.09,24759.9,495.2,2971.19,27235.89,USD
TK0002130,V001065,2026-02-03 06:00:00,BUSINESS,AGENCIA,7,5,2,540.22,3781.54,75.63,453.78,4159.69,USD
TK0002131,V001066,2026-02-11 07:15:00,ECONOMY,AGENCIA,0,0,0,83.7,0,0,0,0,USD
TK0002132,V001066,2026-02-02 07:15:00,BUSINESS,WEB,0,0,0,200.88,0,0,0,0,USD
TK0002133,V001067,2026-02-10 08:30:00,ECONOMY,WEB,158,155,3,67.5,10665,213.3,1279.8,11731.5,USD
TK0002134,V001067,2026-02-01 08:30:00,BUSINESS,APP,12,11,1,162,1944,38.88,233.28,2138.4,USD
TK0002135,V001068,2026-02-09 09:45:00,ECONOMY,APP,118,115,3,188.19,22206.42,444.13,2664.77,24427.06,USD
TK0002136,V001068,2026-01-31 09:45:00,BUSINESS,AGENCIA,14,12,2,451.66,6323.24,505.86,758.79,6576.17,USD
TK0002137,V001069,2026-02-08 10:00:00,ECONOMY,AGENCIA,146,140,6,70.2,10249.2,819.94,1229.9,10659.16,USD
TK0002138,V001069,2026-01-30 10:00:00,BUSINESS,WEB,5,5,0,168.48,842.4,16.85,101.09,926.64,USD
TK0002139,V001070,2026-02-07 11:15:00,ECONOMY,WEB,105,99,6,71.55,7512.75,150.25,901.53,8264.03,USD
TK0002140,V001070,2026-01-29 11:15:00,BUSINESS,APP,9,8,1,171.72,1545.48,30.91,185.46,1700.03,USD
TK0002141,V001071,2026-02-06 12:30:00,ECONOMY,APP,128,122,6,199.26,25505.28,510.11,3060.63,28055.8,USD
TK0002142,V001071,2026-01-28 12:30:00,BUSINESS,AGENCIA,13,11,2,478.22,6216.86,124.34,746.02,6838.54,USD
TK0002143,V001072,2026-02-05 13:45:00,ECONOMY,AGENCIA,145,145,0,346.5,50242.5,1004.85,6029.1,55266.75,USD
TK0002144,V001072,2026-03-13 13:45:00,BUSINESS,WEB,12,12,0,831.6,9979.2,199.58,1197.5,10977.12,USD
TK0002145,V001073,2026-02-04 14:00:00,ECONOMY,WEB,104,104,0,75.6,7862.4,157.25,943.49,8648.64,USD
TK0002146,V001073,2026-03-12 14:00:00,BUSINESS,APP,6,5,1,181.44,1088.64,21.77,130.64,1197.51,USD
TK0002147,V001074,2026-02-03 15:15:00,ECONOMY,APP,127,127,0,210.33,26711.91,534.24,3205.43,29383.1,USD
TK0002148,V001074,2026-03-11 15:15:00,BUSINESS,AGENCIA,10,8,2,504.79,5047.9,403.83,605.75,5249.82,USD
TK0002149,V001075,2026-02-02 16:30:00,ECONOMY,AGENCIA,176,173,3,365.4,64310.4,5144.83,7717.25,66882.82,USD
TK0002150,V001075,2026-03-10 16:30:00,BUSINESS,WEB,11,11,0,876.96,9646.56,192.93,1157.59,10611.22,USD
TK0002151,V001076,2026-02-01 17:45:00,ECONOMY,WEB,129,126,3,79.65,10274.85,205.5,1232.98,11302.33,USD
TK0002152,V001076,2026-03-09 17:45:00,BUSINESS,APP,15,14,1,191.16,2867.4,57.35,344.09,3154.14,USD
TK0002153,V001077,2026-01-31 18:00:00,ECONOMY,APP,156,153,3,221.4,34538.4,690.77,4144.61,37992.24,USD
TK0002154,V001077,2026-03-08 18:00:00,BUSINESS,AGENCIA,7,5,2,531.36,3719.52,74.39,446.34,4091.47,USD
TK0002155,V001078,2026-01-30 19:15:00,ECONOMY,AGENCIA,186,180,6,384.3,71479.8,1429.6,8577.58,78627.78,USD
TK0002156,V001078,2026-03-07 19:15:00,BUSINESS,WEB,8,8,0,922.32,7378.56,147.57,885.43,8116.42,USD
TK0002157,V001079,2026-01-30 20:30:00,ECONOMY,WEB,139,133,6,83.7,11634.3,232.69,1396.12,12797.73,USD
TK0002158,V001079,2026-03-07 20:30:00,BUSINESS,APP,12,11,1,200.88,2410.56,48.21,289.27,2651.62,USD
TK0002159,V001080,2026-01-29 21:45:00,ECONOMY,APP,165,159,6,184.5,30442.5,608.85,3653.1,33486.75,USD
TK0002160,V001080,2026-03-06 21:45:00,BUSINESS,AGENCIA,16,14,2,442.8,7084.8,566.78,850.18,7368.2,USD
TK0002161,V001081,2026-03-14 04:00:00,ECONOMY,AGENCIA,96,96,0,321.3,30844.8,2467.58,3701.38,32078.6,USD
TK0002162,V001081,2026-03-05 04:00:00,BUSINESS,WEB,5,5,0,771.12,3855.6,77.11,462.67,4241.16,USD
TK0002163,V001082,2026-03-13 05:15:00,ECONOMY,WEB,118,118,0,70.2,8283.6,165.67,994.03,9111.96,USD
TK0002164,V001082,2026-03-04 05:15:00,BUSINESS,APP,9,8,1,168.48,1516.32,30.33,181.96,1667.95,USD
TK0002165,V001083,2026-03-12 06:30:00,ECONOMY,APP,141,141,0,71.55,10088.55,201.77,1210.63,11097.41,USD
TK0002166,V001083,2026-03-03 06:30:00,BUSINESS,AGENCIA,13,11,2,171.72,2232.36,44.65,267.88,2455.59,USD
TK0002167,V001084,2026-03-11 07:45:00,ECONOMY,AGENCIA,104,101,3,340.2,35380.8,707.62,4245.7,38918.88,USD
TK0002168,V001084,2026-03-02 07:45:00,BUSINESS,WEB,12,12,0,816.48,9797.76,195.96,1175.73,10777.53,USD
TK0002169,V001085,2026-03-10 08:00:00,ECONOMY,WEB,127,124,3,74.25,9429.75,188.59,1131.57,10372.73,USD
TK0002170,V001085,2026-03-01 08:00:00,BUSINESS,APP,6,5,1,178.2,1069.2,21.38,128.3,1176.12,USD
TK0002171,V001086,2026-03-09 09:15:00,ECONOMY,APP,149,146,3,75.6,11264.4,225.29,1351.73,12390.84,USD
TK0002172,V001086,2026-02-28 09:15:00,BUSINESS,AGENCIA,10,8,2,181.44,1814.4,145.15,217.73,1886.98,USD
TK0002173,V001087,2026-03-08 10:30:00,ECONOMY,AGENCIA,114,108,6,210.33,23977.62,1918.21,2877.31,24936.72,USD
TK0002174,V001087,2026-02-27 10:30:00,BUSINESS,WEB,11,11,0,504.79,5552.69,111.05,666.32,6107.96,USD
TK0002175,V001088,2026-03-07 11:45:00,ECONOMY,WEB,137,131,6,78.3,10727.1,214.54,1287.25,11799.81,USD
TK0002176,V001088,2026-02-26 11:45:00,BUSINESS,APP,13,12,1,187.92,2442.96,48.86,293.16,2687.26,USD
TK0002177,V001089,2026-03-06 12:00:00,ECONOMY,APP,160,154,6,79.65,12744,254.88,1529.28,14018.4,USD
TK0002178,V001089,2026-02-25 12:00:00,BUSINESS,AGENCIA,7,5,2,191.16,1338.12,26.76,160.57,1471.93,USD
TK0002179,V001090,2026-03-05 13:15:00,ECONOMY,AGENCIA,113,113,0,221.4,25018.2,500.36,3002.18,27520.02,USD
TK0002180,V001090,2026-02-24 13:15:00,BUSINESS,WEB,8,8,0,531.36,4250.88,85.02,510.11,4675.97,USD
TK0002181,V001091,2026-03-04 14:30:00,ECONOMY,WEB,136,136,0,82.35,11199.6,223.99,1343.95,12319.56,USD
TK0002182,V001091,2026-02-23 14:30:00,BUSINESS,APP,12,11,1,197.64,2371.68,47.43,284.6,2608.85,USD
TK0002183,V001092,2026-03-03 15:45:00,ECONOMY,APP,159,159,0,83.7,13308.3,266.17,1597,14639.13,USD
TK0002184,V001092,2026-02-22 15:45:00,BUSINESS,AGENCIA,14,12,2,200.88,2812.32,224.99,337.48,2924.81,USD
TK0002185,V001093,2026-03-03 16:00:00,ECONOMY,AGENCIA,140,137,3,184.5,25830,2066.4,3099.6,26863.2,USD
TK0002186,V001093,2026-02-22 16:00:00,BUSINESS,WEB,5,5,0,442.8,2214,44.28,265.68,2435.4,USD
TK0002187,V001094,2026-03-02 17:15:00,ECONOMY,WEB,166,163,3,68.85,11429.1,228.58,1371.49,12572.01,USD
TK0002188,V001094,2026-02-21 17:15:00,BUSINESS,APP,9,8,1,165.24,1487.16,29.74,178.46,1635.88,USD
TK0002189,V001095,2026-03-01 18:30:00,ECONOMY,APP,119,116,3,70.2,8353.8,167.08,1002.46,9189.18,USD
TK0002190,V001095,2026-02-20 18:30:00,BUSINESS,AGENCIA,13,11,2,168.48,2190.24,43.8,262.83,2409.27,USD
TK0002191,V001096,2026-02-28 19:45:00,ECONOMY,AGENCIA,149,143,6,195.57,29139.93,582.8,3496.79,32053.92,USD
TK0002192,V001096,2026-02-19 19:45:00,BUSINESS,WEB,14,14,0,469.37,6571.18,131.42,788.54,7228.3,USD
TK0002193,V001097,2026-02-27 20:00:00,ECONOMY,WEB,175,169,6,340.2,59535,1190.7,7144.2,65488.5,USD
TK0002194,V001097,2026-02-18 20:00:00,BUSINESS,APP,6,5,1,816.48,4898.88,97.98,587.87,5388.77,USD
TK0002195,V001098,2026-02-26 21:15:00,ECONOMY,APP,128,122,6,74.25,9504,190.08,1140.48,10454.4,USD
TK0002196,V001098,2026-02-17 21:15:00,BUSINESS,AGENCIA,10,8,2,178.2,1782,142.56,213.84,1853.28,USD
TK0002197,V001099,2026-02-25 04:30:00,ECONOMY,AGENCIA,127,127,0,206.64,26243.28,2099.46,3149.19,27293.01,USD
TK0002198,V001099,2026-02-16 04:30:00,BUSINESS,WEB,11,11,0,495.94,5455.34,109.11,654.64,6000.87,USD
TK0002199,V001100,2026-02-24 05:45:00,ECONOMY,WEB,150,150,0,359.1,53865,1077.3,6463.8,59251.5,USD
TK0002200,V001100,2026-02-15 05:45:00,BUSINESS,APP,13,12,1,861.84,11203.92,224.08,1344.47,12324.31,USD
TK0002201,V001101,2026-02-23 06:00:00,ECONOMY,APP,110,110,0,78.3,8613,172.26,1033.56,9474.3,USD
TK0002202,V001101,2026-02-14 06:00:00,BUSINESS,AGENCIA,7,5,2,187.92,1315.44,26.31,157.85,1446.98,USD
TK0002203,V001102,2026-02-22 07:15:00,ECONOMY,AGENCIA,135,132,3,217.71,29390.85,587.82,3526.9,32329.93,USD
TK0002204,V001102,2026-02-13 07:15:00,BUSINESS,WEB,8,8,0,522.5,4180,83.6,501.6,4598,USD
TK0002205,V001103,2026-02-21 08:30:00,ECONOMY,WEB,158,155,3,378,59724,1194.48,7166.88,65696.4,USD
TK0002206,V001103,2026-02-12 08:30:00,BUSINESS,APP,12,11,1,907.2,10886.4,217.73,1306.37,11975.04,USD
TK0002207,V001104,2026-02-20 09:45:00,ECONOMY,APP,118,115,3,82.35,9717.3,194.35,1166.08,10689.03,USD
TK0002208,V001104,2026-02-11 09:45:00,BUSINESS,AGENCIA,14,12,2,197.64,2766.96,221.36,332.04,2877.64,USD
TK0002209,V001105,2026-02-19 10:00:00,ECONOMY,AGENCIA,146,140,6,228.78,33401.88,2672.15,4008.23,34737.96,USD
TK0002210,V001105,2026-02-10 10:00:00,BUSINESS,WEB,5,5,0,549.07,2745.35,54.91,329.44,3019.88,USD
TK0002211,V001106,2026-02-18 11:15:00,ECONOMY,WEB,105,99,6,315,33075,661.5,3969,36382.5,USD
TK0002212,V001106,2026-02-09 11:15:00,BUSINESS,APP,9,8,1,756,6804,136.08,816.48,7484.4,USD
TK0002213,V001107,2026-02-18 12:30:00,ECONOMY,APP,128,122,6,68.85,8812.8,176.26,1057.54,9694.08,USD
TK0002214,V001107,2026-02-09 12:30:00,BUSINESS,AGENCIA,13,11,2,165.24,2148.12,42.96,257.77,2362.93,USD
TK0002215,V001108,2026-02-17 13:45:00,ECONOMY,AGENCIA,145,145,0,70.2,10179,203.58,1221.48,11196.9,USD
TK0002216,V001108,2026-02-08 13:45:00,BUSINESS,WEB,12,12,0,168.48,2021.76,40.44,242.61,2223.93,USD
TK0002217,V001109,2026-02-16 14:00:00,ECONOMY,WEB,104,104,0,333.9,34725.6,694.51,4167.07,38198.16,USD
TK0002218,V001109,2026-02-07 14:00:00,BUSINESS,APP,6,5,1,801.36,4808.16,96.16,576.98,5288.98,USD
TK0002219,V001110,2026-02-15 15:15:00,ECONOMY,APP,127,127,0,72.9,9258.3,185.17,1111,10184.13,USD
TK0002220,V001110,2026-02-06 15:15:00,BUSINESS,AGENCIA,10,8,2,174.96,1749.6,139.97,209.95,1819.58,USD
TK0002221,V001111,2026-02-14 16:30:00,ECONOMY,AGENCIA,176,173,3,74.25,13068,1045.44,1568.16,13590.72,USD
TK0002222,V001111,2026-02-05 16:30:00,BUSINESS,WEB,11,11,0,178.2,1960.2,39.2,235.22,2156.22,USD
TK0002223,V001112,2026-02-13 17:45:00,ECONOMY,WEB,129,126,3,206.64,26656.56,533.13,3198.79,29322.22,USD
TK0002224,V001112,2026-02-04 17:45:00,BUSINESS,APP,15,14,1,495.94,7439.1,148.78,892.69,8183.01,USD
TK0002225,V001113,2026-02-12 18:00:00,ECONOMY,APP,156,153,3,76.95,12004.2,240.08,1440.5,13204.62,USD
TK0002226,V001113,2026-02-03 18:00:00,BUSINESS,AGENCIA,7,5,2,184.68,1292.76,25.86,155.13,1422.03,USD
TK0002227,V001114,2026-02-11 19:15:00,ECONOMY,AGENCIA,186,180,6,78.3,14563.8,291.28,1747.66,16020.18,USD
TK0002228,V001114,2026-02-02 19:15:00,BUSINESS,WEB,8,8,0,187.92,1503.36,30.07,180.4,1653.69,USD
TK0002229,V001115,2026-02-10 20:30:00,ECONOMY,WEB,139,133,6,217.71,30261.69,605.23,3631.4,33287.86,USD
TK0002230,V001115,2026-02-01 20:30:00,BUSINESS,APP,12,11,1,522.5,6270,125.4,752.4,6897,USD
TK0002231,V001116,2026-02-09 21:45:00,ECONOMY,APP,165,159,6,81,13365,267.3,1603.8,14701.5,USD
TK0002232,V001116,2026-01-31 21:45:00,BUSINESS,AGENCIA,16,14,2,194.4,3110.4,248.83,373.25,3234.82,USD
TK0002233,V001117,2026-02-08 04:00:00,ECONOMY,AGENCIA,96,96,0,82.35,7905.6,632.45,948.67,8221.82,USD
TK0002234,V001117,2026-03-16 04:00:00,BUSINESS,WEB,5,5,0,197.64,988.2,19.76,118.58,1087.02,USD
TK0002235,V001118,2026-02-07 05:15:00,ECONOMY,WEB,118,118,0,228.78,26996.04,539.92,3239.52,29695.64,USD
TK0002236,V001118,2026-03-15 05:15:00,BUSINESS,APP,9,8,1,549.07,4941.63,98.83,593,5435.8,USD
TK0002237,V001119,2026-02-06 06:30:00,ECONOMY,APP,141,141,0,67.5,9517.5,190.35,1142.1,10469.25,USD
TK0002238,V001119,2026-03-14 06:30:00,BUSINESS,AGENCIA,13,11,2,162,2106,42.12,252.72,2316.6,USD
TK0002239,V001120,2026-02-05 07:45:00,ECONOMY,AGENCIA,104,101,3,68.85,7160.4,143.21,859.25,7876.44,USD
TK0002240,V001120,2026-03-13 07:45:00,BUSINESS,WEB,12,12,0,165.24,1982.88,39.66,237.95,2181.17,USD
TK0002241,V001121,2026-02-05 08:00:00,ECONOMY,WEB,127,124,3,191.88,24368.76,487.38,2924.25,26805.63,USD
TK0002242,V001121,2026-03-13 08:00:00,BUSINESS,APP,6,5,1,460.51,2763.06,55.26,331.57,3039.37,USD
TK0002243,V001122,2026-02-04 09:15:00,ECONOMY,APP,149,146,3,333.9,49751.1,995.02,5970.13,54726.21,USD
TK0002244,V001122,2026-03-12 09:15:00,BUSINESS,AGENCIA,10,8,2,801.36,8013.6,641.09,961.63,8334.14,USD
TK0002245,V001123,2026-02-03 10:30:00,ECONOMY,AGENCIA,114,108,6,72.9,8310.6,664.85,997.27,8643.02,USD
TK0002246,V001123,2026-03-11 10:30:00,BUSINESS,WEB,11,11,0,174.96,1924.56,38.49,230.95,2117.02,USD
TK0002247,V001124,2026-02-02 11:45:00,ECONOMY,WEB,137,131,6,202.95,27804.15,556.08,3336.5,30584.57,USD
TK0002248,V001124,2026-03-10 11:45:00,BUSINESS,APP,13,12,1,487.08,6332.04,126.64,759.84,6965.24,USD
TK0002249,V001125,2026-02-01 12:00:00,ECONOMY,APP,160,154,6,352.8,56448,1128.96,6773.76,62092.8,USD
TK0002250,V001125,2026-03-09 12:00:00,BUSINESS,AGENCIA,7,5,2,846.72,5927.04,118.54,711.24,6519.74,USD
TK0002251,V001126,2026-03-17 13:15:00,ECONOMY,AGENCIA,113,113,0,76.95,8695.35,173.91,1043.44,9564.88,USD
TK0002252,V001126,2026-03-08 13:15:00,BUSINESS,WEB,8,8,0,184.68,1477.44,29.55,177.29,1625.18,USD
TK0002253,V001127,2026-03-16 14:30:00,ECONOMY,WEB,136,136,0,214.02,29106.72,582.13,3492.81,32017.4,USD
TK0002254,V001127,2026-03-07 14:30:00,BUSINESS,APP,12,11,1,513.65,6163.8,123.28,739.66,6780.18,USD
TK0002255,V001128,2026-03-15 15:45:00,ECONOMY,APP,159,159,0,371.7,59100.3,1182.01,7092.04,65010.33,USD
TK0002256,V001128,2026-03-06 15:45:00,BUSINESS,AGENCIA,14,12,2,892.08,12489.12,999.13,1498.69,12988.68,USD
TK0002257,V001129,2026-03-14 16:00:00,ECONOMY,AGENCIA,140,137,3,81,11340,907.2,1360.8,11793.6,USD
TK0002258,V001129,2026-03-05 16:00:00,BUSINESS,WEB,5,5,0,194.4,972,19.44,116.64,1069.2,USD
TK0002259,V001130,2026-03-13 17:15:00,ECONOMY,WEB,166,163,3,225.09,37364.94,747.3,4483.79,41101.43,USD
TK0002260,V001130,2026-03-04 17:15:00,BUSINESS,APP,9,8,1,540.22,4861.98,97.24,583.44,5348.18,USD
TK0002261,V001131,2026-03-12 18:30:00,ECONOMY,APP,119,116,3,390.6,46481.4,929.63,5577.77,51129.54,USD
TK0002262,V001131,2026-03-03 18:30:00,BUSINESS,AGENCIA,13,11,2,937.44,12186.72,243.73,1462.41,13405.4,USD
TK0002263,V001132,2026-03-11 19:45:00,ECONOMY,AGENCIA,149,143,6,67.5,10057.5,201.15,1206.9,11063.25,USD
TK0002264,V001132,2026-03-02 19:45:00,BUSINESS,WEB,14,14,0,162,2268,45.36,272.16,2494.8,USD
TK0002265,V001133,2026-03-10 20:00:00,ECONOMY,WEB,175,169,6,68.85,12048.75,240.97,1445.85,13253.63,USD
TK0002266,V001133,2026-03-01 20:00:00,BUSINESS,APP,6,5,1,165.24,991.44,19.83,118.97,1090.58,USD
TK0002267,V001134,2026-03-09 21:15:00,ECONOMY,APP,128,122,6,327.6,41932.8,838.66,5031.94,46126.08,USD
TK0002268,V001134,2026-02-28 21:15:00,BUSINESS,AGENCIA,10,8,2,786.24,7862.4,628.99,943.49,8176.9,USD
TK0002269,V001135,2026-03-09 04:30:00,ECONOMY,AGENCIA,127,127,0,71.55,9086.85,726.95,1090.42,9450.32,USD
TK0002270,V001135,2026-02-28 04:30:00,BUSINESS,WEB,11,11,0,171.72,1888.92,37.78,226.67,2077.81,USD
TK0002271,V001136,2026-03-08 05:45:00,ECONOMY,WEB,150,150,0,72.9,10935,218.7,1312.2,12028.5,USD
TK0002272,V001136,2026-02-27 05:45:00,BUSINESS,APP,13,12,1,174.96,2274.48,45.49,272.94,2501.93,USD
TK0002273,V001137,2026-03-07 06:00:00,ECONOMY,APP,0,0,0,202.95,0,0,0,0,USD
TK0002274,V001137,2026-02-26 06:00:00,BUSINESS,AGENCIA,0,0,0,487.08,0,0,0,0,USD
TK0002275,V001138,2026-03-06 07:15:00,ECONOMY,AGENCIA,135,132,3,75.6,10206,204.12,1224.72,11226.6,USD
TK0002276,V001138,2026-02-25 07:15:00,BUSINESS,WEB,8,8,0,181.44,1451.52,29.03,174.18,1596.67,USD
TK0002277,V001139,2026-03-05 08:30:00,ECONOMY,WEB,158,155,3,76.95,12158.1,243.16,1458.97,13373.91,USD
TK0002278,V001139,2026-02-24 08:30:00,BUSINESS,APP,12,11,1,184.68,2216.16,44.32,265.94,2437.78,USD
TK0002279,V001140,2026-03-04 09:45:00,ECONOMY,APP,118,115,3,214.02,25254.36,505.09,3030.52,27779.79,USD
TK0002280,V001140,2026-02-23 09:45:00,BUSINESS,AGENCIA,14,12,2,513.65,7191.1,575.29,862.93,7478.74,USD
TK0002281,V001141,2026-03-03 10:00:00,ECONOMY,AGENCIA,146,140,6,79.65,11628.9,930.31,1395.47,12094.06,USD
TK0002282,V001141,2026-02-22 10:00:00,BUSINESS,WEB,5,5,0,191.16,955.8,19.12,114.7,1051.38,USD
TK0002283,V001142,2026-03-02 11:15:00,ECONOMY,WEB,105,99,6,81,8505,170.1,1020.6,9355.5,USD
TK0002284,V001142,2026-02-21 11:15:00,BUSINESS,APP,9,8,1,194.4,1749.6,34.99,209.95,1924.56,USD
TK0002285,V001143,2026-03-01 12:30:00,ECONOMY,APP,128,122,6,225.09,28811.52,576.23,3457.38,31692.67,USD
TK0002286,V001143,2026-02-20 12:30:00,BUSINESS,AGENCIA,13,11,2,540.22,7022.86,140.46,842.74,7725.14,USD
TK0002287,V001144,2026-02-28 13:45:00,ECONOMY,AGENCIA,145,145,0,83.7,12136.5,242.73,1456.38,13350.15,USD
TK0002288,V001144,2026-02-19 13:45:00,BUSINESS,WEB,12,12,0,200.88,2410.56,48.21,289.27,2651.62,USD
TK0002289,V001145,2026-02-27 14:00:00,ECONOMY,WEB,104,104,0,67.5,7020,140.4,842.4,7722,USD
TK0002290,V001145,2026-02-18 14:00:00,BUSINESS,APP,6,5,1,162,972,19.44,116.64,1069.2,USD
TK0002291,V001146,2026-02-26 15:15:00,ECONOMY,APP,127,127,0,188.19,23900.13,478,2868.02,26290.15,USD
TK0002292,V001146,2026-02-17 15:15:00,BUSINESS,AGENCIA,10,8,2,451.66,4516.6,361.33,541.99,4697.26,USD
TK0002293,V001147,2026-02-25 16:30:00,ECONOMY,AGENCIA,176,173,3,70.2,12355.2,988.42,1482.62,12849.4,USD
TK0002294,V001147,2026-02-16 16:30:00,BUSINESS,WEB,11,11,0,168.48,1853.28,37.07,222.39,2038.6,USD
TK0002295,V001148,2026-02-24 17:45:00,ECONOMY,WEB,129,126,3,71.55,9229.95,184.6,1107.59,10152.94,USD
TK0002296,V001148,2026-02-15 17:45:00,BUSINESS,APP,15,14,1,171.72,2575.8,51.52,309.1,2833.38,USD
TK0002297,V001149,2026-02-24 18:00:00,ECONOMY,APP,156,153,3,199.26,31084.56,621.69,3730.15,34193.02,USD
TK0002298,V001149,2026-02-15 18:00:00,BUSINESS,AGENCIA,7,5,2,478.22,3347.54,66.95,401.7,3682.29,USD
TK0002299,V001150,2026-02-23 19:15:00,ECONOMY,AGENCIA,186,180,6,346.5,64449,1288.98,7733.88,70893.9,USD
TK0002300,V001150,2026-02-14 19:15:00,BUSINESS,WEB,8,8,0,831.6,6652.8,133.06,798.34,7318.08,USD
TK0002301,V001151,2026-02-22 20:30:00,ECONOMY,WEB,139,133,6,75.6,10508.4,210.17,1261.01,11559.24,USD
TK0002302,V001151,2026-02-13 20:30:00,BUSINESS,APP,12,11,1,181.44,2177.28,43.55,261.27,2395,USD
TK0002303,V001152,2026-02-21 21:45:00,ECONOMY,APP,165,159,6,210.33,34704.45,694.09,4164.53,38174.89,USD
TK0002304,V001152,2026-02-12 21:45:00,BUSINESS,AGENCIA,16,14,2,504.79,8076.64,646.13,969.2,8399.71,USD
TK0002305,V001153,2026-02-20 04:00:00,ECONOMY,AGENCIA,96,96,0,365.4,35078.4,2806.27,4209.41,36481.54,USD
TK0002306,V001153,2026-02-11 04:00:00,BUSINESS,WEB,5,5,0,876.96,4384.8,87.7,526.18,4823.28,USD
TK0002307,V001154,2026-02-19 05:15:00,ECONOMY,WEB,118,118,0,79.65,9398.7,187.97,1127.84,10338.57,USD
TK0002308,V001154,2026-02-10 05:15:00,BUSINESS,APP,9,8,1,191.16,1720.44,34.41,206.45,1892.48,USD
TK0002309,V001155,2026-02-18 06:30:00,ECONOMY,APP,141,141,0,221.4,31217.4,624.35,3746.09,34339.14,USD
TK0002310,V001155,2026-02-09 06:30:00,BUSINESS,AGENCIA,13,11,2,531.36,6907.68,138.15,828.92,7598.45,USD
TK0002311,V001156,2026-02-17 07:45:00,ECONOMY,AGENCIA,104,101,3,384.3,39967.2,799.34,4796.06,43963.92,USD
TK0002312,V001156,2026-02-08 07:45:00,BUSINESS,WEB,12,12,0,922.32,11067.84,221.36,1328.14,12174.62,USD
TK0002313,V001157,2026-02-16 08:00:00,ECONOMY,WEB,127,124,3,83.7,10629.9,212.6,1275.59,11692.89,USD
TK0002314,V001157,2026-02-07 08:00:00,BUSINESS,APP,6,5,1,200.88,1205.28,24.11,144.63,1325.8,USD
TK0002315,V001158,2026-02-15 09:15:00,ECONOMY,APP,149,146,3,67.5,10057.5,201.15,1206.9,11063.25,USD
TK0002316,V001158,2026-02-06 09:15:00,BUSINESS,AGENCIA,10,8,2,162,1620,129.6,194.4,1684.8,USD
TK0002317,V001159,2026-02-14 10:30:00,ECONOMY,AGENCIA,114,108,6,321.3,36628.2,2930.26,4395.38,38093.32,USD
TK0002318,V001159,2026-02-05 10:30:00,BUSINESS,WEB,11,11,0,771.12,8482.32,169.65,1017.88,9330.55,USD
TK0002319,V001160,2026-02-13 11:45:00,ECONOMY,WEB,137,131,6,70.2,9617.4,192.35,1154.09,10579.14,USD
TK0002320,V001160,2026-02-04 11:45:00,BUSINESS,APP,13,12,1,168.48,2190.24,43.8,262.83,2409.27,USD
TK0002321,V001161,2026-02-12 12:00:00,ECONOMY,APP,160,154,6,71.55,11448,228.96,1373.76,12592.8,USD
TK0002322,V001161,2026-02-03 12:00:00,BUSINESS,AGENCIA,7,5,2,171.72,1202.04,24.04,144.24,1322.24,USD
TK0002323,V001162,2026-02-11 13:15:00,ECONOMY,AGENCIA,113,113,0,199.26,22516.38,450.33,2701.97,24768.02,USD
TK0002324,V001162,2026-03-19 13:15:00,BUSINESS,WEB,8,8,0,478.22,3825.76,76.52,459.09,4208.33,USD
TK0002325,V001163,2026-02-11 14:30:00,ECONOMY,WEB,136,136,0,74.25,10098,201.96,1211.76,11107.8,USD
TK0002326,V001163,2026-03-19 14:30:00,BUSINESS,APP,12,11,1,178.2,2138.4,42.77,256.61,2352.24,USD
TK0002327,V001164,2026-02-10 15:45:00,ECONOMY,APP,159,159,0,75.6,12020.4,240.41,1442.45,13222.44,USD
TK0002328,V001164,2026-03-18 15:45:00,BUSINESS,AGENCIA,14,12,2,181.44,2540.16,203.21,304.82,2641.77,USD
TK0002329,V001165,2026-02-09 16:00:00,ECONOMY,AGENCIA,140,137,3,210.33,29446.2,2355.7,3533.54,30624.04,USD
TK0002330,V001165,2026-03-17 16:00:00,BUSINESS,WEB,5,5,0,504.79,2523.95,50.48,302.87,2776.34,USD
TK0002331,V001166,2026-02-08 17:15:00,ECONOMY,WEB,166,163,3,78.3,12997.8,259.96,1559.74,14297.58,USD
TK0002332,V001166,2026-03-16 17:15:00,BUSINESS,APP,9,8,1,187.92,1691.28,33.83,202.95,1860.4,USD
TK0002333,V001167,2026-02-07 18:30:00,ECONOMY,APP,119,116,3,79.65,9478.35,189.57,1137.4,10426.18,USD
TK0002334,V001167,2026-03-15 18:30:00,BUSINESS,AGENCIA,13,11,2,191.16,2485.08,49.7,298.21,2733.59,USD
TK0002335,V001168,2026-02-06 19:45:00,ECONOMY,AGENCIA,149,143,6,221.4,32988.6,659.77,3958.63,36287.46,USD
TK0002336,V001168,2026-03-14 19:45:00,BUSINESS,WEB,14,14,0,531.36,7439.04,148.78,892.68,8182.94,USD
TK0002337,V001169,2026-02-05 20:00:00,ECONOMY,WEB,175,169,6,82.35,14411.25,288.23,1729.35,15852.37,USD
TK0002338,V001169,2026-03-13 20:00:00,BUSINESS,APP,6,5,1,197.64,1185.84,23.72,142.3,1304.42,USD
TK0002339,V001170,2026-02-04 21:15:00,ECONOMY,APP,128,122,6,83.7,10713.6,214.27,1285.63,11784.96,USD
TK0002340,V001170,2026-03-12 21:15:00,BUSINESS,AGENCIA,10,8,2,200.88,2008.8,160.7,241.06,2089.16,USD
TK0002341,V001171,2026-03-20 04:30:00,ECONOMY,AGENCIA,127,127,0,184.5,23431.5,1874.52,2811.78,24368.76,USD
TK0002342,V001171,2026-03-11 04:30:00,BUSINESS,WEB,11,11,0,442.8,4870.8,97.42,584.5,5357.88,USD
TK0002343,V001172,2026-03-19 05:45:00,ECONOMY,WEB,150,150,0,68.85,10327.5,206.55,1239.3,11360.25,USD
TK0002344,V001172,2026-03-10 05:45:00,BUSINESS,APP,13,12,1,165.24,2148.12,42.96,257.77,2362.93,USD
TK0002345,V001173,2026-03-18 06:00:00,ECONOMY,APP,110,110,0,70.2,7722,154.44,926.64,8494.2,USD
TK0002346,V001173,2026-03-09 06:00:00,BUSINESS,AGENCIA,7,5,2,168.48,1179.36,23.59,141.52,1297.29,USD
TK0002347,V001174,2026-03-17 07:15:00,ECONOMY,AGENCIA,135,132,3,195.57,26401.95,528.04,3168.23,29042.14,USD
TK0002348,V001174,2026-03-08 07:15:00,BUSINESS,WEB,8,8,0,469.37,3754.96,75.1,450.6,4130.46,USD
TK0002349,V001175,2026-03-16 08:30:00,ECONOMY,WEB,158,155,3,340.2,53751.6,1075.03,6450.19,59126.76,USD
TK0002350,V001175,2026-03-07 08:30:00,BUSINESS,APP,12,11,1,816.48,9797.76,195.96,1175.73,10777.53,USD
TK0002351,V001176,2026-03-15 09:45:00,ECONOMY,APP,118,115,3,74.25,8761.5,175.23,1051.38,9637.65,USD
TK0002352,V001176,2026-03-06 09:45:00,BUSINESS,AGENCIA,14,12,2,178.2,2494.8,199.58,299.38,2594.6,USD
TK0002353,V001177,2026-03-15 10:00:00,ECONOMY,AGENCIA,146,140,6,206.64,30169.44,2413.56,3620.33,31376.21,USD
TK0002354,V001177,2026-03-06 10:00:00,BUSINESS,WEB,5,5,0,495.94,2479.7,49.59,297.56,2727.67,USD
TK0002355,V001178,2026-03-14 11:15:00,ECONOMY,WEB,105,99,6,359.1,37705.5,754.11,4524.66,41476.05,USD
TK0002356,V001178,2026-03-05 11:15:00,BUSINESS,APP,9,8,1,861.84,7756.56,155.13,930.79,8532.22,USD
TK0002357,V001179,2026-03-13 12:30:00,ECONOMY,APP,128,122,6,78.3,10022.4,200.45,1202.69,11024.64,USD
TK0002358,V001179,2026-03-04 12:30:00,BUSINESS,AGENCIA,13,11,2,187.92,2442.96,48.86,293.16,2687.26,USD
TK0002359,V001180,2026-03-12 13:45:00,ECONOMY,AGENCIA,145,145,0,217.71,31567.95,631.36,3788.15,34724.74,USD
TK0002360,V001180,2026-03-03 13:45:00,BUSINESS,WEB,12,12,0,522.5,6270,125.4,752.4,6897,USD
TK0002361,V001181,2026-03-11 14:00:00,ECONOMY,WEB,104,104,0,378,39312,786.24,4717.44,43243.2,USD
TK0002362,V001181,2026-03-02 14:00:00,BUSINESS,APP,6,5,1,907.2,5443.2,108.86,653.18,5987.52,USD
TK0002363,V001182,2026-03-10 15:15:00,ECONOMY,APP,127,127,0,82.35,10458.45,209.17,1255.01,11504.29,USD
TK0002364,V001182,2026-03-01 15:15:00,BUSINESS,AGENCIA,10,8,2,197.64,1976.4,158.11,237.17,2055.46,USD
TK0002365,V001183,2026-03-09 16:30:00,ECONOMY,AGENCIA,176,173,3,83.7,14731.2,1178.5,1767.74,15320.44,USD
TK0002366,V001183,2026-02-28 16:30:00,BUSINESS,WEB,11,11,0,200.88,2209.68,44.19,265.16,2430.65,USD
TK0002367,V001184,2026-03-08 17:45:00,ECONOMY,WEB,129,126,3,315,40635,812.7,4876.2,44698.5,USD
TK0002368,V001184,2026-02-27 17:45:00,BUSINESS,APP,15,14,1,756,11340,226.8,1360.8,12474,USD
TK0002369,V001185,2026-03-07 18:00:00,ECONOMY,APP,156,153,3,68.85,10740.6,214.81,1288.87,11814.66,USD
TK0002370,V001185,2026-02-26 18:00:00,BUSINESS,AGENCIA,7,5,2,165.24,1156.68,23.13,138.8,1272.35,USD
TK0002371,V001186,2026-03-06 19:15:00,ECONOMY,AGENCIA,186,180,6,70.2,13057.2,261.14,1566.86,14362.92,USD
TK0002372,V001186,2026-02-25 19:15:00,BUSINESS,WEB,8,8,0,168.48,1347.84,26.96,161.74,1482.62,USD
TK0002373,V001187,2026-03-05 20:30:00,ECONOMY,WEB,139,133,6,195.57,27184.23,543.68,3262.11,29902.66,USD
TK0002374,V001187,2026-02-24 20:30:00,BUSINESS,APP,12,11,1,469.37,5632.44,112.65,675.89,6195.68,USD
TK0002375,V001188,2026-03-04 21:45:00,ECONOMY,APP,165,159,6,72.9,12028.5,240.57,1443.42,13231.35,USD
TK0002376,V001188,2026-02-23 21:45:00,BUSINESS,AGENCIA,16,14,2,174.96,2799.36,223.95,335.92,2911.33,USD
TK0002377,V001189,2026-03-03 04:00:00,ECONOMY,AGENCIA,96,96,0,74.25,7128,570.24,855.36,7413.12,USD
TK0002378,V001189,2026-02-22 04:00:00,BUSINESS,WEB,5,5,0,178.2,891,17.82,106.92,980.1,USD
TK0002379,V001190,2026-03-02 05:15:00,ECONOMY,WEB,118,118,0,206.64,24383.52,487.67,2926.02,26821.87,USD
TK0002380,V001190,2026-02-21 05:15:00,BUSINESS,APP,9,8,1,495.94,4463.46,89.27,535.62,4909.81,USD
TK0002381,V001191,2026-03-02 06:30:00,ECONOMY,APP,141,141,0,76.95,10849.95,217,1301.99,11934.94,USD
TK0002382,V001191,2026-02-21 06:30:00,BUSINESS,AGENCIA,13,11,2,184.68,2400.84,48.02,288.1,2640.92,USD
TK0002383,V001192,2026-03-01 07:45:00,ECONOMY,AGENCIA,104,101,3,78.3,8143.2,162.86,977.18,8957.52,USD
TK0002384,V001192,2026-02-20 07:45:00,BUSINESS,WEB,12,12,0,187.92,2255.04,45.1,270.6,2480.54,USD
TK0002385,V001193,2026-02-28 08:00:00,ECONOMY,WEB,127,124,3,217.71,27649.17,552.98,3317.9,30414.09,USD
TK0002386,V001193,2026-02-19 08:00:00,BUSINESS,APP,6,5,1,522.5,3135,62.7,376.2,3448.5,USD
TK0002387,V001194,2026-02-27 09:15:00,ECONOMY,APP,149,146,3,81,12069,241.38,1448.28,13275.9,USD
TK0002388,V001194,2026-02-18 09:15:00,BUSINESS,AGENCIA,10,8,2,194.4,1944,155.52,233.28,2021.76,USD
TK0002389,V001195,2026-02-26 10:30:00,ECONOMY,AGENCIA,114,108,6,82.35,9387.9,751.03,1126.55,9763.42,USD
TK0002390,V001195,2026-02-17 10:30:00,BUSINESS,WEB,11,11,0,197.64,2174.04,43.48,260.88,2391.44,USD
TK0002391,V001196,2026-02-25 11:45:00,ECONOMY,WEB,137,131,6,228.78,31342.86,626.86,3761.14,34477.14,USD
TK0002392,V001196,2026-02-16 11:45:00,BUSINESS,APP,13,12,1,549.07,7137.91,142.76,856.55,7851.7,USD
TK0002393,V001197,2026-02-24 12:00:00,ECONOMY,APP,160,154,6,67.5,10800,216,1296,11880,USD
TK0002394,V001197,2026-02-15 12:00:00,BUSINESS,AGENCIA,7,5,2,162,1134,22.68,136.08,1247.4,USD
TK0002395,V001198,2026-02-23 13:15:00,ECONOMY,AGENCIA,113,113,0,68.85,7780.05,155.6,933.61,8558.06,USD
TK0002396,V001198,2026-02-14 13:15:00,BUSINESS,WEB,8,8,0,165.24,1321.92,26.44,158.63,1454.11,USD
TK0002397,V001199,2026-02-22 14:30:00,ECONOMY,WEB,136,136,0,191.88,26095.68,521.91,3131.48,28705.25,USD
TK0002398,V001199,2026-02-13 14:30:00,BUSINESS,APP,12,11,1,460.51,5526.12,110.52,663.13,6078.73,USD
TK0002399,V001200,2026-02-21 15:45:00,ECONOMY,APP,159,159,0,333.9,53090.1,1061.8,6370.81,58399.11,USD
TK0002400,V001200,2026-02-12 15:45:00,BUSINESS,AGENCIA,14,12,2,801.36,11219.04,897.52,1346.28,11667.8,USD
